fecha,isla,adr_eur,revpar_eur,grado_ocupacion,month,quarter,is_high_season,revpar_eur_lag_1,revpar_eur_lag_3,revpar_eur_lag_12,revpar_eur_rolling_mean_3,revpar_eur_rolling_mean_12,revpar_eur_yoy_growth
2009-01-01,El Hierro,56.55,8.38,0.1481874447391689,1,1,1,,,,,,
2009-02-01,El Hierro,58.57,10.26,0.1751750042683967,2,1,1,8.38,,,,,
2009-03-01,El Hierro,60.87,11.75,0.1930343354690323,3,1,1,10.26,,,,,
2009-04-01,El Hierro,66.49,21.12,0.3176417506391939,4,2,0,11.75,8.38,,10.13,,
2009-05-01,El Hierro,67.4,14.48,0.2148367952522255,5,2,0,21.12,10.26,,14.376666666666665,,
2009-06-01,El Hierro,66.82,17.95,0.2686321460640526,6,2,0,14.48,11.75,,15.783333333333333,,
2009-07-01,El Hierro,63.51,42.42,0.6679263108171942,7,3,0,17.95,21.12,,17.849999999999998,,
2009-08-01,El Hierro,68.64,36.1,0.5259324009324009,8,3,1,42.42,14.48,,24.95,,
2009-09-01,El Hierro,67.71,25.61,0.3782306897060996,9,3,1,36.1,17.95,,32.156666666666666,,
2009-10-01,El Hierro,58.97,31.45,0.5333220281499067,10,4,0,25.61,42.42,,34.71,,
2009-11-01,El Hierro,56.06,30.67,0.5470924009989298,11,4,1,31.45,36.1,,31.05333333333333,,
2009-12-01,El Hierro,58.77,14.05,0.2390675514718393,12,4,0,30.67,25.61,,29.24333333333333,,
2010-01-01,El Hierro,61.07,15.15,0.2480759783854593,1,1,1,14.05,31.45,8.38,25.389999999999997,22.02,0.8078758949880667
2010-02-01,El Hierro,58.51,14.84,0.2536318578020851,2,1,1,15.15,30.67,10.26,19.956666666666663,22.584166666666665,0.4463937621832359
2010-03-01,El Hierro,56.82,22.77,0.4007391763463569,3,1,1,14.84,14.05,11.75,14.679999999999998,22.965833333333336,0.9378723404255319
2010-04-01,El Hierro,55.96,17.73,0.3168334524660471,4,2,0,22.77,15.15,21.12,17.586666666666662,23.88416666666667,-0.16051136363636365
2010-05-01,El Hierro,57.12,12.16,0.2128851540616246,5,2,0,17.73,14.84,14.48,18.446666666666665,23.60166666666667,-0.16022099447513813
2010-06-01,El Hierro,54.3,16.48,0.3034990791896869,6,2,0,12.16,22.77,17.95,17.55333333333333,23.40833333333333,-0.08189415041782724
2010-07-01,El Hierro,59.96,18.27,0.3047031354236157,7,3,0,16.48,17.73,42.42,15.456666666666665,23.285833333333333,-0.5693069306930694
2010-08-01,El Hierro,59.71,32.87,0.5504940545972199,8,3,1,18.27,12.16,36.1,15.636666666666665,21.27333333333333,-0.08947368421052643
2010-09-01,El Hierro,58.67,25.46,0.4339526163286177,9,3,1,32.87,16.48,25.61,22.540000000000003,21.004166666666666,-0.005857087075361132
2010-10-01,El Hierro,56.86,22.56,0.3967639817094618,10,4,0,25.46,18.27,31.45,25.53333333333333,20.991666666666667,-0.282670906200318
2010-11-01,El Hierro,54.87,17.89,0.3260433752505923,11,4,1,22.56,32.87,30.67,26.963333333333335,20.250833333333333,-0.416693837626345
2010-12-01,El Hierro,62.03,21.8,0.3514428502337579,12,4,0,17.89,25.46,14.05,21.97,19.18583333333333,0.5516014234875445
2011-01-01,El Hierro,63.69,18.26,0.2867012089810017,1,1,1,21.8,22.56,15.15,20.749999999999996,19.831666666666667,0.20528052805280536
2011-02-01,El Hierro,57.5,23.58,0.4100869565217391,2,1,1,18.26,17.89,14.84,19.316666666666666,20.090833333333332,0.5889487870619945
2011-03-01,El Hierro,61.94,29.52,0.4765902486277042,3,1,1,23.58,21.8,22.77,21.213333333333335,20.819166666666668,0.2964426877470356
2011-04-01,El Hierro,60.53,20.86,0.344622501239055,4,2,0,29.52,18.26,17.73,23.78666666666666,21.381666666666664,0.1765369430344049
2011-05-01,El Hierro,58.34,18.0,0.3085361672951662,5,2,0,20.86,23.58,12.16,24.653333333333325,21.642500000000002,0.48026315789473684
2011-06-01,El Hierro,58.66,16.45,0.2804295942720763,6,2,0,18.0,29.52,16.48,22.793333333333333,22.129166666666663,-0.0018203883495146321
2011-07-01,El Hierro,58.2,24.69,0.4242268041237113,7,3,0,16.45,20.86,18.27,18.436666666666664,22.126666666666665,0.35139573070607566
2011-08-01,El Hierro,67.7,41.86,0.6183161004431315,8,3,1,24.69,18.0,32.87,19.71333333333333,22.661666666666665,0.27350167325829033
2011-09-01,El Hierro,62.75,25.09,0.3998406374501992,9,3,1,41.86,16.45,25.46,27.666666666666668,23.410833333333333,-0.01453260015710923
2011-10-01,El Hierro,66.85,25.34,0.3790575916230367,10,4,0,25.09,24.69,22.56,30.546666666666663,23.38,0.12322695035460998
2011-11-01,El Hierro,60.52,18.02,0.297752808988764,11,4,1,25.34,41.86,17.89,30.763333333333332,23.611666666666665,0.007266629401900447
2011-12-01,El Hierro,53.33,16.38,0.307144196512282,12,4,0,18.02,25.09,21.8,22.816666666666663,23.622500000000002,-0.24862385321100924
2012-01-01,El Hierro,48.49,15.49,0.3194473087234481,1,1,1,16.38,25.34,18.26,19.91333333333333,23.170833333333334,-0.15169769989047105
2012-02-01,El Hierro,59.32,21.36,0.3600809170600135,2,1,1,15.49,18.02,23.58,16.63,22.94,-0.09414758269720097
2012-03-01,El Hierro,56.34,24.36,0.4323748668796592,3,1,1,21.36,16.38,29.52,17.74333333333333,22.755,-0.17479674796747968
2012-04-01,El Hierro,56.17,22.09,0.3932704290546555,4,2,0,24.36,15.49,20.86,20.403333333333332,22.325000000000003,0.05896452540747845
2012-05-01,El Hierro,56.13,16.96,0.3021557099590237,5,2,0,22.09,21.36,18.0,22.603333333333335,22.4275,-0.057777777777777733
2012-06-01,El Hierro,60.04,19.31,0.3216189207195203,6,2,0,16.96,24.36,16.45,21.136666666666667,22.340833333333332,0.17386018237082065
2012-07-01,El Hierro,72.09,14.95,0.2073796643085032,7,3,0,19.31,22.09,24.69,19.453333333333333,22.579166666666666,-0.3944916970433374
2012-08-01,El Hierro,66.42,22.3,0.335742246311352,8,3,1,14.95,16.96,41.86,17.07333333333333,21.767500000000002,-0.4672718585762064
2012-09-01,El Hierro,67.07,14.04,0.2093335321306098,9,3,1,22.3,19.31,25.09,18.853333333333328,20.1375,-0.44041450777202074
2012-10-01,El Hierro,49.68,17.9,0.3603059581320451,10,4,0,14.04,14.95,25.34,17.096666666666664,19.216666666666665,-0.29360694554064726
2012-11-01,El Hierro,65.27,15.16,0.2322659721158265,11,4,1,17.9,22.3,18.02,18.08,18.596666666666668,-0.15871254162042173
2012-12-01,El Hierro,70.54,17.11,0.2425574142330592,12,4,0,15.16,14.04,16.38,15.699999999999998,18.358333333333334,0.044566544566544596
2013-01-01,El Hierro,55.01,13.11,0.2383203053990183,1,1,1,17.11,17.9,15.49,16.723333333333333,18.419166666666666,-0.15364751452550038
2013-02-01,El Hierro,54.23,21.91,0.4040199151761018,2,1,1,13.11,15.16,21.36,15.126666666666665,18.220833333333335,0.02574906367041202
2013-03-01,El Hierro,66.47,23.86,0.3589589288400782,3,1,1,21.91,17.11,24.36,17.376666666666665,18.266666666666666,-0.020525451559934318
2013-04-01,El Hierro,52.95,9.32,0.1760151085930122,4,2,0,23.86,13.11,22.09,19.626666666666665,18.224999999999998,-0.5780896333182435
2013-05-01,El Hierro,51.7,11.18,0.216247582205029,5,2,0,9.32,21.91,16.96,18.363333333333333,17.160833333333333,-0.3408018867924529
2013-06-01,El Hierro,51.92,14.09,0.2713790446841294,6,2,0,11.18,23.86,19.31,14.786666666666664,16.679166666666664,-0.27032625582599684
2013-07-01,El Hierro,60.58,22.3,0.3681082865632222,7,3,0,14.09,9.32,14.95,11.53,16.244166666666665,0.4916387959866222
2013-08-01,El Hierro,60.12,22.43,0.3730871590153027,8,3,1,22.3,11.18,22.3,15.856666666666664,16.856666666666666,0.005829596412556009
2013-09-01,El Hierro,60.21,16.29,0.2705530642750373,9,3,1,22.43,14.09,14.04,19.606666666666666,16.8675,0.16025641025641027
2013-10-01,El Hierro,59.41,22.18,0.3733378219155024,10,4,0,16.29,22.3,17.9,20.34,17.055,0.23910614525139673
2013-11-01,El Hierro,54.84,18.71,0.3411743253099927,11,4,1,22.18,22.43,15.16,20.299999999999997,17.411666666666665,0.23416886543535625
2013-12-01,El Hierro,54.41,18.72,0.3440544017643815,12,4,0,18.71,16.29,17.11,19.06,17.7075,0.09409701928696666
2014-01-01,El Hierro,53.74,18.5,0.3442500930405657,1,1,1,18.72,22.18,13.11,19.87,17.84166666666667,0.41113653699466063
2014-02-01,El Hierro,51.92,23.25,0.447804314329738,2,1,1,18.5,18.71,21.91,18.64333333333333,18.290833333333335,0.06115928799634869
2014-03-01,El Hierro,55.66,19.22,0.3453108156665468,3,1,1,23.25,18.72,23.86,20.156666666666666,18.4025,-0.19446772841575863
2014-04-01,El Hierro,60.15,16.56,0.2753117206982543,4,2,0,19.22,18.5,9.32,20.323333333333334,18.015833333333333,0.7768240343347638
2014-05-01,El Hierro,62.31,16.86,0.2705825710158883,5,2,0,16.56,23.25,11.18,19.676666666666666,18.619166666666665,0.5080500894454383
2014-06-01,El Hierro,56.78,20.53,0.3615709756956675,6,2,0,16.86,19.22,14.09,17.546666666666663,19.0925,0.45706174591909166
2014-07-01,El Hierro,59.06,25.06,0.4243142566881137,7,3,0,20.53,16.56,22.3,17.98333333333333,19.629166666666666,0.12376681614349766
2014-08-01,El Hierro,66.15,35.6,0.5381708238851096,8,3,1,25.06,16.86,22.43,20.816666666666666,19.859166666666667,0.5871600534997772
2014-09-01,El Hierro,62.88,22.26,0.3540076335877862,9,3,1,35.6,20.53,16.29,27.063333333333333,20.956666666666667,0.36648250460405174
2014-10-01,El Hierro,54.88,20.04,0.3651603498542273,10,4,0,22.26,25.06,22.18,27.64,21.454166666666666,-0.0964833183047791
2014-11-01,El Hierro,55.45,26.66,0.4807935076645626,11,4,1,20.04,35.6,18.71,25.966666666666665,21.275833333333335,0.424906467129877
2014-12-01,El Hierro,53.67,17.33,0.3228991988075274,12,4,0,26.66,22.26,18.72,22.986666666666665,21.938333333333333,-0.0742521367521368
2015-01-01,El Hierro,54.81,18.41,0.3358876117496807,1,1,1,17.33,20.04,18.5,21.34333333333333,21.8225,-0.004864864864864857
2015-02-01,El Hierro,53.1,17.66,0.3325800376647834,2,1,1,18.41,26.66,23.25,20.799999999999997,21.814999999999998,-0.2404301075268817
2015-03-01,El Hierro,57.0,19.57,0.3433333333333333,3,1,1,17.66,17.33,19.22,17.799999999999997,21.349166666666665,0.018210197710718076
2015-04-01,El Hierro,54.75,16.05,0.2931506849315068,4,2,0,19.57,18.41,16.56,18.546666666666663,21.378333333333334,-0.030797101449275246
2015-05-01,El Hierro,57.39,13.89,0.2420282279142707,5,2,0,16.05,17.66,16.86,17.759999999999994,21.335833333333337,-0.17615658362989317
2015-06-01,El Hierro,54.64,10.32,0.1888726207906295,6,2,0,13.89,19.57,20.53,16.50333333333333,21.088333333333335,-0.49732099366780325
2015-07-01,El Hierro,58.24,17.04,0.2925824175824175,7,3,0,10.32,16.05,25.06,13.419999999999996,20.2375,-0.3200319233838787
2015-08-01,El Hierro,66.74,36.47,0.5464489062031765,8,3,1,17.04,13.89,35.6,13.749999999999998,19.569166666666664,0.024438202247190937
2015-09-01,El Hierro,62.15,22.06,0.3549477071600965,9,3,1,36.47,10.32,22.26,21.276666666666664,19.641666666666666,-0.008984725965858168
2015-10-01,El Hierro,60.92,20.25,0.332403151674327,10,4,0,22.06,17.04,20.04,25.189999999999998,19.625,0.010479041916167707
2015-11-01,El Hierro,58.08,21.35,0.3675964187327824,11,4,1,20.25,36.47,26.66,26.259999999999994,19.6425,-0.19917479369842456
2015-12-01,El Hierro,65.19,23.72,0.3638594876514803,12,4,0,21.35,22.06,17.33,21.22,19.2,0.36872475476053096
2016-01-01,El Hierro,58.93,24.73,0.4196504327167826,1,1,1,23.72,20.25,18.41,21.77333333333333,19.7325,0.3432916892992939
2016-02-01,El Hierro,55.76,22.16,0.3974175035868006,2,1,1,24.73,21.35,17.66,23.266666666666662,20.25916666666667,0.2548131370328426
2016-03-01,El Hierro,62.34,28.55,0.457972409367982,3,1,1,22.16,23.72,19.57,23.536666666666665,20.634166666666665,0.45886561062851305
2016-04-01,El Hierro,56.86,15.44,0.2715441435103763,4,2,0,28.55,24.73,16.05,25.146666666666665,21.382499999999997,-0.03800623052959509
2016-05-01,El Hierro,56.98,19.42,0.3408213408213408,5,2,0,15.44,22.16,13.89,22.049999999999997,21.331666666666667,0.39812814974802024
2016-06-01,El Hierro,58.4,17.93,0.3070205479452055,6,2,0,19.42,28.55,10.32,21.136666666666667,21.7925,0.7374031007751938
2016-07-01,El Hierro,60.34,25.05,0.4151474975140868,7,3,0,17.93,15.44,17.04,17.596666666666664,22.426666666666666,0.47007042253521136
2016-08-01,El Hierro,66.76,38.88,0.5823846614739365,8,3,1,25.05,19.42,36.47,20.799999999999997,23.094166666666666,0.06608171099533874
2016-09-01,El Hierro,59.23,26.68,0.4504474084079014,9,3,1,38.88,17.93,22.06,27.286666666666665,23.294999999999998,0.2094288304623754
2016-10-01,El Hierro,57.17,25.66,0.4488368025188035,10,4,0,26.68,25.05,20.25,30.203333333333333,23.679999999999996,0.2671604938271605
2016-11-01,El Hierro,56.04,25.27,0.4509279086366881,11,4,1,25.66,38.88,21.35,30.406666666666666,24.13083333333333,0.1836065573770491
2016-12-01,El Hierro,61.92,21.17,0.3418927648578811,12,4,0,25.27,26.68,23.72,25.869999999999994,24.4575,-0.10750421585160191
2017-01-01,El Hierro,62.13,25.38,0.4084983099951714,1,1,1,21.17,25.66,24.73,24.03333333333333,24.245,0.026283865750101033
2017-02-01,El Hierro,59.8,27.23,0.4553511705685619,2,1,1,25.38,25.27,22.16,23.939999999999998,24.299166666666668,0.22879061371841156
2017-03-01,El Hierro,57.4,25.94,0.4519163763066202,3,1,1,27.23,21.17,28.55,24.593333333333334,24.721666666666668,-0.09141856392294219
2017-04-01,El Hierro,58.39,24.12,0.4130844322657989,4,2,0,25.94,25.38,15.44,26.183333333333334,24.504166666666666,0.5621761658031089
2017-05-01,El Hierro,55.9,20.86,0.3731663685152057,5,2,0,24.12,27.23,19.42,25.763333333333332,25.227500000000003,0.07415036045314097
2017-06-01,El Hierro,60.52,20.85,0.3445142101784534,6,2,0,20.86,25.94,17.93,23.639999999999997,25.347499999999997,0.16285554935861693
2017-07-01,El Hierro,62.85,36.3,0.5775656324582338,7,3,0,20.85,24.12,25.05,21.94333333333333,25.590833333333336,0.44910179640718545
2017-08-01,El Hierro,71.31,49.68,0.6966764829617165,8,3,1,36.3,20.86,38.88,26.00333333333333,26.528333333333336,0.2777777777777777
2017-09-01,El Hierro,61.71,37.19,0.6026575919624048,9,3,1,49.68,20.85,26.68,35.60999999999999,27.428333333333338,0.39392803598200893
2017-10-01,El Hierro,61.53,30.79,0.5004063058670567,10,4,0,37.19,36.3,25.66,41.056666666666665,28.30416666666667,0.19992205767731874
2017-11-01,El Hierro,63.81,31.54,0.494279893433631,11,4,1,30.79,49.68,25.27,39.21999999999999,28.731666666666666,0.24812030075187969
2017-12-01,El Hierro,70.47,31.74,0.4504044274159216,12,4,0,31.54,37.19,21.17,33.173333333333325,29.254166666666666,0.4992914501653281
2018-01-01,El Hierro,63.09,31.8,0.5040418449833571,1,1,1,31.74,30.79,25.38,31.356666666666666,30.135,0.2529550827423169
2018-02-01,El Hierro,64.28,39.97,0.6218108276291225,2,1,1,31.8,31.54,27.23,31.693333333333328,30.67,0.467866323907455
2018-03-01,El Hierro,66.87,36.91,0.5519665021683864,3,1,1,39.97,31.74,25.94,34.50333333333333,31.731666666666666,0.4228989976869697
2018-04-01,El Hierro,60.3,28.31,0.469485903814262,4,2,0,36.91,31.8,24.12,36.22666666666667,32.645833333333336,0.17371475953565496
2018-05-01,El Hierro,56.36,26.41,0.4685947480482612,5,2,0,28.31,39.97,20.86,35.06333333333333,32.995,0.2660594439117929
2018-06-01,El Hierro,57.22,28.33,0.4951066060817896,6,2,0,26.41,36.91,20.85,30.543333333333333,33.4575,0.3587529976019183
2018-07-01,El Hierro,61.09,36.81,0.6025536094287117,7,3,0,28.33,28.31,36.3,27.683333333333326,34.08083333333333,0.014049586776859645
2018-08-01,El Hierro,72.99,55.46,0.7598301137142075,8,3,1,36.81,26.41,49.68,30.516666666666662,34.12333333333333,0.11634460547504027
2018-09-01,El Hierro,59.42,35.66,0.6001346348030965,9,3,1,55.46,28.33,37.19,40.199999999999996,34.605,-0.04114009142242542
2018-10-01,El Hierro,61.72,31.98,0.518146467919637,10,4,0,35.66,36.81,30.79,42.64333333333333,34.4775,0.03864891198441057
2018-11-01,El Hierro,62.37,37.42,0.5999679333012666,11,4,1,31.98,55.46,31.54,41.03333333333333,34.57666666666667,0.1864299302473051
2018-12-01,El Hierro,66.72,30.46,0.4565347721822542,12,4,0,37.42,35.66,31.74,35.019999999999996,35.06666666666667,-0.04032766225582853
2019-01-01,El Hierro,60.89,33.3,0.5468878305140417,1,1,1,30.46,31.98,31.8,33.28666666666667,34.96,0.0471698113207546
2019-02-01,El Hierro,62.27,34.96,0.5614260478561105,2,1,1,33.3,37.42,39.97,33.72666666666667,35.085,-0.12534400800600445
2019-03-01,El Hierro,62.96,36.55,0.5805273189326556,3,1,1,34.96,30.46,36.91,32.906666666666666,34.6675,-0.009753454348415048
2019-04-01,El Hierro,63.96,28.92,0.4521575984990619,4,2,0,36.55,33.3,28.31,34.93666666666666,34.637499999999996,0.021547156481808653
2019-05-01,El Hierro,55.84,24.51,0.438932664756447,5,2,0,28.92,34.96,26.41,33.47666666666667,34.68833333333333,-0.07194244604316541
2019-06-01,El Hierro,56.31,25.19,0.4473450541644468,6,2,0,24.51,36.55,28.33,29.993333333333336,34.53,-0.1108365690081185
2019-07-01,El Hierro,65.34,38.49,0.5890725436179982,7,3,0,25.19,28.92,36.81,26.206666666666667,34.26833333333334,0.04563977180114098
2019-08-01,El Hierro,74.73,56.47,0.7556536866051117,8,3,1,38.49,24.51,55.46,29.396666666666665,34.40833333333334,0.018211323476379337
2019-09-01,El Hierro,64.67,42.3,0.6540899953610638,9,3,1,56.47,25.19,35.66,40.050000000000004,34.4925,0.18620302860347732
2019-10-01,El Hierro,64.46,40.75,0.6321749922432517,10,4,0,42.3,38.49,31.98,45.75333333333333,35.045833333333334,0.2742338961851157
2019-11-01,El Hierro,62.12,43.17,0.6949452672247264,11,4,1,40.75,56.47,37.42,46.50666666666666,35.776666666666664,0.15366114377338322
2019-12-01,El Hierro,70.31,35.59,0.5061868866448586,12,4,0,43.17,42.3,30.46,42.07333333333333,36.255833333333335,0.16841759684832575
2020-01-01,El Hierro,70.73,41.4,0.5853244733493567,1,1,1,35.59,40.75,33.3,39.83666666666667,36.68333333333333,0.2432432432432433
2020-02-01,El Hierro,65.83,43.96,0.6677806471213733,2,1,1,41.4,43.17,34.96,40.053333333333335,37.358333333333334,0.2574370709382151
2020-03-01,El Hierro,61.11,19.3,0.3158239240713467,3,1,1,43.96,35.59,36.55,40.31666666666667,38.108333333333334,-0.4719562243502051
2020-07-01,El Hierro,71.3,52.93,0.7423562412342216,7,3,0,19.3,41.4,28.92,34.88666666666667,36.670833333333334,0.8302213001383125
2020-08-01,El Hierro,84.92,68.42,0.805699481865285,8,3,1,52.93,43.96,24.51,38.73,38.67166666666667,1.7915136678906567
2020-09-01,El Hierro,70.88,45.31,0.6392494356659143,9,3,1,68.42,19.3,25.19,46.883333333333326,42.33083333333334,0.7987296546248511
2020-10-01,El Hierro,63.69,39.2,0.6154812372428954,10,4,0,45.31,52.93,38.49,55.553333333333335,44.0075,0.018446349701221117
2020-11-01,El Hierro,59.81,28.84,0.4821936131081759,11,4,1,39.2,68.42,56.47,50.97666666666667,44.06666666666666,-0.48928634673277843
2020-12-01,El Hierro,65.73,26.2,0.3986003347025711,12,4,0,28.84,45.31,42.3,37.78333333333334,41.76416666666667,-0.3806146572104019
2021-01-01,El Hierro,72.27,18.34,0.2537705825377058,1,1,1,26.2,39.2,40.75,31.413333333333338,40.4225,-0.5499386503067485
2021-02-01,El Hierro,58.71,16.9,0.28785556123318,2,1,1,18.34,28.84,43.17,24.459999999999997,38.555,-0.6085244382673153
2021-03-01,El Hierro,72.33,32.29,0.4464261025853726,3,1,1,16.9,26.2,35.59,20.48,36.365833333333335,-0.09272267490868233
2021-04-01,El Hierro,72.09,26.18,0.3631571646552919,4,2,0,32.29,18.34,41.4,22.51,36.090833333333336,-0.3676328502415459
2021-05-01,El Hierro,70.71,35.45,0.5013435157686326,5,2,0,26.18,16.9,43.96,25.12333333333333,34.8225,-0.19358507734303906
2021-06-01,El Hierro,71.35,45.17,0.6330763840224247,6,2,0,35.45,32.29,19.3,31.30666666666667,34.11333333333334,1.3404145077720206
2021-07-01,El Hierro,89.92,66.2,0.7362099644128114,7,3,0,45.17,26.18,52.93,35.6,36.26916666666667,0.25070848290194603
2021-08-01,El Hierro,102.93,80.85,0.785485281259108,8,3,1,66.2,35.45,68.42,48.94,37.375,0.18167202572347255
2021-09-01,El Hierro,83.17,67.14,0.8072622339785981,9,3,1,80.85,45.17,45.31,64.07333333333332,38.410833333333336,0.4817920988744206
2021-10-01,El Hierro,98.59,64.75,0.6567603205193224,10,4,0,67.14,66.2,39.2,71.39666666666666,40.23,0.6517857142857142
2021-11-01,El Hierro,92.2,57.76,0.62646420824295,11,4,1,64.75,80.85,28.84,70.91333333333333,42.35916666666667,1.0027739251040222
2021-12-01,El Hierro,75.13,42.49,0.5655530413949156,12,4,0,57.76,67.14,26.2,63.21666666666666,44.76916666666667,0.6217557251908398
2022-01-01,El Hierro,96.97,46.1,0.4754047643601114,1,1,1,42.49,64.75,18.34,55.0,46.126666666666665,1.5136314067611778
2022-02-01,El Hierro,78.99,42.41,0.5369034054943663,2,1,1,46.1,57.76,16.9,48.78333333333333,48.44,1.5094674556213017
2022-03-01,El Hierro,87.83,49.83,0.5673460093362177,3,1,1,42.41,42.49,32.29,43.666666666666664,50.56583333333333,0.5432022297925054
2022-04-01,El Hierro,86.05,42.96,0.4992446252178966,4,2,0,49.83,46.1,26.18,46.11333333333332,52.0275,0.6409472880061116
2022-05-01,El Hierro,79.87,39.88,0.4993113809941154,5,2,0,42.96,42.41,35.45,45.06666666666666,53.42583333333334,0.1249647390691114
2022-06-01,El Hierro,74.75,37.69,0.5042140468227424,6,2,0,39.88,49.83,45.17,44.22333333333333,53.79500000000001,-0.16559663493469126
2022-07-01,El Hierro,84.14,50.7,0.6025671499881151,7,3,0,37.69,42.96,66.2,40.176666666666655,53.17166666666666,-0.23413897280966767
2022-08-01,El Hierro,94.21,69.31,0.7356968474684217,8,3,1,50.7,39.88,80.85,42.75666666666666,51.879999999999995,-0.14273345701917123
2022-09-01,El Hierro,74.78,46.76,0.6253008825889275,9,3,1,69.31,37.69,67.14,52.56666666666666,50.91833333333333,-0.30354483169496577
2022-10-01,El Hierro,76.28,45.06,0.5907184058730991,10,4,0,46.76,50.7,64.75,55.589999999999996,49.220000000000006,-0.30409266409266406
2022-11-01,El Hierro,80.8,52.92,0.654950495049505,11,4,1,45.06,69.31,57.76,53.70999999999999,47.57916666666667,-0.08379501385041545
2022-12-01,El Hierro,91.17,43.52,0.4773500054842602,12,4,0,52.92,46.76,42.49,48.24666666666666,47.17583333333334,0.02424099788185458
2023-01-01,El Hierro,87.62,36.29,0.4141748459255877,1,1,1,43.52,45.06,46.1,47.166666666666664,47.26166666666668,-0.21279826464208249
2023-02-01,El Hierro,62.05,35.12,0.5659951651893634,2,1,1,36.29,52.92,42.41,44.24333333333333,46.44416666666667,-0.1718934213628861
2023-03-01,El Hierro,51.55,28.22,0.5474296799224054,3,1,1,35.12,43.52,49.83,38.30999999999999,45.83666666666667,-0.4336744932771423
2023-04-01,El Hierro,57.24,32.79,0.5728511530398323,4,2,0,28.22,36.29,42.96,33.20999999999999,44.035833333333336,-0.23673184357541904
2023-05-01,El Hierro,72.19,26.27,0.363900817287713,5,2,0,32.79,35.12,39.88,32.04333333333332,43.18833333333333,-0.3412738214643932
2023-06-01,El Hierro,67.47,30.15,0.4468652734548688,6,2,0,26.27,28.22,37.69,29.093333333333323,42.05416666666667,-0.2000530644733351
2023-07-01,El Hierro,79.33,44.71,0.5635951090381949,7,3,0,30.15,32.79,50.7,29.736666666666654,41.42583333333334,-0.1181459566074951
2023-08-01,El Hierro,87.5,54.94,0.6278857142857143,8,3,1,44.71,26.27,69.31,33.70999999999999,40.92666666666667,-0.20732938969845627
2023-09-01,El Hierro,81.89,51.03,0.6231530101355477,9,3,1,54.94,30.15,46.76,43.26666666666666,39.729166666666664,0.09131736526946115
2023-10-01,El Hierro,69.13,40.01,0.5787646463185303,10,4,0,51.03,44.71,45.06,50.22666666666666,40.085,-0.1120727918331115
2023-11-01,El Hierro,72.31,46.2,0.6389157792836399,11,4,1,40.01,54.94,52.92,48.65999999999999,39.66416666666667,-0.12698412698412695
2023-12-01,El Hierro,72.85,35.78,0.4911461908030199,12,4,0,46.2,51.03,43.52,45.74666666666666,39.104166666666664,-0.1778492647058824
2024-01-01,El Hierro,79.44,37.9,0.4770896273917422,1,1,1,35.78,40.01,36.29,40.66333333333333,38.45916666666667,0.044364838798567084
2024-02-01,El Hierro,83.6,43.8,0.5239234449760766,2,1,1,37.9,46.2,35.12,39.96,38.593333333333334,0.24715261958997722
2024-03-01,El Hierro,74.9,47.54,0.634712950600801,3,1,1,43.8,35.78,28.22,39.15999999999999,39.31666666666666,0.6846208362863218
2024-04-01,El Hierro,77.31,38.36,0.4961841935066615,4,2,0,47.54,37.9,32.79,43.079999999999984,40.92666666666667,0.16986886245806648
2024-05-01,El Hierro,72.82,33.46,0.4594891513320517,5,2,0,38.36,43.8,26.27,43.23333333333333,41.39083333333333,0.2736962314427104
2024-06-01,El Hierro,76.88,31.82,0.413891779396462,6,2,0,33.46,47.54,30.15,39.78666666666666,41.99,0.0553897180762853
2024-07-01,El Hierro,76.28,44.25,0.5800996329313057,7,3,0,31.82,38.36,44.71,34.54666666666666,42.12916666666666,-0.010288526056810576
2024-08-01,El Hierro,90.7,60.24,0.664167585446527,8,3,1,44.25,33.46,54.94,36.50999999999999,42.09083333333333,0.09646887513651264
2024-09-01,El Hierro,85.26,52.66,0.6176401595120806,9,3,1,60.24,31.82,51.03,45.43666666666666,42.5325,0.03194199490495778
2024-10-01,El Hierro,77.25,50.5,0.6537216828478964,10,4,0,52.66,44.25,40.01,52.383333333333326,42.66833333333333,0.26218445388652845
2024-11-01,El Hierro,84.53,56.0,0.6624866911155802,11,4,1,50.5,60.24,46.2,54.46666666666666,43.5425,0.21212121212121204
2024-12-01,El Hierro,88.82,41.99,0.4727538842603018,12,4,0,56.0,52.66,35.78,53.05333333333332,44.35916666666666,0.17356064840693128
2025-01-01,El Hierro,91.31,54.57,0.5976344321542,1,1,1,41.99,50.5,37.9,49.49666666666666,44.876666666666665,0.43984168865435364
2025-02-01,El Hierro,91.54,51.51,0.5627048284902774,2,1,1,54.57,56.0,43.8,50.853333333333325,46.265833333333326,0.176027397260274
2025-03-01,El Hierro,93.53,55.77,0.5962792686838447,3,1,1,51.51,41.99,47.54,49.35666666666666,46.90833333333333,0.17311737484223821
2025-04-01,El Hierro,90.44,55.45,0.6131136665192394,4,2,0,55.77,54.57,38.36,53.94999999999999,47.594166666666666,0.44551616266944744
2025-05-01,El Hierro,87.69,40.2,0.4584331166609648,5,2,0,55.45,51.51,33.46,54.24333333333333,49.01833333333334,0.2014345487148835
2025-06-01,El Hierro,78.84,40.71,0.5163622526636226,6,2,0,40.2,55.77,31.82,50.47333333333333,49.580000000000005,0.2793840351979887
2025-07-01,El Hierro,102.14,55.59,0.5442529860975133,7,3,0,40.71,55.45,44.25,45.453333333333326,50.32083333333333,0.25627118644067803
2025-08-01,El Hierro,102.62,81.64,0.7955564217501462,8,3,1,55.59,40.2,60.24,45.5,51.265833333333326,0.35524568393094286
2025-09-01,El Hierro,82.74,61.14,0.7389412617839014,9,3,1,81.64,40.71,52.66,59.31333333333333,53.04916666666666,0.16103304215723518
2025-10-01,El Hierro,92.82,48.49,0.5224089635854342,10,4,0,61.14,55.59,50.5,66.12333333333332,53.755833333333335,-0.03980198019801976
2025-11-01,El Hierro,91.57,63.06,0.6886534891339959,11,4,1,48.49,81.64,56.0,63.75666666666666,53.58833333333334,0.1260714285714286
2025-12-01,El Hierro,91.93,48.75,0.5302947895137604,12,4,0,63.06,61.14,41.99,57.56333333333333,54.17666666666667,0.16099071207430335
2026-01-01,El Hierro,94.64,58.51,0.6182375316990701,1,1,1,48.75,48.49,54.57,53.43333333333333,54.74,0.07220084295400399
2009-01-01,Fuerteventura,64.37,43.74,0.6795090880845114,1,1,1,,,,,,
2009-02-01,Fuerteventura,68.1,38.55,0.566079295154185,2,1,1,43.74,,,,,
2009-03-01,Fuerteventura,66.08,49.2,0.7445520581113803,3,1,1,38.55,,,,,
2009-04-01,Fuerteventura,72.53,48.32,0.6662070867227354,4,2,0,49.2,43.74,,43.830000000000005,,
2009-05-01,Fuerteventura,61.76,38.1,0.6169041450777203,5,2,0,48.32,38.55,,45.35666666666666,,
2009-06-01,Fuerteventura,63.18,43.88,0.6945235834124723,6,2,0,38.1,49.2,,45.20666666666667,,
2009-07-01,Fuerteventura,68.87,53.13,0.7714534630463191,7,3,0,43.88,48.32,,43.43333333333334,,
2009-08-01,Fuerteventura,82.26,67.79,0.8240943350352541,8,3,1,53.13,38.1,,45.03666666666667,,
2009-09-01,Fuerteventura,66.78,50.99,0.7635519616651693,9,3,1,67.79,43.88,,54.93333333333334,,
2009-10-01,Fuerteventura,65.59,44.45,0.6776947705442903,10,4,0,50.99,53.13,,57.303333333333335,,
2009-11-01,Fuerteventura,66.85,47.25,0.7068062827225131,11,4,1,44.45,67.79,,54.410000000000004,,
2009-12-01,Fuerteventura,71.41,43.3,0.6063576529897773,12,4,0,47.25,50.99,,47.56333333333333,,
2010-01-01,Fuerteventura,63.65,41.22,0.647604084838963,1,1,1,43.3,44.45,43.74,44.99999999999999,47.39166666666667,-0.057613168724279906
2010-02-01,Fuerteventura,59.81,35.97,0.6014044474168199,2,1,1,41.22,47.25,38.55,43.923333333333325,47.181666666666665,-0.06692607003891046
2010-03-01,Fuerteventura,63.4,43.83,0.6913249211356467,3,1,1,35.97,43.3,49.2,40.16333333333333,46.96666666666667,-0.10914634146341472
2010-04-01,Fuerteventura,58.52,37.16,0.6349965823650033,4,2,0,43.83,41.22,48.32,40.339999999999996,46.51916666666667,-0.23096026490066232
2010-05-01,Fuerteventura,61.24,38.16,0.6231221423905943,5,2,0,37.16,35.97,38.1,38.98666666666666,45.58916666666667,0.0015748031496061723
2010-06-01,Fuerteventura,57.08,41.28,0.7231955150665733,6,2,0,38.16,43.83,43.88,39.71666666666666,45.594166666666666,-0.05925250683682774
2010-07-01,Fuerteventura,62.38,49.92,0.8002564924655338,7,3,0,41.28,37.16,53.13,38.86666666666667,45.3775,-0.060417843026538694
2010-08-01,Fuerteventura,68.42,59.96,0.8763519438760596,8,3,1,49.92,38.16,67.79,43.12,45.10999999999999,-0.1155037616167577
2010-09-01,Fuerteventura,64.61,53.65,0.8303668162823092,9,3,1,59.96,41.28,50.99,50.38666666666666,44.4575,0.052167091586585536
2010-10-01,Fuerteventura,63.37,48.97,0.7727631371311346,10,4,0,53.65,49.92,44.45,54.51,44.67916666666667,0.10168728908886379
2010-11-01,Fuerteventura,60.71,48.73,0.8026684236534343,11,4,1,48.97,59.96,47.25,54.19333333333333,45.05583333333333,0.03132275132275126
2010-12-01,Fuerteventura,68.38,42.98,0.6285463585843813,12,4,0,48.73,53.65,43.3,50.44999999999999,45.17916666666667,-0.007390300230946889
2011-01-01,Fuerteventura,62.86,47.1,0.7492841234489341,1,1,1,42.98,48.97,41.22,46.893333333333324,45.1525,0.14264919941775844
2011-02-01,Fuerteventura,63.78,54.71,0.8577924114142365,2,1,1,47.1,48.73,35.97,46.26999999999999,45.642500000000005,0.5209897136502641
2011-03-01,Fuerteventura,64.88,59.87,0.9227805178791616,3,1,1,54.71,42.98,43.83,48.26333333333333,47.20416666666667,0.36595938854665755
2011-04-01,Fuerteventura,66.4,54.63,0.8227409638554216,4,2,0,59.87,47.1,37.16,53.89333333333334,48.54083333333333,0.4701291711517763
2011-05-01,Fuerteventura,62.79,41.64,0.6631629240324892,5,2,0,54.63,54.71,38.16,56.40333333333333,49.99666666666667,0.09119496855345924
2011-06-01,Fuerteventura,61.01,47.86,0.7844615636780856,6,2,0,41.64,59.87,41.28,52.04666666666666,50.28666666666667,0.1593992248062015
2011-07-01,Fuerteventura,65.34,63.24,0.9678604224058768,7,3,0,47.86,54.63,49.92,48.04333333333333,50.835,0.2668269230769231
2011-08-01,Fuerteventura,73.4,68.03,0.9268392370572206,8,3,1,63.24,41.64,59.96,50.913333333333334,51.945,0.13458972648432288
2011-09-01,Fuerteventura,67.66,57.95,0.8564883239728053,9,3,1,68.03,47.86,53.65,59.71,52.6175,0.08014911463187334
2011-10-01,Fuerteventura,68.02,53.61,0.7881505439576596,10,4,0,57.95,63.24,48.97,63.07333333333333,52.975833333333334,0.09475188891157853
2011-11-01,Fuerteventura,65.13,55.81,0.8569015814524797,11,4,1,53.61,68.03,48.73,59.86333333333332,53.36249999999999,0.14529037553868265
2011-12-01,Fuerteventura,68.02,46.02,0.6765657159658924,12,4,0,55.81,57.95,42.98,55.79,53.95250000000001,0.070730572359237
2012-01-01,Fuerteventura,65.8,50.33,0.7648936170212766,1,1,1,46.02,53.61,47.1,51.81333333333333,54.20583333333334,0.0685774946921443
2012-02-01,Fuerteventura,68.17,52.51,0.7702801818981957,2,1,1,50.33,55.81,54.71,50.72,54.475,-0.04021202705172734
2012-03-01,Fuerteventura,67.22,55.41,0.8243082415947635,3,1,1,52.51,46.02,59.87,49.62,54.291666666666664,-0.07449473860030068
2012-04-01,Fuerteventura,69.08,50.06,0.7246670526925304,4,2,0,55.41,50.33,54.63,52.74999999999999,53.919999999999995,-0.08365367014460919
2012-05-01,Fuerteventura,60.36,38.34,0.6351888667992048,5,2,0,50.06,52.51,41.64,52.66,53.53916666666667,-0.07925072046109503
2012-06-01,Fuerteventura,67.76,44.78,0.66086186540732,6,2,0,38.34,55.41,47.86,47.93666666666667,53.26416666666666,-0.06435436690346842
2012-07-01,Fuerteventura,73.82,54.08,0.7325927932809537,7,3,0,44.78,50.06,63.24,44.39333333333334,53.00749999999999,-0.14484503478810884
2012-08-01,Fuerteventura,76.82,55.94,0.7281957823483468,8,3,1,54.08,38.34,68.03,45.73333333333333,52.244166666666665,-0.17771571365574015
2012-09-01,Fuerteventura,66.25,52.46,0.7918490566037736,9,3,1,55.94,44.78,57.95,51.599999999999994,51.23666666666667,-0.09473684210526319
2012-10-01,Fuerteventura,73.97,55.69,0.7528727862647019,10,4,0,52.46,54.08,53.61,54.16,50.77916666666667,0.03879873157992909
2012-11-01,Fuerteventura,70.46,54.23,0.7696565427192734,11,4,1,55.69,55.94,55.81,54.69666666666666,50.95250000000001,-0.028310338648987732
2012-12-01,Fuerteventura,68.89,46.54,0.6755697488750181,12,4,0,54.23,52.46,46.02,54.126666666666665,50.82083333333333,0.0112994350282485
2013-01-01,Fuerteventura,67.76,48.82,0.7204840613931522,1,1,1,46.54,55.69,50.33,52.15333333333333,50.86416666666667,-0.03000198688654874
2013-02-01,Fuerteventura,66.99,48.65,0.7262277951933125,2,1,1,48.82,54.23,52.51,49.86333333333332,50.73833333333332,-0.07350980765568463
2013-03-01,Fuerteventura,68.85,51.15,0.7429193899782135,3,1,1,48.65,46.54,55.41,48.00333333333333,50.416666666666664,-0.07688142934488357
2013-04-01,Fuerteventura,66.89,44.57,0.6663178352519061,4,2,0,51.15,48.82,50.06,49.54,50.06166666666667,-0.10966839792249304
2013-05-01,Fuerteventura,63.54,41.55,0.653918791312559,5,2,0,44.57,48.65,38.34,48.12333333333333,49.604166666666664,0.08372456964006243
2013-06-01,Fuerteventura,61.35,41.97,0.6841075794621027,6,2,0,41.55,51.15,44.78,45.75666666666666,49.87166666666667,-0.06275122822688706
2013-07-01,Fuerteventura,64.62,47.32,0.7322810275456515,7,3,0,41.97,44.57,54.08,42.69666666666666,49.63750000000001,-0.12499999999999997
2013-08-01,Fuerteventura,78.92,67.54,0.8558033451596554,8,3,1,47.32,41.55,55.94,43.61333333333332,49.07416666666666,0.20736503396496261
2013-09-01,Fuerteventura,71.73,60.86,0.8484595009061758,9,3,1,67.54,41.97,52.46,52.276666666666664,50.04083333333333,0.16012199771254287
2013-10-01,Fuerteventura,76.2,60.23,0.7904199475065616,10,4,0,60.86,47.32,55.69,58.57333333333332,50.740833333333335,0.08152271502962828
2013-11-01,Fuerteventura,70.69,58.72,0.8306691186872259,11,4,1,60.23,67.54,54.23,62.876666666666665,51.119166666666665,0.08279550064539927
2013-12-01,Fuerteventura,72.23,53.95,0.7469195625086529,12,4,0,58.72,60.86,46.54,59.93666666666666,51.49333333333333,0.15921787709497215
2014-01-01,Fuerteventura,66.02,52.67,0.7977885489245684,1,1,1,53.95,60.23,48.82,57.633333333333326,52.11083333333334,0.07886112249078249
2014-02-01,Fuerteventura,65.56,49.87,0.7606772422208663,2,1,1,52.67,58.72,48.65,55.11333333333334,52.431666666666665,0.02507708119218908
2014-03-01,Fuerteventura,67.92,54.42,0.8012367491166078,3,1,1,49.87,53.95,51.15,52.163333333333334,52.53333333333333,0.0639296187683285
2014-04-01,Fuerteventura,69.8,52.21,0.7479942693409742,4,2,0,54.42,52.67,44.57,52.31999999999999,52.80583333333333,0.17141575050482388
2014-05-01,Fuerteventura,65.52,46.04,0.7026862026862027,5,2,0,52.21,49.87,41.55,52.166666666666664,53.4425,0.1080625752105897
2014-06-01,Fuerteventura,66.0,51.05,0.7734848484848484,6,2,0,46.04,54.42,41.97,50.88999999999999,53.81666666666666,0.21634500833928993
2014-07-01,Fuerteventura,74.87,60.98,0.8144784292774141,7,3,0,51.05,52.21,47.32,49.76666666666666,54.57333333333333,0.28867286559594246
2014-08-01,Fuerteventura,79.24,72.07,0.9095153962645128,8,3,1,60.98,46.04,67.54,52.68999999999999,55.711666666666666,0.06707136511696753
2014-09-01,Fuerteventura,71.52,64.79,0.9059004474272933,9,3,1,72.07,51.05,60.86,61.36666666666665,56.08916666666667,0.0645744331252055
2014-10-01,Fuerteventura,77.31,63.54,0.8218859138533178,10,4,0,64.79,60.98,60.23,65.94666666666666,56.416666666666664,0.05495600199236265
2014-11-01,Fuerteventura,71.3,57.73,0.8096774193548387,11,4,1,63.54,72.07,58.72,66.8,56.6925,-0.016859673024523195
2014-12-01,Fuerteventura,85.64,62.67,0.7317842129845866,12,4,0,57.73,64.79,53.95,62.01999999999999,56.60999999999999,0.16163113994439293
2015-01-01,Fuerteventura,68.82,51.93,0.7545771578029643,1,1,1,62.67,63.54,52.67,61.313333333333325,57.336666666666666,-0.014049743687108448
2015-02-01,Fuerteventura,70.18,54.0,0.7694499857509262,2,1,1,51.93,57.73,49.87,57.44333333333333,57.275,0.08281531983156212
2015-03-01,Fuerteventura,78.05,62.28,0.7979500320307495,3,1,1,54.0,62.67,54.42,56.19999999999999,57.619166666666665,0.1444321940463065
2015-04-01,Fuerteventura,74.48,55.67,0.7474489795918368,4,2,0,62.28,51.93,52.21,56.06999999999999,58.27416666666667,0.06627082934303775
2015-05-01,Fuerteventura,70.36,50.95,0.7241330301307561,5,2,0,55.67,54.0,46.04,57.316666666666656,58.5625,0.1066463944396178
2015-06-01,Fuerteventura,69.29,56.19,0.8109395295136382,6,2,0,50.95,62.28,51.05,56.29999999999999,58.97166666666667,0.10068560235063664
2015-07-01,Fuerteventura,78.86,67.61,0.8573421252853157,7,3,0,56.19,55.67,60.98,54.26999999999999,59.4,0.10872417185962616
2015-08-01,Fuerteventura,89.07,81.83,0.9187156169305042,8,3,1,67.61,50.95,72.07,58.24999999999999,59.95250000000001,0.1354238934369364
2015-09-01,Fuerteventura,82.32,71.81,0.8723275024295434,9,3,1,81.83,56.19,64.79,68.54333333333331,60.76583333333334,0.10835005402068214
2015-10-01,Fuerteventura,82.67,73.58,0.8900447562598282,10,4,0,71.81,67.61,63.54,73.74999999999999,61.350833333333334,0.15801070192005034
2015-11-01,Fuerteventura,80.38,70.34,0.8750933067927346,11,4,1,73.58,81.83,57.73,75.74,62.1875,0.21843062532478794
2015-12-01,Fuerteventura,83.75,64.4,0.7689552238805971,12,4,0,70.34,71.81,62.67,71.91,63.23833333333332,0.027604914632200477
2016-01-01,Fuerteventura,78.2,60.82,0.7777493606138107,1,1,1,64.4,73.58,51.93,69.43999999999998,63.3825,0.17119198921625267
2016-02-01,Fuerteventura,79.74,64.15,0.8044895911713069,2,1,1,60.82,70.34,54.0,65.18666666666665,64.12333333333333,0.18796296296296308
2016-03-01,Fuerteventura,86.34,74.42,0.861941162844568,3,1,1,64.15,64.4,62.28,63.12333333333333,64.96916666666668,0.19492614001284522
2016-04-01,Fuerteventura,78.66,65.02,0.8265954741927282,4,2,0,74.42,60.82,55.67,66.46333333333332,65.98083333333334,0.1679540147296568
2016-05-01,Fuerteventura,73.13,58.61,0.8014494735402707,5,2,0,65.02,64.15,50.95,67.86333333333333,66.76,0.1503434739941118
2016-06-01,Fuerteventura,77.52,67.07,0.8651960784313725,6,2,0,58.61,74.42,56.19,66.01666666666665,67.39833333333333,0.19362875956575895
2016-07-01,Fuerteventura,87.38,77.43,0.886129549095903,7,3,0,67.07,65.02,67.61,63.566666666666656,68.30499999999999,0.1452447862742199
2016-08-01,Fuerteventura,96.73,88.2,0.9118163961542438,8,3,1,77.43,58.61,81.83,67.70333333333332,69.12333333333333,0.07784431137724557
2016-09-01,Fuerteventura,86.12,80.53,0.935090571295866,9,3,1,88.2,67.07,71.81,77.56666666666665,69.65416666666665,0.12143155549366381
2016-10-01,Fuerteventura,85.89,77.57,0.903131912911864,10,4,0,80.53,77.43,73.58,82.05333333333333,70.38083333333334,0.054226692035879244
2016-11-01,Fuerteventura,85.0,77.43,0.9109411764705884,11,4,1,77.57,88.2,70.34,82.09999999999998,70.71333333333332,0.10079613306795569
2016-12-01,Fuerteventura,90.11,69.05,0.7662856508711574,12,4,0,77.43,80.53,64.4,78.50999999999999,71.30416666666667,0.07220496894409924
2017-01-01,Fuerteventura,80.58,66.99,0.8313477289650036,1,1,1,69.05,77.57,60.82,74.68333333333332,71.69166666666666,0.10144689246958229
2017-02-01,Fuerteventura,83.72,66.75,0.7973005255613952,2,1,1,66.99,77.43,64.15,71.15666666666665,72.20583333333333,0.04053000779423217
2017-03-01,Fuerteventura,87.87,76.95,0.8757255035848412,3,1,1,66.75,69.05,74.42,67.59666666666665,72.4225,0.03399623757054557
2017-04-01,Fuerteventura,88.29,72.52,0.8213840752067051,4,2,0,76.95,66.99,65.02,70.22999999999998,72.63333333333334,0.11534912334666257
2017-05-01,Fuerteventura,81.69,65.8,0.805484147386461,5,2,0,72.52,66.75,58.61,72.07333333333332,73.25833333333334,0.12267531138031049
2017-06-01,Fuerteventura,84.05,71.82,0.8544913741820345,6,2,0,65.8,76.95,67.07,71.75666666666666,73.8575,0.0708215297450425
2017-07-01,Fuerteventura,93.62,80.61,0.8610339671010467,7,3,0,71.82,72.52,77.43,70.04666666666667,74.25333333333334,0.041069352963967354
2017-08-01,Fuerteventura,104.72,93.66,0.8943850267379679,8,3,1,80.61,65.8,88.2,72.74333333333333,74.51833333333333,0.06190476190476183
2017-09-01,Fuerteventura,92.41,86.59,0.937019803051618,9,3,1,93.66,71.82,80.53,82.02999999999999,74.97333333333333,0.07525145908357136
2017-10-01,Fuerteventura,95.26,85.38,0.8962838547134159,10,4,0,86.59,80.61,77.57,86.95333333333333,75.47833333333334,0.10068325383524562
2017-11-01,Fuerteventura,93.24,85.92,0.9214929214929216,11,4,1,85.38,93.66,77.43,88.54333333333334,76.12916666666666,0.10964742347927152
2017-12-01,Fuerteventura,97.01,78.95,0.8138336253994434,12,4,0,85.92,86.59,69.05,85.96333333333332,76.83666666666666,0.14337436640115866
2018-01-01,Fuerteventura,87.37,73.74,0.8439967952386401,1,1,1,78.95,85.38,66.99,83.41666666666666,77.66166666666668,0.10076130765785939
2018-02-01,Fuerteventura,89.37,75.53,0.8451381895490656,2,1,1,73.74,85.92,66.75,79.53666666666665,78.22416666666666,0.13153558052434458
2018-03-01,Fuerteventura,91.76,81.25,0.885462074978204,3,1,1,75.53,78.95,76.95,76.07333333333332,78.95583333333333,0.05588044184535409
2018-04-01,Fuerteventura,87.77,70.43,0.8024381907257606,4,2,0,81.25,73.74,72.52,76.83999999999999,79.31416666666667,-0.028819635962492957
2018-05-01,Fuerteventura,79.77,61.41,0.7698382850695751,5,2,0,70.43,75.53,65.8,75.73666666666666,79.14,-0.06671732522796353
2018-06-01,Fuerteventura,82.59,71.03,0.8600314808088146,6,2,0,61.41,81.25,71.82,71.02999999999999,78.77416666666666,-0.010999721526037206
2018-07-01,Fuerteventura,99.61,79.03,0.7933942375263527,7,3,0,71.03,70.43,80.61,67.62333333333333,78.70833333333333,-0.01960054583798534
2018-08-01,Fuerteventura,99.68,88.39,0.8867375601926163,8,3,1,79.03,61.41,93.66,70.49,78.57666666666667,-0.05626734998932304
2018-09-01,Fuerteventura,93.66,83.66,0.8932308349348708,9,3,1,88.39,71.03,86.59,79.48333333333332,78.1375,-0.033837625591869806
2018-10-01,Fuerteventura,95.06,79.34,0.834630759520303,10,4,0,83.66,79.03,85.38,83.69333333333331,77.89333333333333,-0.07074256266104466
2018-11-01,Fuerteventura,92.88,74.38,0.8008182601205857,11,4,1,79.34,88.39,85.92,83.79666666666665,77.39,-0.13431098696461832
2018-12-01,Fuerteventura,90.66,61.33,0.6764835649680123,12,4,0,74.38,83.66,78.95,79.12666666666665,76.42833333333333,-0.22317922735908807
2019-01-01,Fuerteventura,87.47,60.8,0.6950954613010175,1,1,1,61.33,79.34,73.74,71.68333333333332,74.96000000000001,-0.17548142120965554
2019-02-01,Fuerteventura,84.55,55.98,0.6620934358367829,2,1,1,60.8,74.38,75.53,65.50333333333332,73.88166666666667,-0.2588375479941746
2019-03-01,Fuerteventura,91.58,69.51,0.7590085171434812,3,1,1,55.98,61.33,81.25,59.36999999999998,72.2525,-0.14449230769230764
2019-04-01,Fuerteventura,86.47,60.97,0.7051000346941135,4,2,0,69.51,60.8,70.43,62.09666666666666,71.27416666666666,-0.13431776231719447
2019-05-01,Fuerteventura,79.23,51.89,0.6549286886280449,5,2,0,60.97,55.98,61.41,62.15333333333333,70.48583333333333,-0.15502361178961074
2019-06-01,Fuerteventura,79.88,58.4,0.7310966449674512,6,2,0,51.89,69.51,71.03,60.79,69.69250000000001,-0.177812192031536
2019-07-01,Fuerteventura,90.47,66.23,0.7320658781916658,7,3,0,58.4,60.97,79.03,57.08666666666665,68.64,-0.1619638112109325
2019-08-01,Fuerteventura,101.98,78.61,0.7708374191017846,8,3,1,66.23,51.89,88.39,58.839999999999996,67.57333333333334,-0.11064600067880984
2019-09-01,Fuerteventura,90.93,74.2,0.8160123171670516,9,3,1,78.61,58.4,83.66,67.74666666666666,66.75833333333334,-0.1130767391824049
2019-10-01,Fuerteventura,92.65,68.24,0.7365353480841877,10,4,0,74.2,66.23,79.34,73.01333333333332,65.97000000000001,-0.13990420973027487
2019-11-01,Fuerteventura,94.53,72.11,0.7628266158891357,11,4,1,68.24,78.61,74.38,73.68333333333332,65.045,-0.030518956708792636
2019-12-01,Fuerteventura,96.85,69.69,0.7195663397005679,12,4,0,72.11,74.2,61.33,71.51666666666667,64.85583333333334,0.13631175607369966
2020-01-01,Fuerteventura,83.6,60.36,0.7220095693779904,1,1,1,69.69,68.24,60.8,70.01333333333332,65.5525,-0.0072368421052631205
2020-02-01,Fuerteventura,86.96,65.37,0.7517249310027599,2,1,1,60.36,72.11,55.98,67.38666666666666,65.51583333333333,0.16773847802786723
2020-03-01,Fuerteventura,81.66,33.82,0.414156257653686,3,1,1,65.37,69.69,69.51,65.14,66.29833333333333,-0.5134513019709395
2020-07-01,Fuerteventura,89.34,34.82,0.3897470338034475,7,3,0,33.82,60.36,60.97,53.18333333333333,63.32416666666666,-0.428899458750205
2020-08-01,Fuerteventura,101.83,51.96,0.5102622017087303,8,3,1,34.82,65.37,51.89,44.669999999999995,61.145,0.0013490075158990227
2020-09-01,Fuerteventura,94.22,21.07,0.2236255572065379,9,3,1,51.96,33.82,58.4,40.199999999999996,61.15083333333333,-0.6392123287671233
2020-10-01,Fuerteventura,84.01,16.29,0.1939054874419711,10,4,0,21.07,34.82,66.23,35.949999999999996,58.04,-0.7540389551562736
2020-11-01,Fuerteventura,77.45,27.94,0.3607488702388637,11,4,1,16.29,51.96,78.61,29.77333333333333,53.87833333333333,-0.6445744816181148
2020-12-01,Fuerteventura,106.31,36.77,0.3458752704355188,12,4,0,27.94,21.07,74.2,21.766666666666662,49.655833333333334,-0.5044474393530997
2021-01-01,Fuerteventura,75.29,17.35,0.2304422898127241,1,1,1,36.77,16.29,68.24,27.0,46.53666666666667,-0.7457502930832356
2021-02-01,Fuerteventura,95.77,30.7,0.3205596742194841,2,1,1,17.35,27.94,72.11,27.353333333333335,42.295833333333334,-0.5742615448620163
2021-03-01,Fuerteventura,95.91,33.62,0.3505369617349598,3,1,1,30.7,36.77,69.69,28.27333333333333,38.845000000000006,-0.5175778447409959
2021-04-01,Fuerteventura,103.67,37.07,0.35757692678692,4,2,0,33.62,17.35,60.36,27.22333333333333,35.83916666666667,-0.3858515573227303
2021-05-01,Fuerteventura,92.3,40.96,0.4437703141928494,5,2,0,37.07,30.7,65.37,33.79666666666666,33.89833333333333,-0.3734128805262353
2021-06-01,Fuerteventura,87.22,33.58,0.3850034395780784,6,2,0,40.96,33.62,33.82,37.21666666666666,31.864166666666666,-0.00709639266706097
2021-07-01,Fuerteventura,91.67,52.28,0.5703065343078434,7,3,0,33.58,37.07,34.82,37.203333333333326,31.844166666666666,0.5014359563469271
2021-08-01,Fuerteventura,99.54,72.02,0.7235282298573437,8,3,1,52.28,40.96,51.96,42.27333333333333,33.299166666666665,0.38606620477290216
2021-09-01,Fuerteventura,94.47,68.88,0.7291203556684661,9,3,1,72.02,33.58,21.07,52.626666666666665,34.97083333333333,2.2691029900332222
2021-10-01,Fuerteventura,99.46,76.03,0.7644279107178766,10,4,0,68.88,52.28,16.29,64.39333333333333,38.955,3.667280540208717
2021-11-01,Fuerteventura,99.91,80.39,0.804624161745571,11,4,1,76.03,72.02,27.94,72.30999999999999,43.93333333333333,1.8772369362920545
2021-12-01,Fuerteventura,106.26,66.15,0.6225296442687748,12,4,0,80.39,68.88,36.77,75.09999999999998,48.30416666666667,0.7990209409844983
2022-01-01,Fuerteventura,87.82,43.45,0.4947620132088363,1,1,1,66.15,76.03,17.35,74.19,50.7525,1.5043227665706052
2022-02-01,Fuerteventura,88.58,54.49,0.615150146759991,2,1,1,43.45,80.39,30.7,63.330000000000005,52.9275,0.7749185667752444
2022-03-01,Fuerteventura,94.54,75.38,0.7973344616035539,3,1,1,54.49,66.15,33.62,54.696666666666665,54.910000000000004,1.242117787031529
2022-04-01,Fuerteventura,95.41,68.28,0.7156482548999057,4,2,0,75.38,43.45,37.07,57.77333333333333,58.39000000000001,0.841920690585379
2022-05-01,Fuerteventura,84.35,54.03,0.6405453467694132,5,2,0,68.28,54.49,40.96,66.05,60.990833333333335,0.319091796875
2022-06-01,Fuerteventura,90.82,63.12,0.6950011010790575,6,2,0,54.03,75.38,33.58,65.89666666666666,62.07999999999999,0.8796902918403812
2022-07-01,Fuerteventura,103.39,80.22,0.7758970886932972,7,3,0,63.12,68.28,52.28,61.81,64.54166666666667,0.5344299923488905
2022-08-01,Fuerteventura,108.93,92.39,0.8481593684017258,8,3,1,80.22,54.03,72.02,65.79,66.87,0.2828381005276313
2022-09-01,Fuerteventura,97.02,82.97,0.8551844980416409,9,3,1,92.39,63.12,68.88,78.57666666666667,68.5675,0.2045586527293845
2022-10-01,Fuerteventura,99.52,73.9,0.7425643086816721,10,4,0,82.97,80.22,76.03,85.19333333333333,69.74166666666666,-0.028015257135341254
2022-11-01,Fuerteventura,103.42,80.85,0.7817636820730999,11,4,1,73.9,92.39,80.39,83.08666666666666,69.56416666666667,0.005722104739395369
2022-12-01,Fuerteventura,108.1,78.76,0.7285846438482887,12,4,0,80.85,82.97,66.15,79.24000000000001,69.6025,0.19062736205593345
2023-01-01,Fuerteventura,96.9,72.9,0.7523219814241486,1,1,1,78.76,73.9,43.45,77.83666666666666,70.65333333333334,0.6777905638665133
2023-02-01,Fuerteventura,96.26,73.93,0.7680241013920632,2,1,1,72.9,80.85,54.49,77.50333333333334,73.1075,0.35676270875389987
2023-03-01,Fuerteventura,100.71,82.41,0.8182901400059577,3,1,1,73.93,78.76,75.38,75.19666666666667,74.7275,0.09326081188644204
2023-04-01,Fuerteventura,101.66,71.86,0.706866024001574,4,2,0,82.41,72.9,68.28,76.41333333333334,75.31333333333333,0.05243116578793202
2023-05-01,Fuerteventura,90.78,60.87,0.670522141440846,5,2,0,71.86,73.93,54.03,76.06666666666666,75.61166666666666,0.12659633536923923
2023-06-01,Fuerteventura,95.41,68.88,0.7219369038884813,6,2,0,60.87,82.41,63.12,71.71333333333332,76.18166666666667,0.091254752851711
2023-07-01,Fuerteventura,112.63,82.38,0.7314214685252597,7,3,0,68.88,71.86,80.22,67.20333333333333,76.66166666666668,0.026925953627524268
2023-08-01,Fuerteventura,120.91,96.56,0.7986105367628815,8,3,1,82.38,60.87,92.39,70.71,76.84166666666667,0.04513475484359781
2023-09-01,Fuerteventura,107.17,92.46,0.8627414388354949,9,3,1,96.56,68.88,82.97,82.60666666666667,77.18916666666667,0.11437869109316615
2023-10-01,Fuerteventura,115.52,90.4,0.7825484764542937,10,4,0,92.46,82.38,73.9,90.46666666666665,77.98,0.22327469553450607
2023-11-01,Fuerteventura,109.25,94.14,0.8616933638443935,11,4,1,90.4,96.56,80.85,93.14,79.355,0.16437847866419303
2023-12-01,Fuerteventura,116.24,91.64,0.7883688919476944,12,4,0,94.14,92.46,78.76,92.33333333333333,80.46249999999999,0.16353478923311318
2024-01-01,Fuerteventura,100.02,81.08,0.8106378724255149,1,1,1,91.64,90.4,72.9,92.06,81.53583333333333,0.11220850480109729
2024-02-01,Fuerteventura,107.5,92.98,0.8649302325581396,2,1,1,81.08,94.14,73.93,88.95333333333333,82.2175,0.2576761801704314
2024-03-01,Fuerteventura,115.44,101.05,0.8753465003465003,3,1,1,92.98,91.64,82.41,88.56666666666666,83.80499999999999,0.22618614245843952
2024-04-01,Fuerteventura,103.07,76.94,0.746482972736975,4,2,0,101.05,81.08,71.86,91.70333333333333,85.35833333333333,0.0706930141942666
2024-05-01,Fuerteventura,95.65,67.92,0.7100888656560376,5,2,0,76.94,92.98,60.87,90.32333333333334,85.78166666666665,0.1158206012814195
2024-06-01,Fuerteventura,98.44,75.88,0.7708248679398618,6,2,0,67.92,101.05,68.88,81.96999999999998,86.36916666666667,0.10162601626016261
2024-07-01,Fuerteventura,115.09,90.29,0.784516465374924,7,3,0,75.88,76.94,82.38,73.58,86.9525,0.09601845108035945
2024-08-01,Fuerteventura,124.32,104.9,0.8437902187902189,8,3,1,90.29,67.92,96.56,78.03,87.61166666666666,0.08637116818558413
2024-09-01,Fuerteventura,112.71,101.04,0.8964599414426405,9,3,1,104.9,75.88,92.46,90.35666666666668,88.30666666666667,0.09279688513951993
2024-10-01,Fuerteventura,121.13,100.67,0.8310905638570132,10,4,0,101.04,90.29,90.4,98.74333333333334,89.02166666666666,0.11360619469026544
2024-11-01,Fuerteventura,117.5,106.09,0.9028936170212766,11,4,1,100.67,104.9,94.14,102.20333333333333,89.8775,0.12693860208200555
2024-12-01,Fuerteventura,122.03,102.39,0.8390559698434811,12,4,0,106.09,101.04,91.64,102.60000000000001,90.87333333333333,0.11730685290266259
2025-01-01,Fuerteventura,113.33,97.81,0.8630547957292862,1,1,1,102.39,100.67,81.08,103.05,91.76916666666666,0.20633941785890483
2025-02-01,Fuerteventura,114.44,101.73,0.8889374344634744,2,1,1,97.81,106.09,92.98,102.09666666666668,93.16333333333334,0.09410625941062593
2025-03-01,Fuerteventura,117.99,106.86,0.905669972031528,3,1,1,101.73,102.39,101.05,100.64333333333333,93.8925,0.05749628896585851
2025-04-01,Fuerteventura,118.45,91.52,0.772646686365555,4,2,0,106.86,97.81,76.94,102.13333333333334,94.37666666666667,0.18949831037171821
2025-05-01,Fuerteventura,98.75,69.39,0.7026835443037974,5,2,0,91.52,101.73,67.92,100.03666666666668,95.59166666666665,0.021643109540636026
2025-06-01,Fuerteventura,104.29,83.09,0.7967206827116694,6,2,0,69.39,106.86,75.88,89.25666666666666,95.71416666666666,0.09501845018450196
2025-07-01,Fuerteventura,129.22,107.88,0.8348552855595108,7,3,0,83.09,91.52,90.29,81.33333333333333,96.315,0.19481670173884139
2025-08-01,Fuerteventura,134.62,116.65,0.8665131481206358,8,3,1,107.88,69.39,104.9,86.78666666666668,97.78083333333335,0.11201143946615824
2025-09-01,Fuerteventura,119.16,106.33,0.8923296408190668,9,3,1,116.65,83.09,101.04,102.54,98.75999999999999,0.052355502771179646
2025-10-01,Fuerteventura,128.84,106.52,0.8267618751940391,10,4,0,106.33,107.88,100.67,110.28666666666668,99.20083333333334,0.058110658587463934
2025-11-01,Fuerteventura,128.18,111.71,0.8715088157278825,11,4,1,106.52,116.65,106.09,109.83333333333333,99.68833333333333,0.052973890093316905
2025-12-01,Fuerteventura,130.99,105.07,0.8021222994121687,12,4,0,111.71,106.33,102.39,108.18666666666667,100.15666666666668,0.026174431096786722
2026-01-01,Fuerteventura,119.82,97.72,0.8155566683358372,1,1,1,105.07,106.52,97.81,107.76666666666665,100.38,-0.0009201513137716328
2009-01-01,Gran Canaria,67.64,58.39,0.8632465996451804,1,1,1,,,,,,
2009-02-01,Gran Canaria,73.09,51.88,0.7098098235052674,2,1,1,58.39,,,,,
2009-03-01,Gran Canaria,76.39,58.16,0.7613561984552951,3,1,1,51.88,,,,,
2009-04-01,Gran Canaria,70.99,46.84,0.659811241019862,4,2,0,58.16,58.39,,56.14333333333334,,
2009-05-01,Gran Canaria,60.5,37.89,0.6262809917355372,5,2,0,46.84,51.88,,52.29333333333333,,
2009-06-01,Gran Canaria,60.27,37.79,0.6270117803218848,6,2,0,37.89,58.16,,47.63,,
2009-07-01,Gran Canaria,62.6,40.23,0.6426517571884983,7,3,0,37.79,46.84,,40.84,,
2009-08-01,Gran Canaria,64.75,46.78,0.7224710424710424,8,3,1,40.23,37.89,,38.63666666666666,,
2009-09-01,Gran Canaria,62.74,43.49,0.6931781957284029,9,3,1,46.78,37.79,,41.599999999999994,,
2009-10-01,Gran Canaria,73.04,48.93,0.669906900328587,10,4,0,43.49,40.23,,43.5,,
2009-11-01,Gran Canaria,74.32,56.27,0.7571313240043058,11,4,1,48.93,46.78,,46.400000000000006,,
2009-12-01,Gran Canaria,77.51,59.31,0.76519158818217,12,4,0,56.27,43.49,,49.56333333333333,,
2010-01-01,Gran Canaria,73.23,55.68,0.7603441212617779,1,1,1,59.31,48.93,58.39,54.836666666666666,48.830000000000005,-0.04641205685905122
2010-02-01,Gran Canaria,76.01,60.85,0.8005525588738324,2,1,1,55.68,56.27,51.88,57.086666666666666,48.604166666666664,0.1728989976869699
2010-03-01,Gran Canaria,87.31,69.54,0.7964723399381515,3,1,1,60.85,59.31,58.16,58.61333333333334,49.35166666666667,0.19566712517193965
2010-04-01,Gran Canaria,75.08,48.16,0.6414491209376665,4,2,0,69.54,55.68,46.84,62.02333333333333,50.300000000000004,0.028181041844577138
2010-05-01,Gran Canaria,64.81,42.24,0.651751272951705,5,2,0,48.16,60.85,37.89,59.51666666666667,50.410000000000004,0.11480601741884405
2010-06-01,Gran Canaria,60.64,40.2,0.6629287598944591,6,2,0,42.24,69.54,37.79,53.31333333333333,50.77250000000001,0.06377348504895484
2010-07-01,Gran Canaria,63.72,44.77,0.7026051475204018,7,3,0,40.2,48.16,40.23,43.53333333333333,50.97333333333333,0.11285110613969691
2010-08-01,Gran Canaria,67.06,52.34,0.7804950790337012,8,3,1,44.77,42.24,46.78,42.403333333333336,51.35166666666667,0.11885421120136815
2010-09-01,Gran Canaria,63.4,44.6,0.7034700315457414,9,3,1,52.34,40.2,43.49,45.77,51.815,0.025523108760634614
2010-10-01,Gran Canaria,66.98,48.43,0.7230516572111078,10,4,0,44.6,44.77,48.93,47.23666666666667,51.9075,-0.010218679746576743
2010-11-01,Gran Canaria,77.56,64.47,0.8312274368231046,11,4,1,48.43,52.34,56.27,48.45666666666667,51.865833333333335,0.14572596410165267
2010-12-01,Gran Canaria,78.52,58.47,0.7446510443199185,12,4,0,64.47,44.6,59.31,52.5,52.54916666666667,-0.014162873039959592
2011-01-01,Gran Canaria,74.96,62.84,0.8383137673425828,1,1,1,58.47,48.43,55.68,57.123333333333335,52.479166666666664,0.12859195402298856
2011-02-01,Gran Canaria,79.17,74.08,0.9357079701907288,2,1,1,62.84,64.47,60.85,61.92666666666667,53.07583333333334,0.21741988496302378
2011-03-01,Gran Canaria,80.54,71.19,0.8839086168363545,3,1,1,74.08,58.47,69.54,65.13,54.178333333333335,0.023727351164797114
2011-04-01,Gran Canaria,81.09,58.45,0.7208040448883957,4,2,0,71.19,62.84,48.16,69.37,54.31583333333334,0.21366279069767458
2011-05-01,Gran Canaria,67.68,43.57,0.6437647754137116,5,2,0,58.45,74.08,42.24,67.90666666666667,55.173333333333325,0.03148674242424238
2011-06-01,Gran Canaria,64.4,43.79,0.6799689440993788,6,2,0,43.57,71.19,40.2,57.73666666666666,55.284166666666664,0.08930348258706458
2011-07-01,Gran Canaria,67.09,50.42,0.7515277984796542,7,3,0,43.79,58.45,44.77,48.60333333333333,55.583333333333336,0.12620058074603524
2011-08-01,Gran Canaria,73.69,60.2,0.8169358121861854,8,3,1,50.42,43.57,52.34,45.92666666666667,56.054166666666674,0.15017195261750094
2011-09-01,Gran Canaria,72.11,56.12,0.7782554430730828,9,3,1,60.2,43.79,44.6,51.470000000000006,56.70916666666667,0.25829596412556044
2011-10-01,Gran Canaria,73.89,57.41,0.7769657599133847,10,4,0,56.12,50.42,48.43,55.580000000000005,57.66916666666666,0.18542225893041497
2011-11-01,Gran Canaria,79.35,69.32,0.8735979836168872,11,4,1,57.41,60.2,64.47,57.91,58.4175,0.07522878858383736
2011-12-01,Gran Canaria,85.47,67.82,0.7934947934947935,12,4,0,69.32,56.12,58.47,60.94999999999999,58.821666666666665,0.159911065503677
2012-01-01,Gran Canaria,83.82,74.53,0.8891672631830113,1,1,1,67.82,57.41,62.84,64.84999999999998,59.600833333333334,0.1860280076384468
2012-02-01,Gran Canaria,86.49,74.91,0.8661116892126257,2,1,1,74.53,69.32,74.08,70.55666666666666,60.574999999999996,0.011204103671706241
2012-03-01,Gran Canaria,85.71,71.14,0.8300081670750205,3,1,1,74.91,67.82,71.19,72.42,60.64416666666667,-0.000702345835089158
2012-04-01,Gran Canaria,79.35,51.82,0.6530560806553246,4,2,0,71.14,74.53,58.45,73.52666666666666,60.63999999999999,-0.11343028229255778
2012-05-01,Gran Canaria,71.98,47.95,0.6661572659071965,5,2,0,51.82,74.91,43.57,65.95666666666666,60.087500000000006,0.10052788616020203
2012-06-01,Gran Canaria,69.44,47.12,0.6785714285714286,6,2,0,47.95,71.14,43.79,56.97,60.45249999999999,0.0760447590774149
2012-07-01,Gran Canaria,74.47,54.79,0.7357325097354639,7,3,0,47.12,51.82,50.42,48.96333333333333,60.73,0.08667195557318519
2012-08-01,Gran Canaria,75.62,58.45,0.7729436656969055,8,3,1,54.79,47.95,60.2,49.953333333333326,61.094166666666666,-0.029069767441860465
2012-09-01,Gran Canaria,72.97,54.13,0.7418117034397698,9,3,1,58.45,47.12,56.12,53.453333333333326,60.94833333333333,-0.03545972915181744
2012-10-01,Gran Canaria,74.64,56.67,0.7592443729903537,10,4,0,54.13,54.79,57.41,55.79,60.7825,-0.012889740463333826
2012-11-01,Gran Canaria,81.78,69.19,0.8460503790657862,11,4,1,56.67,58.45,69.32,56.416666666666664,60.72083333333334,-0.001875360646278065
2012-12-01,Gran Canaria,90.05,67.66,0.7513603553581344,12,4,0,69.19,54.13,67.82,59.99666666666666,60.71,-0.002359186080802073
2013-01-01,Gran Canaria,82.14,68.18,0.830046262478695,1,1,1,67.66,56.67,74.53,64.50666666666666,60.696666666666665,-0.08520059036629538
2013-02-01,Gran Canaria,85.36,72.06,0.8441893158388004,2,1,1,68.18,69.19,74.91,68.34333333333332,60.1675,-0.038045654785742816
2013-03-01,Gran Canaria,92.58,77.08,0.8325772305033484,3,1,1,72.06,67.66,71.14,69.3,59.93,0.0834973292100084
2013-04-01,Gran Canaria,84.6,55.6,0.657210401891253,4,2,0,77.08,68.18,51.82,72.44,60.425000000000004,0.07294480895407181
2013-05-01,Gran Canaria,78.48,52.36,0.6671763506625892,5,2,0,55.6,72.06,47.95,68.24666666666667,60.74,0.09197080291970795
2013-06-01,Gran Canaria,78.01,54.4,0.6973464940392257,6,2,0,52.36,77.08,47.12,61.68,61.10750000000001,0.1544991511035654
2013-07-01,Gran Canaria,79.95,58.69,0.7340838023764853,7,3,0,54.4,55.6,54.79,54.12,61.71416666666667,0.0711808724219748
2013-08-01,Gran Canaria,80.48,62.94,0.7820576540755466,8,3,1,58.69,52.36,58.45,55.15,62.03916666666666,0.07681779298545756
2013-09-01,Gran Canaria,78.62,60.54,0.7700330704655304,9,3,1,62.94,54.4,54.13,58.676666666666655,62.413333333333334,0.1184186218363199
2013-10-01,Gran Canaria,83.46,67.66,0.8106877546129883,10,4,0,60.54,58.69,56.67,60.72333333333333,62.9475,0.19392976883712712
2013-11-01,Gran Canaria,87.76,77.0,0.8773928896991795,11,4,1,67.66,62.94,69.19,63.71333333333333,63.86333333333332,0.11287758346581879
2013-12-01,Gran Canaria,88.37,72.3,0.8181509562068574,12,4,0,77.0,60.54,67.66,68.39999999999999,64.51416666666667,0.06857818504286138
2014-01-01,Gran Canaria,90.89,81.7,0.8988887666409946,1,1,1,72.3,67.66,68.18,72.32,64.90083333333334,0.19829862129656783
2014-02-01,Gran Canaria,90.75,80.23,0.884077134986226,2,1,1,81.7,77.0,72.06,77.0,66.02749999999999,0.11337774077157926
2014-03-01,Gran Canaria,92.05,80.13,0.8705051602390005,3,1,1,80.23,72.3,77.08,78.07666666666667,66.70833333333333,0.03956927867151008
2014-04-01,Gran Canaria,89.09,62.7,0.703782691660119,4,2,0,80.13,81.7,55.6,80.68666666666667,66.96249999999999,0.12769784172661872
2014-05-01,Gran Canaria,78.08,51.52,0.6598360655737705,5,2,0,62.7,80.23,52.36,74.35333333333334,67.55416666666666,-0.01604278074866303
2014-06-01,Gran Canaria,74.57,51.49,0.6904921550221269,6,2,0,51.52,80.13,54.4,64.78333333333333,67.48416666666667,-0.05349264705882347
2014-07-01,Gran Canaria,80.32,59.43,0.7399153386454184,7,3,0,51.49,62.7,58.69,55.23666666666667,67.24166666666666,0.012608621570966127
2014-08-01,Gran Canaria,79.33,66.97,0.8441951342493382,8,3,1,59.43,51.52,62.94,54.14666666666667,67.30333333333334,0.06402923419129332
2014-09-01,Gran Canaria,80.04,63.01,0.787231384307846,9,3,1,66.97,51.49,60.54,59.29666666666666,67.63916666666667,0.04079947142385198
2014-10-01,Gran Canaria,86.14,69.63,0.8083352681680984,10,4,0,63.01,59.43,67.66,63.13666666666666,67.845,0.029116169080697592
2014-11-01,Gran Canaria,95.45,85.13,0.8918805657412257,11,4,1,69.63,66.97,77.0,66.53666666666666,68.00916666666667,0.10558441558441553
2014-12-01,Gran Canaria,94.64,76.66,0.8100169061707523,12,4,0,85.13,63.01,72.3,72.58999999999999,68.68666666666665,0.0603042876901798
2015-01-01,Gran Canaria,95.76,84.01,0.877297410192147,1,1,1,76.66,69.63,81.7,77.14,69.05,0.028274173806609574
2015-02-01,Gran Canaria,96.36,85.94,0.8918638439186384,2,1,1,84.01,85.13,80.23,81.93333333333334,69.24249999999999,0.07117038514271462
2015-03-01,Gran Canaria,96.62,82.34,0.8522045125232871,3,1,1,85.94,76.66,80.13,82.20333333333333,69.71833333333333,0.027580182203918734
2015-04-01,Gran Canaria,89.05,62.14,0.6978102189781022,4,2,0,82.34,84.01,62.7,84.09666666666668,69.9025,-0.008931419457735283
2015-05-01,Gran Canaria,80.0,53.91,0.673875,5,2,0,62.14,85.94,51.52,76.80666666666667,69.85583333333334,0.0463897515527949
2015-06-01,Gran Canaria,79.71,57.19,0.7174758499560908,6,2,0,53.91,82.34,51.49,66.13000000000001,70.05499999999999,0.11070110701107003
2015-07-01,Gran Canaria,84.58,65.77,0.7776069992906124,7,3,0,57.19,62.14,59.43,57.74666666666667,70.53,0.10668012788154124
2015-08-01,Gran Canaria,84.79,70.0,0.8255690529543578,8,3,1,65.77,53.91,66.97,58.95666666666667,71.05833333333332,0.04524413916679112
2015-09-01,Gran Canaria,84.29,68.92,0.8176533396606952,9,3,1,70.0,57.19,63.01,64.32,71.31083333333333,0.09379463577209973
2015-10-01,Gran Canaria,86.49,71.44,0.8259914440975835,10,4,0,68.92,65.77,69.63,68.23,71.80333333333333,0.02599454258222034
2015-11-01,Gran Canaria,99.1,89.59,0.9040363269424824,11,4,1,71.44,70.0,85.13,70.12,71.95416666666667,0.05239046164689308
2015-12-01,Gran Canaria,102.9,88.26,0.8577259475218659,12,4,0,89.59,68.92,76.66,76.65,72.32583333333334,0.15131750587007578
2016-01-01,Gran Canaria,94.19,85.31,0.9057224758466929,1,1,1,88.26,71.44,84.01,83.09666666666668,73.2925,0.01547434829186998
2016-02-01,Gran Canaria,101.75,93.95,0.9233415233415234,2,1,1,85.31,89.59,85.94,87.72000000000001,73.40083333333332,0.09320456132185252
2016-03-01,Gran Canaria,101.9,92.66,0.9093228655544652,3,1,1,93.95,88.26,82.34,89.17333333333333,74.06833333333334,0.12533398105416557
2016-04-01,Gran Canaria,93.43,73.02,0.7815476827571443,4,2,0,92.66,85.31,62.14,90.64,74.92833333333333,0.17508850981654323
2016-05-01,Gran Canaria,85.23,67.3,0.7896280652352458,5,2,0,73.02,93.95,53.91,86.54333333333334,75.835,0.24837692450380267
2016-06-01,Gran Canaria,83.77,68.02,0.8119851975647606,6,2,0,67.3,92.66,57.19,77.66,76.95083333333334,0.1893687707641196
2016-07-01,Gran Canaria,88.9,77.41,0.8707536557930258,7,3,0,68.02,73.02,65.77,69.44666666666666,77.85333333333334,0.17698038619431353
2016-08-01,Gran Canaria,92.81,82.54,0.8893438207089753,8,3,1,77.41,67.3,70.0,70.91000000000001,78.82333333333334,0.17914285714285724
2016-09-01,Gran Canaria,88.94,78.19,0.8791319991005172,9,3,1,82.54,68.02,68.92,75.99,79.86833333333333,0.13450377248984324
2016-10-01,Gran Canaria,94.28,83.63,0.8870386084005091,10,4,0,78.19,77.41,71.44,79.38,80.64083333333333,0.17063269876819706
2016-11-01,Gran Canaria,100.31,92.22,0.9193500149536435,11,4,1,83.63,82.54,89.59,81.45333333333333,81.65666666666667,0.029355954905681384
2016-12-01,Gran Canaria,106.13,91.26,0.8598888156035053,12,4,0,92.22,78.19,88.26,84.67999999999999,81.87583333333333,0.03399048266485384
2017-01-01,Gran Canaria,101.16,92.17,0.9111308817714512,1,1,1,91.26,83.63,85.31,89.03666666666668,82.12583333333333,0.08041261282381901
2017-02-01,Gran Canaria,103.4,94.49,0.9138297872340424,2,1,1,92.17,92.22,93.95,91.88333333333333,82.6975,0.005747738158594913
2017-03-01,Gran Canaria,102.86,92.5,0.8992805755395683,3,1,1,94.49,91.26,92.66,92.64,82.74249999999999,-0.001726742931146089
2017-04-01,Gran Canaria,101.52,80.77,0.7956067769897557,4,2,0,92.5,92.17,73.02,93.05333333333334,82.72916666666667,0.10613530539578199
2017-05-01,Gran Canaria,89.44,71.37,0.7979651162790699,5,2,0,80.77,94.49,67.3,89.25333333333333,83.375,0.06047548291233295
2017-06-01,Gran Canaria,80.44,65.62,0.8157633018398808,6,2,0,71.37,92.5,68.02,81.54666666666667,83.71416666666667,-0.03528374007644798
2017-07-01,Gran Canaria,88.49,75.78,0.8563679511809245,7,3,0,65.62,80.77,77.41,72.58666666666666,83.51416666666667,-0.021056711019248102
2017-08-01,Gran Canaria,86.3,76.95,0.891657010428737,8,3,1,75.78,71.37,82.54,70.92333333333333,83.37833333333333,-0.06772473952023265
2017-09-01,Gran Canaria,85.65,75.53,0.8818447168709865,9,3,1,76.95,65.62,78.19,72.78333333333335,82.91250000000001,-0.03401969561324973
2017-10-01,Gran Canaria,92.91,82.44,0.8873103002906039,10,4,0,75.53,75.78,83.63,76.08666666666666,82.69083333333333,-0.014229343537008225
2017-11-01,Gran Canaria,106.48,96.49,0.9061795642374154,11,4,1,82.44,76.95,92.22,78.30666666666667,82.59166666666667,0.04630232053784424
2017-12-01,Gran Canaria,105.51,88.36,0.8374561652923893,12,4,0,96.49,75.53,91.26,84.82000000000001,82.9475,-0.031777339469647226
2018-01-01,Gran Canaria,108.13,96.5,0.8924442800332933,1,1,1,88.36,82.44,92.17,89.09666666666668,82.70583333333333,0.046978409460778976
2018-02-01,Gran Canaria,102.06,91.86,0.9000587889476778,2,1,1,96.5,96.49,94.49,93.78333333333335,83.06666666666666,-0.02783363318869717
2018-03-01,Gran Canaria,105.47,92.88,0.8806295629088841,3,1,1,91.86,88.36,92.5,92.24000000000001,82.8475,0.004108108108108059
2018-04-01,Gran Canaria,94.69,70.86,0.7483366775794699,4,2,0,92.88,96.5,80.77,93.74666666666667,82.87916666666666,-0.12269406958028968
2018-05-01,Gran Canaria,82.5,64.42,0.7808484848484849,5,2,0,70.86,91.86,71.37,85.19999999999999,82.05333333333333,-0.09737985147821217
2018-06-01,Gran Canaria,82.28,66.42,0.8072435585804569,6,2,0,64.42,92.88,65.62,76.05333333333333,81.47416666666668,0.012191405059433056
2018-07-01,Gran Canaria,91.09,74.02,0.8126029201888242,7,3,0,66.42,70.86,75.78,67.23333333333333,81.54083333333334,-0.023225125362892653
2018-08-01,Gran Canaria,94.08,80.17,0.8521471088435374,8,3,1,74.02,64.42,76.95,68.28666666666666,81.39416666666666,0.04184535412605586
2018-09-01,Gran Canaria,85.35,73.22,0.8578793204452256,9,3,1,80.17,66.42,75.53,73.53666666666668,81.6625,-0.030583873957367964
2018-10-01,Gran Canaria,97.46,82.74,0.8489636774061153,10,4,0,73.22,74.02,82.44,75.80333333333333,81.47,0.0036390101892284955
2018-11-01,Gran Canaria,110.63,95.37,0.8620627316279491,11,4,1,82.74,80.17,96.49,78.71,81.49499999999999,-0.011607420458078457
2018-12-01,Gran Canaria,109.45,87.62,0.8005481955230699,12,4,0,95.37,73.22,88.36,83.77666666666666,81.40166666666667,-0.008374830239927512
2019-01-01,Gran Canaria,111.15,94.2,0.8475033738191633,1,1,1,87.62,82.74,96.5,88.57666666666667,81.34,-0.02383419689119168
2019-02-01,Gran Canaria,116.46,97.4,0.8363386570496308,2,1,1,94.2,95.37,91.86,92.39666666666666,81.14833333333334,0.06030916612236018
2019-03-01,Gran Canaria,108.19,90.24,0.8340881782050097,3,1,1,97.4,87.62,92.88,93.07333333333334,81.61,-0.02842377260981913
2019-04-01,Gran Canaria,102.4,72.26,0.7056640625,4,2,0,90.24,94.2,70.86,93.94666666666667,81.39,0.019757267852102817
2019-05-01,Gran Canaria,86.95,65.0,0.7475560667050029,5,2,0,72.26,97.4,64.42,86.63333333333334,81.50666666666667,0.009003415088481811
2019-06-01,Gran Canaria,85.34,66.96,0.7846262010780407,6,2,0,65.0,90.24,66.42,75.83333333333333,81.555,0.008130081300812888
2019-07-01,Gran Canaria,93.78,76.91,0.8201108978460225,7,3,0,66.96,72.26,74.02,68.07333333333334,81.60000000000001,0.039043501756282094
2019-08-01,Gran Canaria,99.19,82.89,0.8356689182377256,8,3,1,76.91,65.0,80.17,69.62333333333332,81.84083333333334,0.0339279032056879
2019-09-01,Gran Canaria,92.02,77.4,0.8411214953271029,9,3,1,82.89,66.96,73.22,75.58666666666666,82.06750000000001,0.057088227260311486
2019-10-01,Gran Canaria,106.08,85.76,0.808446455505279,10,4,0,77.4,76.91,82.74,79.06666666666666,82.41583333333334,0.036499879139473175
2019-11-01,Gran Canaria,113.13,97.9,0.8653761159727748,11,4,1,85.76,82.89,95.37,82.01666666666667,82.6675,0.02652825836216841
2019-12-01,Gran Canaria,115.52,95.78,0.8291204986149585,12,4,0,97.9,77.4,87.62,87.02000000000002,82.87833333333333,0.09312942250627707
2020-01-01,Gran Canaria,110.74,96.12,0.8679790500270905,1,1,1,95.78,85.76,94.2,93.14666666666666,83.55833333333334,0.020382165605095558
2020-02-01,Gran Canaria,111.99,94.56,0.8443611036699706,2,1,1,96.12,97.9,97.4,96.60000000000001,83.71833333333333,-0.029158110882956913
2020-03-01,Gran Canaria,101.72,42.83,0.4210578057412504,3,1,1,94.56,95.78,90.24,95.48666666666668,83.48166666666667,-0.5253767730496454
2020-07-01,Gran Canaria,98.14,32.5,0.3311595679641329,7,3,0,42.83,96.12,72.26,77.83666666666666,79.53083333333333,-0.5502352615554941
2020-08-01,Gran Canaria,91.56,44.52,0.4862385321100917,8,3,1,32.5,94.56,65.0,56.629999999999995,76.2175,-0.31507692307692303
2020-09-01,Gran Canaria,74.74,20.5,0.2742841851752743,9,3,1,44.52,42.83,66.96,39.949999999999996,74.51083333333334,-0.6938470728793309
2020-10-01,Gran Canaria,78.66,20.2,0.2568014238494788,10,4,0,20.5,32.5,76.91,32.50666666666667,70.63916666666667,-0.7373553504095696
2020-11-01,Gran Canaria,94.23,32.74,0.3474477342672185,11,4,1,20.2,44.52,82.89,28.406666666666666,65.91333333333334,-0.6050186994812402
2020-12-01,Gran Canaria,99.93,35.43,0.35454818372861,12,4,0,32.74,20.5,77.4,24.48,61.734166666666674,-0.5422480620155039
2021-01-01,Gran Canaria,97.24,21.81,0.224290415466886,1,1,1,35.43,20.2,85.76,29.456666666666667,58.23666666666667,-0.7456856343283582
2021-02-01,Gran Canaria,93.05,20.35,0.2186996238581408,2,1,1,21.81,32.74,97.9,29.993333333333336,52.907500000000006,-0.7921348314606742
2021-03-01,Gran Canaria,105.1,25.57,0.2432921027592769,3,1,1,20.35,35.43,95.78,25.863333333333333,46.44499999999999,-0.7330340363332638
2021-04-01,Gran Canaria,103.4,29.25,0.2828820116054159,4,2,0,25.57,21.81,96.12,22.576666666666668,40.594166666666666,-0.6956928838951311
2021-05-01,Gran Canaria,90.39,29.54,0.3268060626175462,5,2,0,29.25,20.35,94.56,25.05666666666667,35.02166666666667,-0.687605752961083
2021-06-01,Gran Canaria,95.17,39.38,0.4137858568876747,6,2,0,29.54,25.57,42.83,28.120000000000005,29.603333333333335,-0.08055101564324062
2021-07-01,Gran Canaria,103.34,52.19,0.50503193342365,7,3,0,39.38,29.25,32.5,32.723333333333336,29.31583333333333,0.6058461538461538
2021-08-01,Gran Canaria,114.13,77.14,0.6758959081748883,8,3,1,52.19,29.54,44.52,40.37,30.956666666666667,0.7327044025157231
2021-09-01,Gran Canaria,101.68,68.59,0.674567269866247,9,3,1,77.14,39.38,20.5,56.23666666666667,33.675000000000004,2.3458536585365857
2021-10-01,Gran Canaria,120.83,94.16,0.7792766697012331,10,4,0,68.59,52.19,20.2,65.97333333333333,37.6825,3.661386138613861
2021-11-01,Gran Canaria,131.47,108.21,0.8230775081767703,11,4,1,94.16,77.14,32.74,79.96333333333334,43.84583333333333,2.3051313378130724
2021-12-01,Gran Canaria,129.17,95.09,0.7361616474413565,12,4,0,108.21,68.59,35.43,90.32,50.135,1.6838837143663563
2022-01-01,Gran Canaria,121.99,80.0,0.6557914583162554,1,1,1,95.09,94.16,21.81,99.15333333333332,55.10666666666666,2.668042182485099
2022-02-01,Gran Canaria,128.91,92.51,0.7176324567527733,2,1,1,80.0,108.21,20.35,94.43333333333334,59.95583333333334,3.5459459459459457
2022-03-01,Gran Canaria,129.63,103.22,0.7962662963820104,3,1,1,92.51,95.09,25.57,89.2,65.96916666666667,3.036761830269848
2022-04-01,Gran Canaria,125.8,89.91,0.7147058823529412,4,2,0,103.22,80.0,29.25,91.91000000000001,72.44000000000001,2.0738461538461537
2022-05-01,Gran Canaria,101.6,70.48,0.6937007874015749,5,2,0,89.91,92.51,29.54,95.21333333333332,77.495,1.3859174001354098
2022-06-01,Gran Canaria,101.54,71.06,0.6998227299586369,6,2,0,70.48,103.22,39.38,87.87,80.90666666666667,0.8044692737430167
2022-07-01,Gran Canaria,112.0,86.95,0.7763392857142858,7,3,0,71.06,89.91,52.19,77.14999999999999,83.54666666666667,0.6660279747077985
2022-08-01,Gran Canaria,117.88,97.51,0.8271971496437055,8,3,1,86.95,70.48,77.14,76.16333333333334,86.44333333333333,0.2640653357531761
2022-09-01,Gran Canaria,108.6,88.46,0.814548802946593,9,3,1,97.51,71.06,68.59,85.17333333333333,88.14083333333333,0.28969237498177564
2022-10-01,Gran Canaria,120.39,98.61,0.819087964116621,10,4,0,88.46,86.95,94.16,90.97333333333331,89.79666666666667,0.04725998300764659
2022-11-01,Gran Canaria,133.65,117.12,0.8763187429854097,11,4,1,98.61,97.51,108.21,94.86,90.1675,0.08233989464929314
2022-12-01,Gran Canaria,136.51,113.84,0.8339315801040218,12,4,0,117.12,88.46,95.09,101.39666666666666,90.91000000000001,0.19718161741508045
2023-01-01,Gran Canaria,133.04,118.37,0.8897324113048708,1,1,1,113.84,98.61,80.0,109.85666666666667,92.47250000000001,0.4796250000000001
2023-02-01,Gran Canaria,138.22,122.28,0.8846766025177254,2,1,1,118.37,117.12,92.51,116.44333333333333,95.67,0.32180304831910056
2023-03-01,Gran Canaria,138.32,118.62,0.8575766338924234,3,1,1,122.28,113.84,103.22,118.16333333333334,98.15083333333332,0.14919589226894017
2023-04-01,Gran Canaria,127.56,94.46,0.7405142677955471,4,2,0,118.62,118.37,89.91,119.75666666666667,99.43416666666667,0.0506061617172728
2023-05-01,Gran Canaria,106.58,77.29,0.7251829611559393,5,2,0,94.46,122.28,70.48,111.78666666666668,99.81333333333335,0.09662315550510786
2023-06-01,Gran Canaria,104.07,77.47,0.7444028058037859,6,2,0,77.29,118.62,71.06,96.79,100.38083333333334,0.09020546017450037
2023-07-01,Gran Canaria,116.08,92.73,0.7988456237077878,7,3,0,77.47,94.46,86.95,83.07333333333332,100.915,0.0664749856239218
2023-08-01,Gran Canaria,125.31,103.72,0.8277072859308914,8,3,1,92.73,77.29,97.51,82.49666666666667,101.39666666666669,0.06368577581786476
2023-09-01,Gran Canaria,112.2,92.82,0.8272727272727272,9,3,1,103.72,77.47,88.46,91.30666666666666,101.91416666666665,0.049287813701107845
2023-10-01,Gran Canaria,128.36,108.5,0.8452789030850731,10,4,0,92.82,92.73,98.61,96.42333333333333,102.27750000000002,0.10029408782070784
2023-11-01,Gran Canaria,141.66,124.59,0.8795002117746717,11,4,1,108.5,103.72,117.12,101.67999999999999,103.10166666666667,0.06378073770491802
2023-12-01,Gran Canaria,147.02,123.92,0.8428785199292613,12,4,0,124.59,92.82,113.84,108.63666666666666,103.72416666666668,0.08854532677442022
2024-01-01,Gran Canaria,139.59,126.01,0.902715094204456,1,1,1,123.92,108.5,118.37,119.00333333333333,104.56416666666667,0.06454338092422067
2024-02-01,Gran Canaria,147.43,141.4,0.9590992335345588,2,1,1,126.01,124.59,122.28,124.83999999999999,105.20083333333334,0.15636244684331047
2024-03-01,Gran Canaria,148.56,131.88,0.8877221324717286,3,1,1,141.4,123.92,118.62,130.44333333333336,106.79416666666668,0.11178553363682339
2024-04-01,Gran Canaria,132.47,99.95,0.7545104551974032,4,2,0,131.88,126.01,94.46,133.09666666666666,107.89916666666666,0.058119839085327224
2024-05-01,Gran Canaria,114.26,84.63,0.740679152809382,5,2,0,99.95,141.4,77.29,124.41000000000001,108.35666666666667,0.09496700737482196
2024-06-01,Gran Canaria,113.54,89.54,0.7886207503963361,6,2,0,84.63,131.88,77.47,105.48666666666666,108.96833333333332,0.15580224603072168
2024-07-01,Gran Canaria,126.05,101.9,0.8084093613645379,7,3,0,89.54,99.95,92.73,91.37333333333333,109.97416666666668,0.09888924835544054
2024-08-01,Gran Canaria,136.53,114.62,0.8395224492785469,8,3,1,101.9,84.63,103.72,92.02333333333335,110.73833333333333,0.10509062861550333
2024-09-01,Gran Canaria,124.76,106.22,0.8513946777813401,9,3,1,114.62,89.54,92.82,102.02000000000002,111.64666666666669,0.1443654384830856
2024-10-01,Gran Canaria,141.08,123.1,0.8725545789622908,10,4,0,106.22,101.9,108.5,107.58,112.76333333333332,0.13456221198156676
2024-11-01,Gran Canaria,160.19,146.17,0.9124789312691178,11,4,1,123.1,114.62,124.59,114.64666666666666,113.98,0.1732081226422665
2024-12-01,Gran Canaria,163.8,140.45,0.8574481074481073,12,4,0,146.17,106.22,123.92,125.16333333333334,115.77833333333335,0.13339251129761126
2025-01-01,Gran Canaria,155.53,140.52,0.9034912878544332,1,1,1,140.45,123.1,126.01,136.5733333333333,117.15583333333332,0.11514959130227763
2025-02-01,Gran Canaria,164.31,150.76,0.917533929766904,2,1,1,140.52,146.17,141.4,142.38,118.365,0.06619519094766609
2025-03-01,Gran Canaria,161.86,142.5,0.8803904608921289,3,1,1,150.76,140.45,131.88,143.91,119.145,0.08052775250227483
2025-04-01,Gran Canaria,148.5,113.03,0.7611447811447811,4,2,0,142.5,140.52,99.95,144.59333333333333,120.02999999999999,0.13086543271635817
2025-05-01,Gran Canaria,120.99,89.92,0.7432019175138441,5,2,0,113.03,150.76,84.63,135.42999999999998,121.12,0.06250738508803033
2025-06-01,Gran Canaria,119.84,96.42,0.8045727636849133,6,2,0,89.92,142.5,89.54,115.14999999999999,121.56083333333333,0.0768371677462586
2025-07-01,Gran Canaria,134.63,111.44,0.8277501299858873,7,3,0,96.42,113.03,101.9,99.79,122.13416666666667,0.09362119725220797
2025-08-01,Gran Canaria,143.98,123.57,0.8582442005834143,8,3,1,111.44,89.92,114.62,99.25999999999999,122.92916666666667,0.07808410399581214
2025-09-01,Gran Canaria,128.18,109.57,0.854813543454517,9,3,1,123.57,96.42,106.22,110.47666666666665,123.675,0.03153831670118616
2025-10-01,Gran Canaria,143.68,125.69,0.8747912026726057,10,4,0,109.57,111.44,123.1,114.86,123.95416666666667,0.021039805036555673
2025-11-01,Gran Canaria,166.74,148.16,0.888569029626964,11,4,1,125.69,123.57,146.17,119.61,124.17,0.01361428473695019
2025-12-01,Gran Canaria,174.09,148.34,0.8520880004595325,12,4,0,148.16,109.57,140.45,127.80666666666666,124.33583333333331,0.05617657529369893
2026-01-01,Gran Canaria,166.14,149.6,0.900445407487661,1,1,1,148.34,125.69,140.52,140.73,124.99333333333334,0.0646171363506973
2009-01-01,La Gomera,49.11,26.43,0.5381795968234575,1,1,1,,,,,,
2009-02-01,La Gomera,48.46,36.34,0.7498968221213372,2,1,1,26.43,,,,,
2009-03-01,La Gomera,59.93,49.75,0.8301351576839646,3,1,1,36.34,,,,,
2009-04-01,La Gomera,89.57,55.51,0.6197387518142236,4,2,0,49.75,26.43,,37.50666666666667,,
2009-05-01,La Gomera,54.39,20.74,0.3813200956058099,5,2,0,55.51,36.34,,47.199999999999996,,
2009-06-01,La Gomera,49.14,14.89,0.303011803011803,6,2,0,20.74,49.75,,41.99999999999999,,
2009-07-01,La Gomera,56.38,16.95,0.3006385242993969,7,3,0,14.89,55.51,,30.38,,
2009-08-01,La Gomera,59.89,23.12,0.3860410753047253,8,3,1,16.95,20.74,,17.526666666666667,,
2009-09-01,La Gomera,58.77,20.54,0.3494980432193295,9,3,1,23.12,14.89,,18.32,,
2009-10-01,La Gomera,53.24,18.0,0.33809166040571,10,4,0,20.54,16.95,,20.203333333333333,,
2009-11-01,La Gomera,62.64,27.27,0.4353448275862069,11,4,1,18.0,23.12,,20.55333333333333,,
2009-12-01,La Gomera,65.73,26.67,0.4057507987220447,12,4,0,27.27,20.54,,21.936666666666667,,
2010-01-01,La Gomera,62.07,22.15,0.3568551635250523,1,1,1,26.67,18.0,26.43,23.98,28.0175,-0.16193719258418468
2010-02-01,La Gomera,65.44,29.26,0.4471271393643032,2,1,1,22.15,27.27,36.34,25.363333333333333,27.660833333333333,-0.1948266373142543
2010-03-01,La Gomera,63.52,29.24,0.4603274559193954,3,1,1,29.26,26.67,49.75,26.02666666666667,27.070833333333336,-0.41226130653266335
2010-04-01,La Gomera,58.28,20.61,0.3536376115305422,4,2,0,29.24,22.15,55.51,26.883333333333336,25.361666666666668,-0.6287155467483336
2010-05-01,La Gomera,51.57,20.79,0.4031413612565445,5,2,0,20.61,29.26,20.74,26.37,22.453333333333333,0.002410800385728096
2010-06-01,La Gomera,50.69,18.37,0.3623988952456106,6,2,0,20.79,29.24,14.89,23.546666666666667,22.4575,0.23371390194761588
2010-07-01,La Gomera,54.68,19.55,0.3575347476225311,7,3,0,18.37,20.61,16.95,19.923333333333336,22.747500000000002,0.1533923303834809
2010-08-01,La Gomera,66.43,28.43,0.4279692909829896,8,3,1,19.55,20.79,23.12,19.569999999999997,22.964166666666667,0.22967128027681655
2010-09-01,La Gomera,60.81,23.24,0.382173984542016,9,3,1,28.43,18.37,20.54,22.11666666666667,23.406666666666666,0.13145082765335928
2010-10-01,La Gomera,64.38,25.39,0.3943771357564461,10,4,0,23.24,19.55,18.0,23.74,23.631666666666664,0.41055555555555556
2010-11-01,La Gomera,68.38,31.26,0.4571512138052062,11,4,1,25.39,28.43,27.27,25.686666666666667,24.2475,0.14631463146314638
2010-12-01,La Gomera,73.19,28.93,0.3952725782210685,12,4,0,31.26,23.24,26.67,26.63,24.580000000000002,0.08473940757405317
2011-01-01,La Gomera,73.94,31.3,0.4233162023262105,1,1,1,28.93,25.39,22.15,28.526666666666667,24.76833333333333,0.41309255079006785
2011-02-01,La Gomera,73.65,36.08,0.4898845892735912,2,1,1,31.3,31.26,29.26,30.49666666666667,25.530833333333334,0.23308270676691717
2011-03-01,La Gomera,75.11,37.32,0.4968712554919451,3,1,1,36.08,28.93,29.24,32.10333333333333,26.099166666666672,0.27633378932968544
2011-04-01,La Gomera,71.71,32.18,0.4487519174452657,4,2,0,37.32,31.3,20.61,34.9,26.772500000000004,0.5613779718583213
2011-05-01,La Gomera,50.26,21.15,0.4208117787504974,5,2,0,32.18,36.08,20.79,35.193333333333335,27.736666666666668,0.017316017316017288
2011-06-01,La Gomera,49.77,17.95,0.3606590315451075,6,2,0,21.15,37.32,18.37,30.216666666666665,27.766666666666666,-0.022863364180729543
2011-07-01,La Gomera,56.99,23.51,0.4125285137743464,7,3,0,17.95,32.18,19.55,23.76,27.731666666666666,0.20255754475703328
2011-08-01,La Gomera,63.8,29.22,0.4579937304075235,8,3,1,23.51,21.15,28.43,20.87,28.061666666666667,0.02778754836440377
2011-09-01,La Gomera,57.85,25.13,0.4343993085566119,9,3,1,29.22,17.95,23.24,23.560000000000002,28.1275,0.0813253012048193
2011-10-01,La Gomera,64.04,29.5,0.4606495940037476,10,4,0,25.13,23.51,25.39,25.953333333333333,28.285,0.1618747538400945
2011-11-01,La Gomera,68.65,35.37,0.5152221412964311,11,4,1,29.5,29.22,31.26,27.95,28.6275,0.1314779270633396
2011-12-01,La Gomera,68.68,30.12,0.4385556202679091,12,4,0,35.37,25.13,28.93,30.0,28.97,0.04113377117179403
2012-01-01,La Gomera,71.39,34.7,0.4860624737358174,1,1,1,30.12,29.5,31.3,31.663333333333338,29.06916666666667,0.10862619808306716
2012-02-01,La Gomera,75.65,38.87,0.5138136153337739,2,1,1,34.7,35.37,36.08,33.39666666666667,29.352500000000003,0.07732815964523279
2012-03-01,La Gomera,73.88,36.4,0.4926908500270709,3,1,1,38.87,30.12,37.32,34.56333333333333,29.584999999999997,-0.024651661307609905
2012-04-01,La Gomera,67.85,32.0,0.4716285924834194,4,2,0,36.4,34.7,32.18,36.656666666666666,29.50833333333333,-0.005593536357986318
2012-05-01,La Gomera,51.6,19.76,0.3829457364341085,5,2,0,32.0,38.87,21.15,35.75666666666667,29.49333333333333,-0.06572104018912515
2012-06-01,La Gomera,52.43,21.14,0.4032042723631509,6,2,0,19.76,36.4,17.95,29.38666666666667,29.377499999999998,0.17771587743732598
2012-07-01,La Gomera,43.73,17.4,0.3978961811113652,7,3,0,21.14,32.0,23.51,24.3,29.643333333333334,-0.25988940876222894
2012-08-01,La Gomera,60.42,22.33,0.3695796094008606,8,3,1,17.4,19.76,29.22,19.433333333333334,29.13416666666667,-0.23579739904175226
2012-09-01,La Gomera,57.57,19.72,0.3425395171096057,9,3,1,22.33,21.14,25.13,20.289999999999996,28.56,-0.21528054118583367
2012-10-01,La Gomera,65.93,26.58,0.4031548612164416,10,4,0,19.72,17.4,29.5,19.816666666666663,28.109166666666667,-0.09898305084745769
2012-11-01,La Gomera,72.64,31.86,0.4386013215859031,11,4,1,26.58,22.33,35.37,22.876666666666665,27.86583333333333,-0.099236641221374
2012-12-01,La Gomera,71.51,32.62,0.4561599776255068,12,4,0,31.86,19.72,30.12,26.05333333333333,27.573333333333334,0.08300132802124822
2013-01-01,La Gomera,72.87,32.86,0.4509400301907506,1,1,1,32.62,26.58,34.7,30.353333333333335,27.781666666666666,-0.05302593659942372
2013-02-01,La Gomera,80.12,41.25,0.514852720918622,2,1,1,32.86,31.86,38.87,32.446666666666665,27.62833333333333,0.061229740159506114
2013-03-01,La Gomera,79.75,40.45,0.5072100313479624,3,1,1,41.25,32.62,36.4,35.57666666666667,27.826666666666664,0.11126373626373638
2013-04-01,La Gomera,72.64,30.46,0.4193281938325991,4,2,0,40.45,32.86,32.0,38.18666666666667,28.16416666666667,-0.04812499999999997
2013-05-01,La Gomera,54.43,21.46,0.3942678669851185,5,2,0,30.46,41.25,19.76,37.38666666666666,28.035833333333333,0.08603238866396756
2013-06-01,La Gomera,58.86,20.29,0.3447162759089364,6,2,0,21.46,40.45,21.14,30.790000000000003,28.1775,-0.040208136234626365
2013-07-01,La Gomera,56.85,21.34,0.3753737906772207,7,3,0,20.29,30.46,17.4,24.070000000000004,28.106666666666666,0.2264367816091955
2013-08-01,La Gomera,67.79,27.25,0.4019766927275409,8,3,1,21.34,21.46,22.33,21.03,28.435000000000002,0.22033139274518596
2013-09-01,La Gomera,58.43,23.87,0.4085230189970905,9,3,1,27.25,20.29,19.72,22.959999999999997,28.845000000000002,0.21044624746450316
2013-10-01,La Gomera,70.77,31.14,0.4400169563374311,10,4,0,23.87,21.34,26.58,24.153333333333336,29.19083333333333,0.17155756207674952
2013-11-01,La Gomera,76.29,38.79,0.5084545812033031,11,4,1,31.14,27.25,31.86,27.419999999999998,29.570833333333336,0.2175141242937853
2013-12-01,La Gomera,72.88,35.91,0.492727771679473,12,4,0,38.79,23.87,32.62,31.266666666666666,30.14833333333333,0.10085836909871243
2014-01-01,La Gomera,78.82,40.25,0.5106571936056838,1,1,1,35.91,31.14,32.86,35.28,30.4225,0.22489348752282412
2014-02-01,La Gomera,85.33,45.18,0.5294738075706082,2,1,1,40.25,38.79,41.25,38.31666666666666,31.038333333333338,0.09527272727272726
2014-03-01,La Gomera,85.49,42.58,0.4980699497017195,3,1,1,45.18,35.91,40.45,40.446666666666665,31.365833333333338,0.05265760197775019
2014-04-01,La Gomera,71.8,31.34,0.4364902506963788,4,2,0,42.58,40.25,30.46,42.669999999999995,31.543333333333333,0.028890347997373573
2014-05-01,La Gomera,59.14,23.94,0.404802164355766,5,2,0,31.34,45.18,21.46,39.699999999999996,31.616666666666664,0.11556383970177075
2014-06-01,La Gomera,61.91,22.81,0.3684380552414795,6,2,0,23.94,42.58,20.29,32.62,31.823333333333334,0.12419911286347952
2014-07-01,La Gomera,70.91,26.59,0.3749823720208715,7,3,0,22.81,31.34,21.34,26.03,32.03333333333333,0.24601686972820994
2014-08-01,La Gomera,74.7,31.65,0.4236947791164658,8,3,1,26.59,23.94,27.25,24.44666666666667,32.47083333333333,0.16146788990825683
2014-09-01,La Gomera,71.59,30.75,0.4295292638636681,9,3,1,31.65,22.81,23.87,27.016666666666666,32.8375,0.2882279011311269
2014-10-01,La Gomera,67.27,26.86,0.3992864575590902,10,4,0,30.75,26.59,31.14,29.66333333333333,33.41083333333333,-0.1374438021836866
2014-11-01,La Gomera,73.17,37.97,0.5189285226185595,11,4,1,26.86,31.65,38.79,29.75333333333333,33.05416666666667,-0.02113946893529261
2014-12-01,La Gomera,73.26,33.61,0.4587769587769587,12,4,0,37.97,30.75,35.91,31.86,32.98583333333334,-0.0640490114174324
2015-01-01,La Gomera,71.48,35.24,0.4930050363738109,1,1,1,33.61,26.86,40.25,32.81333333333333,32.79416666666666,-0.12447204968944095
2015-02-01,La Gomera,79.4,41.65,0.5245591939546599,2,1,1,35.24,37.97,45.18,35.60666666666666,32.376666666666665,-0.07813191677733514
2015-03-01,La Gomera,74.55,38.09,0.510932260228035,3,1,1,41.65,33.61,42.58,36.833333333333336,32.0825,-0.10544856740253629
2015-04-01,La Gomera,71.17,31.07,0.4365603484614304,4,2,0,38.09,35.24,31.34,38.32666666666667,31.708333333333332,-0.008615188257817472
2015-05-01,La Gomera,58.91,23.21,0.3939908334747921,5,2,0,31.07,41.65,23.94,36.93666666666667,31.685833333333335,-0.03049289891395156
2015-06-01,La Gomera,57.47,18.58,0.3232991125804767,6,2,0,23.21,38.09,22.81,30.790000000000003,31.625,-0.18544498027181064
2015-07-01,La Gomera,62.83,21.43,0.3410791023396466,7,3,0,18.58,31.07,26.59,24.286666666666665,31.272500000000004,-0.19405791650996615
2015-08-01,La Gomera,71.02,30.36,0.4274852154322726,8,3,1,21.43,23.21,31.65,21.073333333333334,30.8425,-0.040758293838862536
2015-09-01,La Gomera,70.08,29.99,0.427939497716895,9,3,1,30.36,18.58,30.75,23.456666666666667,30.735,-0.024715447154471597
2015-10-01,La Gomera,72.59,34.53,0.4756853561096569,10,4,0,29.99,21.43,26.86,27.26,30.671666666666667,0.2855547282204022
2015-11-01,La Gomera,76.44,40.47,0.5294348508634223,11,4,1,34.53,30.36,37.97,31.626666666666665,31.310833333333335,0.06584145377929945
2015-12-01,La Gomera,77.67,40.39,0.52002059997425,12,4,0,40.47,29.99,33.61,34.99666666666667,31.519166666666663,0.20172567688188042
2016-01-01,La Gomera,84.42,44.34,0.5252309879175551,1,1,1,40.39,34.53,35.24,38.46333333333334,32.08416666666667,0.25822928490351876
2016-02-01,La Gomera,86.3,48.61,0.5632676709154114,2,1,1,44.34,40.47,41.65,41.73333333333334,32.8425,0.16710684273709486
2016-03-01,La Gomera,101.71,93.47,0.9189853505063416,3,1,1,48.61,40.39,38.09,44.446666666666665,33.42250000000001,1.4539249146757676
2016-04-01,La Gomera,87.87,66.16,0.752930465460339,4,2,0,93.47,44.34,31.07,62.14000000000001,38.0375,1.1293852590923719
2016-05-01,La Gomera,70.82,48.54,0.6853996046314601,5,2,0,66.16,48.61,23.21,69.41333333333334,40.961666666666666,1.0913399396811718
2016-06-01,La Gomera,72.03,45.61,0.6332083853949743,6,2,0,48.54,93.47,18.58,69.39,43.0725,1.454790096878364
2016-07-01,La Gomera,80.43,56.91,0.7075718015665795,7,3,0,45.61,66.16,21.43,53.43666666666667,45.324999999999996,1.6556229584694353
2016-08-01,La Gomera,94.78,78.27,0.8258071323063937,8,3,1,56.91,48.54,30.36,50.35333333333333,48.281666666666666,1.5780632411067192
2016-09-01,La Gomera,86.32,70.61,0.818002780352178,9,3,1,78.27,45.61,29.99,60.26333333333333,52.274166666666666,1.354451483827943
2016-10-01,La Gomera,95.07,75.84,0.7977279899021774,10,4,0,70.61,56.91,34.53,68.59666666666665,55.659166666666664,1.1963509991311903
2016-11-01,La Gomera,97.81,89.15,0.9114609958081996,11,4,1,75.84,78.27,40.47,74.90666666666665,59.10166666666667,1.202866320731406
2016-12-01,La Gomera,106.23,85.27,0.8026922714863973,12,4,0,89.15,70.61,40.39,78.53333333333335,63.15833333333333,1.111166130230255
2017-01-01,La Gomera,103.47,96.98,0.9372765052672272,1,1,1,85.27,75.84,44.34,83.42,66.89833333333333,1.187189896256202
2017-02-01,La Gomera,110.93,106.18,0.9571802037320832,2,1,1,96.98,89.15,48.61,90.46666666666668,71.285,1.1843242131248717
2017-03-01,La Gomera,117.34,109.16,0.9302880518152375,3,1,1,106.18,85.27,93.47,96.14333333333333,76.0825,0.16786134588638063
2017-04-01,La Gomera,97.68,77.44,0.7927927927927927,4,2,0,109.16,96.98,66.16,104.10666666666667,77.39,0.1704957678355502
2017-05-01,La Gomera,74.96,49.01,0.6538153681963714,5,2,0,77.44,106.18,48.54,97.59333333333332,78.33,0.009682735887927459
2017-06-01,La Gomera,74.83,45.97,0.614325805158359,6,2,0,49.01,109.16,45.61,78.53666666666666,78.36916666666667,0.007893005919754427
2017-07-01,La Gomera,75.88,51.33,0.676462836056932,7,3,0,45.97,77.44,56.91,57.47333333333333,78.39916666666666,-0.09804955192409065
2017-08-01,La Gomera,92.36,67.16,0.7271546123863144,8,3,1,51.33,49.01,78.27,48.77,77.93416666666667,-0.14194455091350452
2017-09-01,La Gomera,103.82,77.8,0.7493739163937585,9,3,1,67.16,45.97,70.61,54.82,77.00833333333334,0.10182693669451916
2017-10-01,La Gomera,95.64,77.44,0.8097030531158511,10,4,0,77.8,51.33,75.84,65.43,77.6075,0.021097046413502032
2017-11-01,La Gomera,116.78,107.46,0.9201918136667236,11,4,1,77.44,67.16,89.15,74.13333333333333,77.74083333333333,0.20538418395961847
2017-12-01,La Gomera,106.1,79.66,0.7508011310084826,12,4,0,107.46,77.8,85.27,87.56666666666666,79.26666666666667,-0.06579101677025917
2018-01-01,La Gomera,108.95,101.22,0.9290500229463056,1,1,1,79.66,77.44,96.98,88.18666666666665,78.79916666666666,0.04372035471231176
2018-02-01,La Gomera,111.67,103.4,0.9259425091788304,2,1,1,101.22,107.46,106.18,96.11333333333333,79.1525,-0.026181955170465256
2018-03-01,La Gomera,105.8,96.49,0.9120037807183364,3,1,1,103.4,79.66,109.16,94.75999999999999,78.92083333333333,-0.11606815683400515
2018-04-01,La Gomera,85.85,68.07,0.7928945835760046,4,2,0,96.49,101.22,77.44,100.37,77.865,-0.12099690082644635
2018-05-01,La Gomera,71.09,44.37,0.6241384160922774,5,2,0,68.07,103.4,49.01,89.32,77.08416666666666,-0.09467455621301776
2018-06-01,La Gomera,69.65,36.19,0.5195979899497487,6,2,0,44.37,96.49,45.97,69.64333333333333,76.69749999999999,-0.21274744398520778
2018-07-01,La Gomera,76.37,49.27,0.6451486185675003,7,3,0,36.19,68.07,51.33,49.54333333333333,75.88250000000001,-0.040132476134813855
2018-08-01,La Gomera,90.45,67.22,0.7431730237700387,8,3,1,49.27,44.37,67.16,43.276666666666664,75.71083333333333,0.0008933889219774014
2018-09-01,La Gomera,85.21,63.71,0.7476821969252436,9,3,1,67.22,36.19,77.8,50.89333333333334,75.71583333333334,-0.1811053984575835
2018-10-01,La Gomera,89.16,70.48,0.7904890085240018,10,4,0,63.71,49.27,77.44,60.06666666666666,74.54166666666666,-0.08987603305785116
2018-11-01,La Gomera,96.91,89.68,0.9253946961097927,11,4,1,70.48,67.22,107.46,67.13666666666667,73.96166666666666,-0.1654569142006327
2018-12-01,La Gomera,100.68,78.49,0.7795987286452124,12,4,0,89.68,63.71,79.66,74.62333333333333,72.48,-0.014687421541551617
2019-01-01,La Gomera,98.34,88.23,0.8971934106162294,1,1,1,78.49,70.48,101.22,79.55000000000001,72.38250000000001,-0.12833432128037933
2019-02-01,La Gomera,100.74,91.29,0.9061941631923766,2,1,1,88.23,89.68,103.4,85.46666666666665,71.3,-0.11711798839458412
2019-03-01,La Gomera,99.92,85.98,0.8604883907125701,3,1,1,91.29,78.49,96.49,86.00333333333333,70.29083333333334,-0.1089232044771478
2019-04-01,La Gomera,91.46,65.99,0.7215176033238574,4,2,0,85.98,88.23,68.07,88.5,69.415,-0.03055677978551489
2019-05-01,La Gomera,69.86,44.84,0.6418551388491269,5,2,0,65.99,91.29,44.37,81.08666666666666,69.24166666666667,0.010592742844264277
2019-06-01,La Gomera,67.32,38.12,0.566250742721331,6,2,0,44.84,85.98,36.19,65.60333333333334,69.28083333333333,0.053329649074329924
2019-07-01,La Gomera,80.38,49.03,0.6099776063697437,7,3,0,38.12,65.99,49.27,49.65,69.44166666666666,-0.004871118327582747
2019-08-01,La Gomera,92.31,64.07,0.6940743148087963,8,3,1,49.03,44.84,67.22,43.99666666666667,69.42166666666667,-0.04686105325795903
2019-09-01,La Gomera,83.02,55.77,0.6717658395567334,9,3,1,64.07,38.12,63.71,50.406666666666666,69.15916666666666,-0.12462721707738185
2019-10-01,La Gomera,86.93,58.32,0.6708846198090417,10,4,0,55.77,49.03,70.48,56.29,68.4975,-0.17253121452894443
2019-11-01,La Gomera,96.59,82.39,0.8529868516409566,11,4,1,58.32,64.07,89.68,59.38666666666666,67.48416666666667,-0.08128902765388053
2019-12-01,La Gomera,100.86,74.55,0.7391433670434265,12,4,0,82.39,55.77,78.49,65.49333333333334,66.87666666666667,-0.0501974773856542
2020-01-01,La Gomera,103.7,88.14,0.8499517839922854,1,1,1,74.55,58.32,88.23,71.75333333333333,66.54833333333333,-0.001020061203672259
2020-02-01,La Gomera,106.56,89.97,0.8443130630630631,2,1,1,88.14,82.39,91.29,81.69333333333333,66.54083333333332,-0.014459415050936656
2020-03-01,La Gomera,98.6,35.58,0.3608519269776876,3,1,1,89.97,74.55,85.98,84.22000000000001,66.43083333333333,-0.5861828332170272
2020-07-01,La Gomera,79.06,15.7,0.1985833544143688,7,3,0,35.58,88.14,65.99,71.23,62.23083333333333,-0.7620851644188513
2020-08-01,La Gomera,91.59,53.94,0.5889289223714379,8,3,1,15.7,89.97,44.84,47.083333333333336,58.03999999999999,0.202943800178412
2020-09-01,La Gomera,81.57,27.53,0.3375015324261371,9,3,1,53.94,35.58,38.12,35.07333333333333,58.79833333333334,-0.27780692549842595
2020-10-01,La Gomera,80.89,18.43,0.227840276919273,10,4,0,27.53,15.7,49.03,32.39,57.91583333333333,-0.624107689169896
2020-11-01,La Gomera,85.95,24.09,0.2802792321116928,11,4,1,18.43,53.94,64.07,33.300000000000004,55.365833333333335,-0.6240049945372248
2020-12-01,La Gomera,93.35,30.49,0.3266202463845742,12,4,0,24.09,27.53,55.77,23.349999999999998,52.034166666666664,-0.4532902994441457
2021-01-01,La Gomera,85.02,13.95,0.1640790402258292,1,1,1,30.49,18.43,58.32,24.336666666666662,49.9275,-0.7608024691358025
2021-02-01,La Gomera,82.12,18.48,0.2250365319045299,2,1,1,13.95,24.09,82.39,22.843333333333334,46.23,-0.7757009345794392
2021-03-01,La Gomera,87.28,23.88,0.2736021998166819,3,1,1,18.48,30.49,74.55,20.973333333333333,40.90416666666666,-0.6796780684104629
2021-04-01,La Gomera,86.82,19.34,0.2227597327804653,4,2,0,23.88,13.95,88.14,18.77,36.681666666666665,-0.7805763557975947
2021-05-01,La Gomera,73.56,25.44,0.3458401305057096,5,2,0,19.34,18.48,89.97,20.566666666666666,30.948333333333334,-0.7172390796932311
2021-06-01,La Gomera,76.76,28.36,0.3694632621156852,6,2,0,25.44,23.88,35.58,22.886666666666667,25.570833333333336,-0.20292299044406967
2021-07-01,La Gomera,88.35,51.25,0.5800792303338993,7,3,0,28.36,19.34,15.7,24.38,24.969166666666666,2.2643312101910826
2021-08-01,La Gomera,104.87,70.45,0.671784113664537,8,3,1,51.25,25.44,53.94,35.016666666666666,27.93166666666666,0.3060808305524658
2021-09-01,La Gomera,92.07,63.16,0.6859997827739763,9,3,1,70.45,28.36,27.53,50.02,29.3075,1.2942244823828548
2021-10-01,La Gomera,97.29,73.96,0.7602014595539108,10,4,0,63.16,51.25,18.43,61.620000000000005,32.276666666666664,3.013022246337493
2021-11-01,La Gomera,106.87,96.37,0.9017497894638346,11,4,1,73.96,70.45,24.09,69.19,36.90416666666667,3.000415110004151
2021-12-01,La Gomera,110.98,82.03,0.7391421877815822,12,4,0,96.37,63.16,30.49,77.83,42.9275,1.6903902918989835
2022-01-01,La Gomera,112.53,90.61,0.8052075002221629,1,1,1,82.03,73.96,13.95,84.11999999999999,47.222500000000004,5.495340501792115
2022-02-01,La Gomera,118.38,95.96,0.8106099003210001,2,1,1,90.61,96.37,18.48,89.67,53.610833333333325,4.192640692640692
2022-03-01,La Gomera,116.37,92.39,0.7939331442811721,3,1,1,95.96,82.03,23.88,89.53333333333335,60.067499999999995,2.8689279731993302
2022-04-01,La Gomera,112.3,73.14,0.6512911843276937,4,2,0,92.39,90.61,19.34,92.98666666666666,65.77666666666666,2.7817993795243017
2022-05-01,La Gomera,81.22,48.43,0.5962817040137897,5,2,0,73.14,95.96,25.44,87.16333333333334,70.26,0.903694968553459
2022-06-01,La Gomera,81.45,44.07,0.5410681399631676,6,2,0,48.43,92.39,28.36,71.32000000000001,72.17583333333333,0.5539492242595205
2022-07-01,La Gomera,90.79,55.91,0.615816719903073,7,3,0,44.07,73.14,51.25,55.21333333333333,73.485,0.09092682926829261
2022-08-01,La Gomera,108.36,75.08,0.692875599852344,8,3,1,55.91,48.43,70.45,49.47,73.87333333333333,0.06572036905606807
2022-09-01,La Gomera,89.77,57.44,0.6398574133897739,9,3,1,75.08,44.07,63.16,58.35333333333333,74.25916666666667,-0.09056364787840404
2022-10-01,La Gomera,95.25,65.46,0.6872440944881889,10,4,0,57.44,55.91,73.96,62.81,73.7825,-0.11492698756084371
2022-11-01,La Gomera,108.01,90.01,0.833348764003333,11,4,1,65.46,75.08,96.37,65.99333333333333,73.07416666666667,-0.0659956417972398
2022-12-01,La Gomera,111.14,84.43,0.7596724851538601,12,4,0,90.01,57.44,82.03,70.97,72.54416666666667,0.029257588687065777
2023-01-01,La Gomera,117.2,102.79,0.8770477815699659,1,1,1,84.43,65.46,90.61,79.96666666666667,72.74416666666667,0.13442224919986764
2023-02-01,La Gomera,120.47,106.22,0.881713289615672,2,1,1,102.79,90.01,95.96,92.41000000000001,73.75916666666667,0.1069195498124219
2023-03-01,La Gomera,116.89,99.11,0.8478911797416374,3,1,1,106.22,84.43,92.39,97.81333333333333,74.61416666666666,0.07273514449615757
2023-04-01,La Gomera,109.31,74.95,0.6856646235477084,4,2,0,99.11,102.79,73.14,102.70666666666666,75.17416666666666,0.02474706043204816
2023-05-01,La Gomera,80.92,49.57,0.6125803262481463,5,2,0,74.95,106.22,48.43,93.42666666666666,75.325,0.02353912863927319
2023-06-01,La Gomera,80.18,46.57,0.5808181591419306,6,2,0,49.57,99.11,44.07,74.54333333333334,75.42,0.056727932834127526
2023-07-01,La Gomera,96.8,56.77,0.5864669421487604,7,3,0,46.57,74.95,55.91,57.03,75.62833333333334,0.015381863709533296
2023-08-01,La Gomera,108.31,75.34,0.6955959745175884,8,3,1,56.77,49.57,75.08,50.97,75.7,0.003462972828982487
2023-09-01,La Gomera,92.64,65.07,0.7023963730569948,9,3,1,75.34,46.57,57.44,59.56,75.72166666666668,0.13283426183844005
2023-10-01,La Gomera,104.4,76.37,0.7315134099616858,10,4,0,65.07,56.77,65.46,65.72666666666667,76.3575,0.16666666666666685
2023-11-01,La Gomera,114.99,98.74,0.8586833637707627,11,4,1,76.37,75.34,90.01,72.26,77.26666666666667,0.09698922341961992
2023-12-01,La Gomera,115.77,92.02,0.7948518614494255,12,4,0,98.74,65.07,84.43,80.06,77.99416666666667,0.08989695605827298
2024-01-01,La Gomera,115.29,101.46,0.8800416341399947,1,1,1,92.02,76.37,102.79,89.04333333333334,78.62666666666667,-0.012939001848428956
2024-02-01,La Gomera,122.1,114.28,0.935954135954136,2,1,1,101.46,98.74,106.22,97.40666666666665,78.51583333333333,0.07588024854076447
2024-03-01,La Gomera,124.32,108.78,0.8750000000000001,3,1,1,114.28,92.02,99.11,102.58666666666666,79.1875,0.09756835838966807
2024-04-01,La Gomera,91.17,41.51,0.4553032795875836,4,2,0,108.78,101.46,74.95,108.17333333333333,79.99333333333333,-0.4461641094062709
2024-05-01,La Gomera,77.31,50.81,0.657224162462812,5,2,0,41.51,114.28,49.57,88.19,77.20666666666666,0.02501513011902364
2024-06-01,La Gomera,74.58,52.0,0.6972378653794583,6,2,0,50.81,108.78,46.57,67.03333333333333,77.31,0.11659866867081811
2024-07-01,La Gomera,90.82,63.75,0.7019378991411583,7,3,0,52.0,41.51,56.77,48.10666666666666,77.7625,0.12295226351946445
2024-08-01,La Gomera,96.64,76.92,0.7959437086092715,8,3,1,63.75,50.81,75.34,55.52,78.34416666666667,0.02097159543403236
2024-09-01,La Gomera,84.98,69.01,0.8120734290421275,9,3,1,76.92,52.0,65.07,64.22333333333334,78.47583333333333,0.06055017673274954
2024-10-01,La Gomera,85.69,68.74,0.8021939549539036,10,4,0,69.01,63.75,76.37,69.89333333333333,78.80416666666666,-0.09990834097158582
2024-11-01,La Gomera,101.34,89.54,0.883560292086047,11,4,1,68.74,76.92,98.74,71.55666666666667,78.16833333333334,-0.09317399230301791
2024-12-01,La Gomera,134.89,98.02,0.7266661724368004,12,4,0,89.54,69.01,92.02,75.76333333333334,77.40166666666666,0.06520321669202347
2025-01-01,La Gomera,141.19,123.6,0.8754161059565124,1,1,1,98.02,68.74,101.46,85.43333333333334,77.90166666666666,0.21821407451212302
2025-02-01,La Gomera,137.23,122.69,0.8940464912919917,2,1,1,123.6,89.54,114.28,103.71999999999998,79.74666666666666,0.07359117955897791
2025-03-01,La Gomera,133.06,112.56,0.8459341650383285,3,1,1,122.69,98.02,108.78,114.76999999999998,80.4475,0.034749034749034756
2025-04-01,La Gomera,130.01,80.0,0.615337281747558,4,2,0,112.56,123.6,41.51,119.61666666666667,80.7625,0.9272464466393641
2025-05-01,La Gomera,94.89,57.29,0.6037517125092212,5,2,0,80.0,122.69,50.81,105.08333333333333,83.97,0.12753395000984052
2025-06-01,La Gomera,93.15,49.48,0.5311862587224906,6,2,0,57.29,112.56,52.0,83.28333333333333,84.51,-0.04846153846153852
2025-07-01,La Gomera,104.86,62.12,0.5924089261872973,7,3,0,49.48,80.0,63.75,62.25666666666666,84.3,-0.025568627450980434
2025-08-01,La Gomera,118.99,76.53,0.64316329103286,8,3,1,62.12,57.29,76.92,56.29666666666666,84.16416666666666,-0.005070202808112332
2025-09-01,La Gomera,104.64,74.35,0.7105313455657492,9,3,1,76.53,49.48,69.01,62.71,84.13166666666666,0.07738008984205172
2025-10-01,La Gomera,111.33,79.34,0.7126560675469326,10,4,0,74.35,62.12,68.74,70.99999999999999,84.57666666666667,0.15420424789060241
2025-11-01,La Gomera,136.23,116.84,0.8576671805035603,11,4,1,79.34,76.53,89.54,76.74,85.46,0.3048916685280321
2025-12-01,La Gomera,140.38,103.2,0.7351474569026928,12,4,0,116.84,74.35,98.02,90.17666666666666,87.735,0.05284635788614576
2026-01-01,La Gomera,146.27,128.13,0.8759827715867915,1,1,1,103.2,79.34,123.6,99.79333333333334,88.16666666666667,0.03665048543689321
2009-01-01,La Palma,40.76,16.53,0.4055446516192346,1,1,1,,,,,,
2009-02-01,La Palma,48.65,25.76,0.5294964028776978,2,1,1,16.53,,,,,
2009-03-01,La Palma,41.65,23.63,0.5673469387755102,3,1,1,25.76,,,,,
2009-04-01,La Palma,34.46,15.01,0.4355774811375508,4,2,0,23.63,16.53,,21.973333333333333,,
2009-05-01,La Palma,32.66,12.68,0.3882424984690754,5,2,0,15.01,25.76,,21.46666666666667,,
2009-06-01,La Palma,32.86,13.23,0.4026171637248935,6,2,0,12.68,23.63,,17.106666666666666,,
2009-07-01,La Palma,40.67,24.33,0.5982296533071059,7,3,0,13.23,15.01,,13.64,,
2009-08-01,La Palma,41.03,27.77,0.6768218376797465,8,3,1,24.33,12.68,,16.746666666666666,,
2009-09-01,La Palma,34.25,16.95,0.494890510948905,9,3,1,27.77,13.23,,21.776666666666667,,
2009-10-01,La Palma,34.18,14.08,0.41193680514921,10,4,0,16.95,24.33,,23.016666666666666,,
2009-11-01,La Palma,39.5,20.76,0.5255696202531646,11,4,1,14.08,27.77,,19.599999999999998,,
2009-12-01,La Palma,48.81,22.45,0.4599467322270026,12,4,0,20.76,16.95,,17.263333333333335,,
2010-01-01,La Palma,38.82,16.97,0.4371458011334363,1,1,1,22.45,14.08,16.53,19.096666666666668,19.43166666666667,0.02661826981246205
2010-02-01,La Palma,40.93,19.77,0.4830197898851698,2,1,1,16.97,20.76,25.76,20.06,19.468333333333334,-0.23253105590062118
2010-03-01,La Palma,38.95,18.24,0.4682926829268292,3,1,1,19.77,22.45,23.63,19.73,18.969166666666666,-0.22809987304274232
2010-04-01,La Palma,42.24,19.28,0.4564393939393939,4,2,0,18.24,16.97,15.01,18.326666666666664,18.52,0.28447701532311803
2010-05-01,La Palma,36.84,14.47,0.3927795874049946,5,2,0,19.28,19.77,12.68,19.096666666666668,18.875833333333333,0.14116719242902215
2010-06-01,La Palma,37.84,14.68,0.3879492600422832,6,2,0,14.47,18.24,13.23,17.330000000000002,19.025,0.10959939531368097
2010-07-01,La Palma,38.91,19.74,0.5073245952197378,7,3,0,14.68,19.28,24.33,16.143333333333334,19.145833333333332,-0.18865598027127004
2010-08-01,La Palma,41.51,22.86,0.5507106721271983,8,3,1,19.74,14.47,27.77,16.296666666666667,18.763333333333335,-0.17680950666186532
2010-09-01,La Palma,34.22,18.24,0.5330216247808299,9,3,1,22.86,14.68,16.95,19.093333333333334,18.354166666666668,0.07610619469026544
2010-10-01,La Palma,31.32,12.99,0.4147509578544061,10,4,0,18.24,19.74,14.08,20.28,18.46166666666667,-0.07741477272727272
2010-11-01,La Palma,43.63,22.52,0.5161586064634426,11,4,1,12.99,22.86,20.76,18.03,18.370833333333334,0.08477842003853554
2010-12-01,La Palma,46.55,20.56,0.4416756176154672,12,4,0,22.52,18.24,22.45,17.916666666666668,18.517500000000002,-0.08418708240534524
2011-01-01,La Palma,50.11,23.94,0.4777489523049292,1,1,1,20.56,12.99,16.97,18.69,18.36,0.4107248084855629
2011-02-01,La Palma,48.63,27.17,0.5587086160806087,2,1,1,23.94,22.52,19.77,22.340000000000003,18.940833333333334,0.37430450177035923
2011-03-01,La Palma,48.71,27.48,0.5641552042701704,3,1,1,27.17,20.56,18.24,23.89,19.5575,0.5065789473684212
2011-04-01,La Palma,43.82,23.31,0.5319488817891374,4,2,0,27.48,23.94,19.28,26.19666666666667,20.3275,0.20902489626556003
2011-05-01,La Palma,38.23,9.48,0.2479727962333246,5,2,0,23.31,27.17,14.47,25.986666666666668,20.663333333333334,-0.34485141672425706
2011-06-01,La Palma,36.76,8.55,0.2325897714907508,6,2,0,9.48,27.48,14.68,20.09,20.2475,-0.4175749318801089
2011-07-01,La Palma,48.4,13.5,0.2789256198347107,7,3,0,8.55,23.31,19.74,13.78,19.736666666666668,-0.31610942249240115
2011-08-01,La Palma,60.9,18.09,0.2970443349753695,8,3,1,13.5,9.48,22.86,10.51,19.21666666666667,-0.20866141732283464
2011-09-01,La Palma,37.98,11.84,0.3117430226434966,9,3,1,18.09,8.55,18.24,13.38,18.819166666666668,-0.35087719298245607
2011-10-01,La Palma,38.23,10.55,0.2759612869474235,10,4,0,11.84,13.5,12.99,14.476666666666667,18.285833333333333,-0.18783679753656654
2011-11-01,La Palma,49.11,26.32,0.5359397271431481,11,4,1,10.55,18.09,22.52,13.493333333333334,18.0825,0.1687388987566608
2011-12-01,La Palma,51.78,15.04,0.2904596369254538,12,4,0,26.32,11.84,20.56,16.236666666666668,18.399166666666666,-0.26848249027237353
2012-01-01,La Palma,40.36,13.66,0.3384539147670961,1,1,1,15.04,10.55,23.94,17.303333333333335,17.93916666666667,-0.42940685045948207
2012-02-01,La Palma,50.01,12.95,0.2589482103579284,2,1,1,13.66,26.32,27.17,18.34,17.0825,-0.5233713654766287
2012-03-01,La Palma,49.12,24.54,0.4995928338762215,3,1,1,12.95,15.04,27.48,13.883333333333333,15.897499999999999,-0.10698689956331882
2012-04-01,La Palma,35.99,14.76,0.4101139205334815,4,2,0,24.54,13.66,23.31,17.05,15.652499999999998,-0.3667953667953668
2012-05-01,La Palma,33.0,7.62,0.2309090909090909,5,2,0,14.76,12.95,9.48,17.416666666666664,14.94,-0.19620253164556964
2012-06-01,La Palma,32.56,7.5,0.2303439803439803,6,2,0,7.62,24.54,8.55,15.64,14.785000000000002,-0.12280701754385973
2012-07-01,La Palma,36.11,9.61,0.2661312655774023,7,3,0,7.5,14.76,13.5,9.959999999999999,14.6975,-0.2881481481481482
2012-08-01,La Palma,43.77,12.55,0.286726068083162,8,3,1,9.61,7.62,18.09,8.243333333333332,14.373333333333333,-0.30624654505251514
2012-09-01,La Palma,36.31,10.1,0.2781602864224731,9,3,1,12.55,7.5,11.84,9.886666666666665,13.911666666666667,-0.14695945945945948
2012-10-01,La Palma,34.1,14.65,0.4296187683284457,10,4,0,10.1,9.61,10.55,10.753333333333332,13.766666666666667,0.38862559241706157
2012-11-01,La Palma,40.55,13.17,0.3247842170160296,11,4,1,14.65,12.55,26.32,12.433333333333332,14.108333333333334,-0.49962006079027355
2012-12-01,La Palma,46.09,13.27,0.287914949012801,12,4,0,13.17,10.1,15.04,12.64,13.012500000000001,-0.11768617021276594
2013-01-01,La Palma,39.73,19.16,0.4822552227535867,1,1,1,13.27,14.65,13.66,13.696666666666665,12.865,0.40263543191800877
2013-02-01,La Palma,43.49,13.64,0.3136353184640147,2,1,1,19.16,13.17,12.95,15.199999999999998,13.323333333333332,0.053281853281853385
2013-03-01,La Palma,39.54,12.14,0.3070308548305513,3,1,1,13.64,13.27,24.54,15.356666666666664,13.380833333333333,-0.5052974735126324
2013-04-01,La Palma,43.38,15.28,0.3522360534808667,4,2,0,12.14,19.16,14.76,14.979999999999999,12.347500000000002,0.035230352303523005
2013-05-01,La Palma,35.31,11.49,0.3254035683942226,5,2,0,15.28,13.64,7.62,13.686666666666666,12.390833333333333,0.5078740157480315
2013-06-01,La Palma,34.32,8.51,0.2479603729603729,6,2,0,11.49,12.14,7.5,12.969999999999999,12.713333333333331,0.13466666666666663
2013-07-01,La Palma,35.47,7.52,0.2120101494220468,7,3,0,8.51,15.28,9.61,11.759999999999998,12.7975,-0.21748178980228927
2013-08-01,La Palma,44.02,18.7,0.42480690595184,8,3,1,7.52,11.49,12.55,9.173333333333332,12.623333333333333,0.49003984063745004
2013-09-01,La Palma,36.62,7.99,0.2181867831785909,9,3,1,18.7,8.51,10.1,11.576666666666663,13.135833333333332,-0.20891089108910887
2013-10-01,La Palma,38.39,13.91,0.3623339411305027,10,4,0,7.99,7.52,14.65,11.40333333333333,12.959999999999999,-0.05051194539249148
2013-11-01,La Palma,44.08,20.53,0.4657441016333938,11,4,1,13.91,18.7,13.17,13.533333333333331,12.898333333333333,0.5588458618071376
2013-12-01,La Palma,44.54,20.09,0.4510552312528065,12,4,0,20.53,7.99,13.27,14.143333333333333,13.511666666666665,0.5139412207987943
2014-01-01,La Palma,41.75,23.47,0.5621556886227544,1,1,1,20.09,13.91,19.16,18.176666666666666,14.079999999999998,0.22494780793319408
2014-02-01,La Palma,41.24,21.31,0.5167313288069835,2,1,1,23.47,20.53,13.64,21.363333333333333,14.439166666666665,0.5623167155425218
2014-03-01,La Palma,45.8,22.8,0.4978165938864629,3,1,1,21.31,20.09,12.14,21.623333333333335,15.078333333333333,0.8780889621087314
2014-04-01,La Palma,37.16,9.92,0.2669537136706136,4,2,0,22.8,23.47,15.28,22.526666666666667,15.966666666666667,-0.3507853403141361
2014-05-01,La Palma,33.19,15.93,0.4799638445314854,5,2,0,9.92,21.31,11.49,18.009999999999998,15.519999999999998,0.3864229765013054
2014-06-01,La Palma,32.72,13.98,0.4272616136919315,6,2,0,15.93,22.8,8.51,16.216666666666665,15.89,0.6427732079905993
2014-07-01,La Palma,37.53,8.97,0.2390087929656275,7,3,0,13.98,9.92,7.52,13.276666666666666,16.34583333333333,0.19281914893617036
2014-08-01,La Palma,46.25,19.72,0.4263783783783783,8,3,1,8.97,15.93,18.7,12.959999999999999,16.46666666666667,0.05454545454545452
2014-09-01,La Palma,40.08,15.72,0.3922155688622755,9,3,1,19.72,13.98,7.99,14.223333333333334,16.551666666666666,0.967459324155194
2014-10-01,La Palma,35.45,15.34,0.432722143864598,10,4,0,15.72,8.97,13.91,14.803333333333335,17.195833333333336,0.10280373831775699
2014-11-01,La Palma,38.85,22.46,0.5781209781209781,11,4,1,15.34,19.72,20.53,16.926666666666666,17.314999999999998,0.09400876765708717
2014-12-01,La Palma,39.42,19.48,0.4941653982749873,12,4,0,22.46,15.72,20.09,17.84,17.475833333333334,-0.03036336485813835
2015-01-01,La Palma,41.74,23.57,0.5646861523718255,1,1,1,19.48,15.34,23.47,19.093333333333334,17.425,0.00426075841499793
2015-02-01,La Palma,43.6,25.83,0.5924311926605504,2,1,1,23.57,22.46,21.31,21.836666666666662,17.433333333333334,0.21210699202252462
2015-03-01,La Palma,42.37,23.89,0.5638423412792071,3,1,1,25.83,19.48,22.8,22.959999999999997,17.81,0.04780701754385964
2015-04-01,La Palma,37.28,22.77,0.610783261802575,4,2,0,23.89,23.57,9.92,24.429999999999996,17.900833333333335,1.2953629032258065
2015-05-01,La Palma,36.57,20.06,0.5485370522286026,5,2,0,22.77,25.83,15.93,24.16333333333333,18.971666666666668,0.2592592592592592
2015-06-01,La Palma,37.45,20.61,0.5503337783711615,6,2,0,20.06,23.89,13.98,22.24,19.315833333333334,0.47424892703862653
2015-07-01,La Palma,42.18,23.57,0.5587956377430062,7,3,0,20.61,22.77,8.97,21.146666666666665,19.868333333333336,1.6276477146042363
2015-08-01,La Palma,42.07,25.16,0.5980508676016163,8,3,1,23.57,20.06,19.72,21.41333333333333,21.084999999999997,0.27586206896551735
2015-09-01,La Palma,38.45,20.98,0.5456436931079324,9,3,1,25.16,20.61,15.72,23.11333333333333,21.538333333333338,0.33460559796437656
2015-10-01,La Palma,38.99,20.27,0.5198768915106438,10,4,0,20.98,23.57,15.34,23.236666666666665,21.976666666666663,0.3213820078226858
2015-11-01,La Palma,44.24,27.69,0.6259041591320073,11,4,1,20.27,25.16,22.46,22.136666666666667,22.387500000000003,0.23285841495992876
2015-12-01,La Palma,44.77,25.26,0.5642171096716552,12,4,0,27.69,20.98,19.48,22.98,22.823333333333334,0.2967145790554415
2016-01-01,La Palma,40.44,25.58,0.6325420375865479,1,1,1,25.26,20.27,23.57,24.406666666666666,23.304999999999996,0.0852778956300381
2016-02-01,La Palma,43.68,29.26,0.6698717948717949,2,1,1,25.58,27.69,25.83,26.176666666666666,23.4725,0.13279132791327927
2016-03-01,La Palma,41.93,32.98,0.7865490102551872,3,1,1,29.26,25.26,23.89,26.7,23.758333333333336,0.38049393051485964
2016-04-01,La Palma,37.85,27.7,0.7318361955085865,4,2,0,32.98,25.58,22.77,29.27333333333333,24.515833333333337,0.21651295564339043
2016-05-01,La Palma,36.75,23.03,0.6266666666666667,5,2,0,27.7,29.26,20.06,29.98,24.926666666666666,0.14805583250249266
2016-06-01,La Palma,39.38,24.18,0.6140172676485525,6,2,0,23.03,32.98,20.61,27.903333333333332,25.174166666666665,0.17321688500727803
2016-07-01,La Palma,40.89,31.7,0.7752506725360724,7,3,0,24.18,27.7,23.57,24.97,25.471666666666668,0.3449299957573186
2016-08-01,La Palma,46.38,39.09,0.8428201811125485,8,3,1,31.7,23.03,25.16,26.30333333333333,26.149166666666662,0.5536565977742449
2016-09-01,La Palma,43.55,34.84,0.8000000000000002,9,3,1,39.09,24.18,20.98,31.656666666666666,27.310000000000002,0.6606291706387036
2016-10-01,La Palma,43.15,32.14,0.7448435689455388,10,4,0,34.84,31.7,20.27,35.21,28.465,0.5855944745929946
2016-11-01,La Palma,46.03,42.05,0.91353465131436,11,4,1,32.14,39.09,27.69,35.35666666666667,29.45416666666667,0.5185987721198987
2016-12-01,La Palma,46.23,39.46,0.8535582954791262,12,4,0,42.05,34.84,25.26,36.343333333333334,30.650833333333335,0.56215360253365
2017-01-01,La Palma,47.28,43.66,0.9234348561759728,1,1,1,39.46,32.14,25.58,37.88333333333333,31.834166666666672,0.7068021892103206
2017-02-01,La Palma,50.49,45.64,0.9039413745296098,2,1,1,43.66,42.05,29.26,41.72333333333333,33.34083333333333,0.5598086124401913
2017-03-01,La Palma,49.0,43.09,0.8793877551020409,3,1,1,45.64,39.46,32.98,42.919999999999995,34.70583333333333,0.3065494238932689
2017-04-01,La Palma,45.79,36.14,0.789255295916139,4,2,0,43.09,43.66,27.7,44.129999999999995,35.54833333333334,0.3046931407942239
2017-05-01,La Palma,41.47,25.69,0.6194839643115506,5,2,0,36.14,45.64,23.03,41.623333333333335,36.251666666666665,0.11550151975683891
2017-06-01,La Palma,41.92,26.16,0.6240458015267175,6,2,0,25.69,43.09,24.18,34.973333333333336,36.473333333333336,0.08188585607940449
2017-07-01,La Palma,46.38,32.27,0.6957740405347133,7,3,0,26.16,36.14,31.7,29.330000000000002,36.638333333333335,0.017981072555205167
2017-08-01,La Palma,49.84,38.57,0.773876404494382,8,3,1,32.27,25.69,39.09,28.040000000000003,36.685833333333335,-0.0133026349449988
2017-09-01,La Palma,43.9,34.22,0.779498861047836,9,3,1,38.57,26.16,34.84,32.333333333333336,36.6425,-0.017795637198622403
2017-10-01,La Palma,43.96,31.65,0.7199727024567788,10,4,0,34.22,32.27,32.14,35.02,36.590833333333336,-0.01524579962663354
2017-11-01,La Palma,47.68,42.39,0.8890520134228188,11,4,1,31.65,38.57,42.05,34.81333333333333,36.550000000000004,0.00808561236623076
2017-12-01,La Palma,46.19,34.16,0.7395540160207836,12,4,0,42.39,34.22,39.46,36.086666666666666,36.57833333333333,-0.13431322858590988
2018-01-01,La Palma,48.91,42.84,0.8758945001022287,1,1,1,34.16,31.65,43.66,36.06666666666666,36.13666666666666,-0.01878149335776439
2018-02-01,La Palma,51.16,44.25,0.8649335418295544,2,1,1,42.84,42.39,45.64,39.79666666666667,36.068333333333335,-0.03045574057843998
2018-03-01,La Palma,49.82,43.5,0.8731433159373746,3,1,1,44.25,34.16,43.09,40.416666666666664,35.9525,0.00951496867022503
2018-04-01,La Palma,44.83,31.18,0.6955163952710239,4,2,0,43.5,42.84,36.14,43.53,35.986666666666665,-0.13724405091311567
2018-05-01,La Palma,43.32,24.65,0.5690212373037857,5,2,0,31.18,44.25,25.69,39.64333333333334,35.57333333333333,-0.040482678084858024
2018-06-01,La Palma,42.86,29.94,0.6985534297713486,6,2,0,24.65,43.5,26.16,33.11,35.48666666666667,0.14449541284403675
2018-07-01,La Palma,44.7,36.57,0.8181208053691275,7,3,0,29.94,31.18,32.27,28.59,35.80166666666667,0.13325069724202035
2018-08-01,La Palma,49.65,43.24,0.870896273917422,8,3,1,36.57,24.65,38.57,30.386666666666667,36.160000000000004,0.12107855846512838
2018-09-01,La Palma,45.58,37.19,0.8159280386134269,9,3,1,43.24,29.94,34.22,36.583333333333336,36.54916666666667,0.086791350087668
2018-10-01,La Palma,44.08,27.03,0.6132032667876589,10,4,0,37.19,36.57,31.65,39.0,36.79666666666667,-0.14597156398104258
2018-11-01,La Palma,48.79,38.73,0.7938102070096331,11,4,1,27.03,43.24,42.39,35.82,36.41166666666667,-0.08634111818825203
2018-12-01,La Palma,55.05,36.82,0.6688465031789282,12,4,0,38.73,37.19,34.16,34.31666666666666,36.10666666666667,0.07786885245901651
2019-01-01,La Palma,54.29,41.33,0.7612820040523116,1,1,1,36.82,27.03,42.84,34.193333333333335,36.32833333333333,-0.03524743230625595
2019-02-01,La Palma,57.95,45.27,0.781190681622088,2,1,1,41.33,38.73,44.25,38.96,36.2025,0.02305084745762719
2019-03-01,La Palma,60.7,51.39,0.8466227347611203,3,1,1,45.27,36.82,43.5,41.14000000000001,36.2875,0.1813793103448276
2019-04-01,La Palma,52.46,37.35,0.7119710255432711,4,2,0,51.39,41.33,31.18,45.99666666666667,36.945,0.1978832584990379
2019-05-01,La Palma,48.44,27.82,0.574318744838976,5,2,0,37.35,45.27,24.65,44.669999999999995,37.45916666666667,0.12860040567951325
2019-06-01,La Palma,49.08,31.06,0.6328443357783211,6,2,0,27.82,51.39,29.94,38.85333333333333,37.72333333333333,0.03740814963259844
2019-07-01,La Palma,55.86,37.66,0.6741854636591478,7,3,0,31.06,37.35,36.57,32.07666666666667,37.81666666666666,0.029805851791085487
2019-08-01,La Palma,61.9,45.8,0.739903069466882,8,3,1,37.66,27.82,43.24,32.18,37.9075,0.05920444033302486
2019-09-01,La Palma,51.84,37.47,0.7228009259259258,9,3,1,45.8,31.06,37.19,38.17333333333334,38.12083333333333,0.007528905619790297
2019-10-01,La Palma,51.64,33.15,0.6419442292796281,10,4,0,37.47,37.66,27.03,40.31,38.14416666666666,0.22641509433962254
2019-11-01,La Palma,56.86,47.34,0.8325712275765038,11,4,1,33.15,45.8,38.73,38.806666666666665,38.65416666666667,0.2223082881487221
2019-12-01,La Palma,57.06,41.96,0.735366281107606,12,4,0,47.34,37.47,36.82,39.32,39.37166666666666,0.13959804454101032
2020-01-01,La Palma,54.79,40.66,0.7421062237634605,1,1,1,41.96,33.15,41.33,40.81666666666667,39.800000000000004,-0.01621098475683527
2020-02-01,La Palma,61.79,48.89,0.7912283541026056,2,1,1,40.66,47.34,45.27,43.32,39.744166666666665,0.07996465650541192
2020-03-01,La Palma,60.75,23.45,0.3860082304526749,3,1,1,48.89,41.96,51.39,43.836666666666666,40.04583333333333,-0.5436855419342285
2020-07-01,La Palma,56.18,9.05,0.1610893556425774,7,3,0,23.45,40.66,37.35,37.666666666666664,37.717499999999994,-0.7576974564926372
2020-08-01,La Palma,81.8,54.25,0.6632029339853301,8,3,1,9.05,48.89,27.82,27.130000000000006,35.35916666666667,0.9500359453630481
2020-09-01,La Palma,68.03,34.55,0.5078641775687196,9,3,1,54.25,23.45,31.06,28.916666666666668,37.56166666666667,0.11236316806181579
2020-10-01,La Palma,64.04,21.0,0.3279200499687695,10,4,0,34.55,9.05,37.66,32.61666666666667,37.8525,-0.44237918215613375
2020-11-01,La Palma,66.52,15.75,0.2367708959711365,11,4,1,21.0,54.25,45.8,36.6,36.464166666666664,-0.6561135371179039
2020-12-01,La Palma,68.47,20.33,0.2969183584051409,12,4,0,15.75,34.55,37.47,23.76666666666667,33.96,-0.4574326127568722
2021-01-01,La Palma,58.16,13.05,0.2243810178817056,1,1,1,20.33,21.0,33.15,19.026666666666667,32.531666666666666,-0.6063348416289592
2021-02-01,La Palma,59.33,10.99,0.1852351255688522,2,1,1,13.05,15.75,47.34,16.37666666666667,30.856666666666666,-0.7678495986480777
2021-03-01,La Palma,63.11,14.73,0.2334019965140231,3,1,1,10.99,20.33,41.96,14.790000000000001,27.8275,-0.6489513822688274
2021-04-01,La Palma,61.84,15.28,0.2470892626131953,4,2,0,14.73,13.05,40.66,12.923333333333337,25.558333333333337,-0.6242006886374815
2021-05-01,La Palma,61.8,17.89,0.2894822006472492,5,2,0,15.28,10.99,48.89,13.66666666666667,23.44333333333333,-0.6340764982614031
2021-06-01,La Palma,66.69,18.1,0.2714050082471135,6,2,0,17.89,14.73,23.45,15.966666666666669,20.860000000000003,-0.2281449893390191
2021-07-01,La Palma,91.4,39.16,0.4284463894967176,7,3,0,18.1,15.28,9.05,17.090000000000003,20.414166666666667,3.327071823204419
2021-08-01,La Palma,85.96,58.31,0.6783387622149838,8,3,1,39.16,17.89,54.25,25.05,22.923333333333336,0.0748387096774194
2021-09-01,La Palma,84.27,43.55,0.5167912661682686,9,3,1,58.31,18.1,34.55,38.52333333333333,23.261666666666667,0.2604920405209841
2021-10-01,La Palma,70.97,23.86,0.3361983936874735,10,4,0,43.55,39.16,21.0,47.00666666666666,24.011666666666667,0.13619047619047617
2021-11-01,La Palma,67.42,24.77,0.3673983981014536,11,4,1,23.86,58.31,15.75,41.906666666666666,24.25,0.5726984126984127
2021-12-01,La Palma,72.05,24.58,0.3411519777931991,12,4,0,24.77,43.55,20.33,30.726666666666663,25.001666666666665,0.2090506640432858
2022-01-01,La Palma,61.29,15.7,0.2561592429433839,1,1,1,24.58,23.86,13.05,24.403333333333336,25.355833333333337,0.20306513409961674
2022-02-01,La Palma,66.56,20.22,0.3037860576923076,2,1,1,15.7,24.77,10.99,21.683333333333337,25.576666666666668,0.8398544131028206
2022-03-01,La Palma,66.98,29.28,0.4371454165422514,3,1,1,20.22,24.58,14.73,20.166666666666668,26.34583333333333,0.9877800407331976
2022-04-01,La Palma,63.35,33.83,0.5340173638516179,4,2,0,29.28,15.7,15.28,21.733333333333334,27.558333333333334,1.214005235602094
2022-05-01,La Palma,64.47,32.06,0.49728555917481,5,2,0,33.83,20.22,17.89,27.77666666666667,29.104166666666668,0.792062604807155
2022-06-01,La Palma,66.66,36.79,0.551905190519052,6,2,0,32.06,29.28,18.1,31.72333333333334,30.285,1.0325966850828727
2022-07-01,La Palma,73.01,47.26,0.647308587864676,7,3,0,36.79,33.83,39.16,34.22666666666667,31.8425,0.2068437180796732
2022-08-01,La Palma,101.26,92.32,0.9117124234643492,8,3,1,47.26,32.06,58.31,38.70333333333334,32.517500000000005,0.5832618761790429
2022-09-01,La Palma,86.12,56.98,0.6616349280074314,9,3,1,92.32,36.79,43.55,58.79,35.35166666666667,0.30838117106773827
2022-10-01,La Palma,74.79,48.31,0.6459419708517181,10,4,0,56.98,47.26,23.86,65.52,36.47083333333333,1.0247275775356246
2022-11-01,La Palma,69.82,43.35,0.6208822686909196,11,4,1,48.31,92.32,24.77,65.87,38.50833333333333,0.7501009285425919
2022-12-01,La Palma,74.44,40.62,0.545674368619022,12,4,0,43.35,56.98,24.58,49.546666666666674,40.056666666666665,0.6525630593978845
2023-01-01,La Palma,62.57,36.78,0.5878216397634649,1,1,1,40.62,48.31,15.7,44.09333333333334,41.39333333333333,1.342675159235669
2023-02-01,La Palma,77.19,45.74,0.5925638036015028,2,1,1,36.78,43.35,20.22,40.25000000000001,43.15,1.262116716122651
2023-03-01,La Palma,66.68,43.71,0.6555188962207558,3,1,1,45.74,40.62,29.28,41.046666666666674,45.27666666666667,0.492827868852459
2023-04-01,La Palma,66.7,36.28,0.543928035982009,4,2,0,43.71,36.78,33.83,42.076666666666675,46.479166666666664,0.07242092817026317
2023-05-01,La Palma,64.08,28.86,0.450374531835206,5,2,0,36.28,45.74,32.06,41.910000000000004,46.68333333333334,-0.09981285090455404
2023-06-01,La Palma,68.11,31.1,0.4566143003964176,6,2,0,28.86,43.71,36.79,36.28333333333334,46.416666666666664,-0.15466159282413694
2023-07-01,La Palma,78.44,42.16,0.5374808771035186,7,3,0,31.1,36.28,47.26,32.080000000000005,45.942499999999995,-0.10791366906474824
2023-08-01,La Palma,84.96,49.68,0.5847457627118644,8,3,1,42.16,28.86,92.32,34.04,45.517500000000005,-0.46187175043327555
2023-09-01,La Palma,73.17,41.08,0.5614322809894765,9,3,1,49.68,31.1,56.98,40.980000000000004,41.964166666666664,-0.27904527904527904
2023-10-01,La Palma,87.26,64.36,0.7375658950263579,10,4,0,41.08,42.16,48.31,44.30666666666667,40.63916666666667,0.33222935210101423
2023-11-01,La Palma,79.71,58.48,0.7336595157445741,11,4,1,64.36,49.68,43.35,51.70666666666667,41.97666666666667,0.3490196078431371
2023-12-01,La Palma,83.26,57.69,0.6928897429738169,12,4,0,58.48,41.08,40.62,54.64000000000001,43.237500000000004,0.4202363367799114
2024-01-01,La Palma,79.08,61.72,0.7804754678806272,1,1,1,57.69,64.36,36.78,60.17666666666667,44.66,0.6780859162588363
2024-02-01,La Palma,82.47,62.67,0.7599126955256457,2,1,1,61.72,58.48,45.74,59.296666666666674,46.73833333333334,0.3701355487538259
2024-03-01,La Palma,81.84,63.49,0.7757820136852395,3,1,1,62.67,57.69,43.71,60.693333333333335,48.149166666666666,0.45252802562342714
2024-04-01,La Palma,76.13,38.1,0.5004597399185604,4,2,0,63.49,61.72,36.28,62.62666666666667,49.79749999999999,0.05016538037486219
2024-05-01,La Palma,74.12,29.52,0.3982730706961683,5,2,0,38.1,62.67,28.86,54.75333333333334,49.94916666666666,0.022869022869022874
2024-06-01,La Palma,76.48,40.16,0.5251046025104602,6,2,0,29.52,63.49,31.1,43.70333333333334,50.00416666666666,0.29131832797427637
2024-07-01,La Palma,83.81,48.17,0.5747524161794535,7,3,0,40.16,38.1,42.16,35.92666666666667,50.759166666666665,0.142552182163188
2024-08-01,La Palma,91.45,60.9,0.6659376708583925,8,3,1,48.17,29.52,49.68,39.28333333333334,51.26,0.2258454106280193
2024-09-01,La Palma,75.39,45.41,0.6023345271256134,9,3,1,60.9,40.16,41.08,49.74333333333334,52.195,0.10540408958130473
2024-10-01,La Palma,78.0,39.8,0.5102564102564102,10,4,0,45.41,48.17,64.36,51.49333333333334,52.55583333333333,-0.38160348042262277
2024-11-01,La Palma,80.71,59.35,0.7353487795812168,11,4,1,39.8,60.9,58.48,48.70333333333334,50.509166666666665,0.014876880984952198
2024-12-01,La Palma,86.34,55.05,0.637595552466991,12,4,0,59.35,45.41,57.69,48.18666666666667,50.58166666666667,-0.04576183047321894
2025-01-01,La Palma,82.06,61.47,0.7490860346088227,1,1,1,55.05,39.8,61.72,51.4,50.36166666666667,-0.004050550874918989
2025-02-01,La Palma,87.64,62.04,0.7078959379278867,2,1,1,61.47,59.35,62.67,58.623333333333335,50.340833333333336,-0.010052656773575913
2025-03-01,La Palma,85.96,61.04,0.7100977198697069,3,1,1,62.04,55.05,63.49,59.52,50.288333333333334,-0.03858875413450941
2025-04-01,La Palma,80.52,46.15,0.5731495280675609,4,2,0,61.04,61.47,38.1,61.51666666666667,50.08416666666667,0.21128608923884507
2025-05-01,La Palma,76.22,29.52,0.3872999212805038,5,2,0,46.15,62.04,29.52,56.410000000000004,50.755,0.0
2025-06-01,La Palma,76.88,35.01,0.4553850156087409,6,2,0,29.52,61.04,40.16,45.57,50.755,-0.12823705179282865
2025-07-01,La Palma,80.8,35.33,0.4372524752475247,7,3,0,35.01,46.15,48.17,36.89333333333334,50.32583333333333,-0.26655594768528135
2025-08-01,La Palma,80.35,44.22,0.5503422526446795,8,3,1,35.33,29.52,60.9,33.28666666666667,49.25583333333333,-0.2738916256157635
2025-09-01,La Palma,68.31,38.31,0.5608256477821696,9,3,1,44.22,35.01,45.41,38.18666666666667,47.865833333333335,-0.1563532261616383
2025-10-01,La Palma,82.18,45.2,0.5500121684108056,10,4,0,38.31,35.33,39.8,39.28666666666667,47.27416666666667,0.13567839195979914
2025-11-01,La Palma,89.32,65.92,0.7380206000895657,11,4,1,45.2,44.22,59.35,42.576666666666675,47.72416666666666,0.11069924178601516
2025-12-01,La Palma,97.12,63.71,0.6559925864909391,12,4,0,65.92,38.31,55.05,49.81,48.27166666666667,0.1573115349682108
2026-01-01,La Palma,92.08,67.89,0.7372936576889662,1,1,1,63.71,45.2,61.47,58.27666666666667,48.99333333333333,0.10444119082479261
2009-01-01,Lanzarote,59.44,40.02,0.6732839838492598,1,1,1,,,,,,
2009-02-01,Lanzarote,65.24,42.12,0.6456161863887185,2,1,1,40.02,,,,,
2009-03-01,Lanzarote,59.01,40.06,0.6788679884765295,3,1,1,42.12,,,,,
2009-04-01,Lanzarote,63.43,35.77,0.563928740343686,4,2,0,40.06,40.02,,40.733333333333334,,
2009-05-01,Lanzarote,53.62,25.61,0.4776202909362178,5,2,0,35.77,42.12,,39.31666666666667,,
2009-06-01,Lanzarote,49.52,27.65,0.5583602584814216,6,2,0,25.61,40.06,,33.81333333333333,,
2009-07-01,Lanzarote,54.18,37.79,0.6974898486526393,7,3,0,27.65,35.77,,29.676666666666666,,
2009-08-01,Lanzarote,57.33,42.74,0.7455084597941741,8,3,1,37.79,25.61,,30.349999999999998,,
2009-09-01,Lanzarote,55.38,38.74,0.6995305164319249,9,3,1,42.74,27.65,,36.06,,
2009-10-01,Lanzarote,58.88,35.51,0.6030910326086956,10,4,0,38.74,37.79,,39.75666666666667,,
2009-11-01,Lanzarote,54.61,35.21,0.6447537081120674,11,4,1,35.51,42.74,,38.99666666666667,,
2009-12-01,Lanzarote,64.6,35.33,0.5469040247678019,12,4,0,35.21,38.74,,36.486666666666665,,
2010-01-01,Lanzarote,58.26,36.99,0.6349124613800207,1,1,1,35.33,35.51,40.02,35.35,36.37916666666667,-0.075712143928036
2010-02-01,Lanzarote,58.8,38.76,0.6591836734693878,2,1,1,36.99,35.21,42.12,35.843333333333334,36.12666666666667,-0.07977207977207976
2010-03-01,Lanzarote,60.91,44.16,0.725004104416352,3,1,1,38.76,35.33,40.06,37.026666666666664,35.84666666666667,0.10234648027958049
2010-04-01,Lanzarote,55.43,33.72,0.6083348367310121,4,2,0,44.16,36.99,35.77,39.97,36.18833333333333,-0.057310595471065255
2010-05-01,Lanzarote,51.36,27.38,0.5330996884735202,5,2,0,33.72,38.76,25.61,38.879999999999995,36.0175,0.06911362748926199
2010-06-01,Lanzarote,51.13,31.79,0.6217484842558184,6,2,0,27.38,44.16,27.65,35.086666666666666,36.165,0.14972875226039786
2010-07-01,Lanzarote,59.92,44.1,0.735981308411215,7,3,0,31.79,33.72,37.79,30.963333333333335,36.51,0.1669753903148982
2010-08-01,Lanzarote,63.8,51.49,0.8070532915360502,8,3,1,44.1,27.38,42.74,34.42333333333333,37.035833333333336,0.20472625175479645
2010-09-01,Lanzarote,53.24,38.72,0.7272727272727272,9,3,1,51.49,31.79,38.74,42.46,37.765,-0.0005162622612287849
2010-10-01,Lanzarote,57.85,40.47,0.6995678478824546,10,4,0,38.72,44.1,35.51,44.77,37.763333333333335,0.13967896367220503
2010-11-01,Lanzarote,61.32,41.54,0.677429876060013,11,4,1,40.47,51.49,35.21,43.56,38.17666666666667,0.17977847202499284
2010-12-01,Lanzarote,63.28,35.35,0.5586283185840708,12,4,0,41.54,38.72,35.33,40.24333333333333,38.704166666666666,0.000566091140673737
2011-01-01,Lanzarote,55.43,36.94,0.666426123038066,1,1,1,35.35,40.47,36.99,39.12,38.70583333333333,-0.0013517166801839486
2011-02-01,Lanzarote,59.37,45.86,0.7724439952838134,2,1,1,36.94,41.54,38.76,37.94333333333333,38.70166666666666,0.18317853457172348
2011-03-01,Lanzarote,56.84,48.55,0.8541520056298381,3,1,1,45.86,35.35,44.16,39.38333333333333,39.29333333333333,0.099411231884058
2011-04-01,Lanzarote,66.27,50.09,0.7558472913837333,4,2,0,48.55,36.94,33.72,43.78333333333333,39.65916666666667,0.48546856465005944
2011-05-01,Lanzarote,54.06,31.8,0.5882352941176471,5,2,0,50.09,45.86,27.38,48.166666666666664,41.02333333333333,0.16143170197224258
2011-06-01,Lanzarote,54.89,39.12,0.7126981235197668,6,2,0,31.8,48.55,31.79,43.48,41.391666666666666,0.2305756527209814
2011-07-01,Lanzarote,66.96,53.4,0.7974910394265233,7,3,0,39.12,50.09,44.1,40.336666666666666,42.0025,0.21088435374149653
2011-08-01,Lanzarote,67.53,57.03,0.8445135495335406,8,3,1,53.4,31.8,51.49,41.44,42.7775,0.10759370751602251
2011-09-01,Lanzarote,58.56,47.7,0.8145491803278688,9,3,1,57.03,39.12,38.72,49.849999999999994,43.23916666666667,0.2319214876033059
2011-10-01,Lanzarote,62.4,45.42,0.7278846153846155,10,4,0,47.7,53.4,40.47,52.71,43.987500000000004,0.12231282431430697
2011-11-01,Lanzarote,60.17,44.39,0.7377430613262423,11,4,1,45.42,57.03,41.54,50.050000000000004,44.4,0.06860857005296103
2011-12-01,Lanzarote,64.45,40.24,0.6243599689681923,12,4,0,44.39,47.7,35.35,45.836666666666666,44.637499999999996,0.13833097595473834
2012-01-01,Lanzarote,55.66,40.24,0.7229608336327704,1,1,1,40.24,45.42,36.94,43.35,45.044999999999995,0.0893340552246888
2012-02-01,Lanzarote,59.28,43.54,0.7344804318488529,2,1,1,40.24,44.39,45.86,41.623333333333335,45.32,-0.050588748364587884
2012-03-01,Lanzarote,57.54,44.1,0.7664233576642336,3,1,1,43.54,40.24,48.55,41.34,45.126666666666665,-0.09165808444902154
2012-04-01,Lanzarote,58.31,39.72,0.681186760418453,4,2,0,44.1,40.24,50.09,42.626666666666665,44.755833333333335,-0.20702735076861656
2012-05-01,Lanzarote,51.76,34.14,0.6595826893353942,5,2,0,39.72,43.54,31.8,42.453333333333326,43.89166666666667,0.07358490566037736
2012-06-01,Lanzarote,55.0,40.98,0.745090909090909,6,2,0,34.14,44.1,39.12,39.32,44.086666666666666,0.04754601226993864
2012-07-01,Lanzarote,64.12,49.74,0.7757330006238303,7,3,0,40.98,39.72,53.4,38.28,44.24166666666667,-0.06853932584269656
2012-08-01,Lanzarote,65.92,50.62,0.7679004854368932,8,3,1,49.74,34.14,57.03,41.620000000000005,43.93666666666667,-0.11239698404348594
2012-09-01,Lanzarote,60.28,46.29,0.7679163901791639,9,3,1,50.62,40.98,47.7,47.11333333333332,43.4025,-0.029559748427673033
2012-10-01,Lanzarote,59.11,42.96,0.7267805785823042,10,4,0,46.29,49.74,45.42,48.88333333333333,43.285,-0.054161162483487464
2012-11-01,Lanzarote,62.42,43.38,0.6949695610381288,11,4,1,42.96,50.62,44.39,46.623333333333335,43.080000000000005,-0.022752872268528904
2012-12-01,Lanzarote,59.72,37.96,0.6356329537843269,12,4,0,43.38,46.29,40.24,44.21,42.99583333333334,-0.056660039761431434
2013-01-01,Lanzarote,57.78,39.05,0.6758393907926618,1,1,1,37.96,42.96,40.24,41.43333333333334,42.80583333333333,-0.02957256461232616
2013-02-01,Lanzarote,57.5,41.05,0.7139130434782608,2,1,1,39.05,43.38,43.54,40.13,42.70666666666667,-0.05718879191548006
2013-03-01,Lanzarote,59.94,45.52,0.7594260927594262,3,1,1,41.05,37.96,44.1,39.35333333333333,42.49916666666667,0.032199546485260806
2013-04-01,Lanzarote,56.95,39.96,0.7016681299385426,4,2,0,45.52,39.05,39.72,41.873333333333335,42.6175,0.006042296072507603
2013-05-01,Lanzarote,54.37,35.96,0.6613941511863161,5,2,0,39.96,41.05,34.14,42.17666666666667,42.637499999999996,0.05330990041007617
2013-06-01,Lanzarote,54.85,41.8,0.7620783956244301,6,2,0,35.96,45.52,40.98,40.48,42.78916666666667,0.020009760858955596
2013-07-01,Lanzarote,63.13,48.11,0.7620782512276255,7,3,0,41.8,39.96,49.74,39.24,42.857499999999995,-0.032770406111781315
2013-08-01,Lanzarote,71.87,58.65,0.8160567691665507,8,3,1,48.11,35.96,50.62,41.95666666666667,42.721666666666664,0.1586329514026077
2013-09-01,Lanzarote,59.42,48.4,0.8145405587344328,9,3,1,58.65,41.8,46.29,49.52,43.39083333333334,0.045582199179088345
2013-10-01,Lanzarote,66.19,53.02,0.8010273455204714,10,4,0,48.4,48.11,42.96,51.72,43.56666666666666,0.23417132216014902
2013-11-01,Lanzarote,66.69,57.27,0.8587494376968062,11,4,1,53.02,58.65,43.38,53.35666666666666,44.405,0.3201936376210235
2013-12-01,Lanzarote,73.03,56.3,0.7709160618923729,12,4,0,57.27,48.4,37.96,52.89666666666667,45.5625,0.48314014752370904
2014-01-01,Lanzarote,63.68,52.8,0.829145728643216,1,1,1,56.3,53.02,39.05,55.53,47.090833333333336,0.35211267605633806
2014-02-01,Lanzarote,66.94,57.17,0.8540484015536302,2,1,1,52.8,57.27,41.05,55.45666666666667,48.23666666666667,0.39269183922046297
2014-03-01,Lanzarote,68.82,61.97,0.9004649811101425,3,1,1,57.17,56.3,45.52,55.423333333333325,49.57999999999999,0.36137961335676616
2014-04-01,Lanzarote,70.78,56.94,0.8044645380050861,4,2,0,61.97,52.8,39.96,57.31333333333333,50.95083333333333,0.42492492492492484
2014-05-01,Lanzarote,59.32,40.85,0.6886378961564397,5,2,0,56.94,57.17,35.96,58.69333333333333,52.36583333333334,0.1359844271412681
2014-06-01,Lanzarote,64.14,51.83,0.8080760835671967,6,2,0,40.85,61.97,41.8,53.25333333333333,52.77333333333333,0.2399521531100479
2014-07-01,Lanzarote,72.82,63.91,0.8776435045317221,7,3,0,51.83,56.94,48.11,49.873333333333335,53.60916666666666,0.3284140511328206
2014-08-01,Lanzarote,76.9,69.9,0.9089726918075424,8,3,1,63.91,40.85,58.65,52.196666666666665,54.92583333333334,0.19181585677749374
2014-09-01,Lanzarote,72.8,62.51,0.8586538461538462,9,3,1,69.9,51.83,48.4,61.879999999999995,55.86333333333332,0.29152892561983473
2014-10-01,Lanzarote,74.21,65.05,0.8765665004716345,10,4,0,62.51,63.91,53.02,65.44000000000001,57.03916666666667,0.22689551112787615
2014-11-01,Lanzarote,71.2,61.41,0.8624999999999999,11,4,1,65.05,69.9,57.27,65.82000000000001,58.041666666666664,0.07228915662650591
2014-12-01,Lanzarote,83.26,60.06,0.721354792217151,12,4,0,61.41,62.51,56.3,62.98999999999999,58.38666666666666,0.06678507992895213
2015-01-01,Lanzarote,71.23,58.09,0.815527165520146,1,1,1,60.06,65.05,52.8,62.173333333333325,58.699999999999996,0.10018939393939406
2015-02-01,Lanzarote,75.12,62.34,0.8298722044728435,2,1,1,58.09,61.41,57.17,59.85333333333333,59.14083333333334,0.09043204477873013
2015-03-01,Lanzarote,79.79,68.7,0.8610101516480761,3,1,1,62.34,60.06,61.97,60.163333333333334,59.571666666666665,0.10860093593674365
2015-04-01,Lanzarote,74.38,57.15,0.7683517074482388,4,2,0,68.7,58.09,56.94,63.04333333333333,60.1325,0.003688092729188635
2015-05-01,Lanzarote,66.46,50.17,0.7548901594944328,5,2,0,57.15,62.34,40.85,62.73,60.15,0.2281517747858017
2015-06-01,Lanzarote,67.35,56.06,0.8323682256867113,6,2,0,50.17,68.7,51.83,58.673333333333325,60.92666666666667,0.08161296546401706
2015-07-01,Lanzarote,78.99,67.46,0.85403215596911,7,3,0,56.06,57.15,63.91,54.46,61.27916666666667,0.055546862775778395
2015-08-01,Lanzarote,85.68,77.78,0.907796451914099,8,3,1,67.46,50.17,69.9,57.896666666666654,61.57500000000001,0.11273247496423455
2015-09-01,Lanzarote,71.91,65.44,0.9100264219162842,9,3,1,77.78,56.06,62.51,67.1,62.23166666666666,0.046872500399936005
2015-10-01,Lanzarote,70.01,59.13,0.8445936294815026,10,4,0,65.44,67.46,65.05,70.22666666666666,62.47583333333333,-0.09100691775557256
2015-11-01,Lanzarote,74.94,62.81,0.838137176407793,11,4,1,59.13,77.78,61.41,67.44999999999999,61.982499999999995,0.02279758996906051
2015-12-01,Lanzarote,81.03,60.19,0.74281130445514,12,4,0,62.81,65.44,60.06,62.45999999999999,62.09916666666667,0.0021645021645020886
2016-01-01,Lanzarote,73.44,59.2,0.8061002178649238,1,1,1,60.19,59.13,58.09,60.70999999999999,62.10999999999999,0.01910828025477706
2016-02-01,Lanzarote,76.57,65.72,0.8582995951417005,2,1,1,59.2,62.81,62.34,60.73333333333333,62.20250000000001,0.05421880012832844
2016-03-01,Lanzarote,78.76,69.7,0.8849669883189436,3,1,1,65.72,60.19,68.7,61.703333333333326,62.484166666666674,0.01455604075691412
2016-04-01,Lanzarote,72.32,60.57,0.8375276548672567,4,2,0,69.7,59.2,57.15,64.87333333333333,62.567499999999995,0.059842519685039404
2016-05-01,Lanzarote,66.54,55.87,0.8396453261196272,5,2,0,60.57,65.72,50.17,65.33,62.8525,0.11361371337452653
2016-06-01,Lanzarote,69.91,60.24,0.8616793019596625,6,2,0,55.87,69.7,56.06,62.04666666666666,63.32750000000001,0.07456296824830538
2016-07-01,Lanzarote,84.71,78.69,0.9289340101522844,7,3,0,60.24,60.57,67.46,58.893333333333324,63.67583333333334,0.16646901867773503
2016-08-01,Lanzarote,90.16,81.94,0.9088287488908608,8,3,1,78.69,55.87,77.78,64.93333333333332,64.61166666666666,0.0534841861661095
2016-09-01,Lanzarote,77.53,70.69,0.9117760866761252,9,3,1,81.94,60.24,65.44,73.62333333333332,64.95833333333333,0.08022616136919315
2016-10-01,Lanzarote,78.0,70.13,0.8991025641025641,10,4,0,70.69,78.69,59.13,77.10666666666665,65.39583333333333,0.18603077963808545
2016-11-01,Lanzarote,76.74,67.8,0.8835027365129007,11,4,1,70.13,81.94,62.81,74.25333333333332,66.3125,0.07944594809743663
2016-12-01,Lanzarote,84.34,67.03,0.7947593075646194,12,4,0,67.8,70.69,60.19,69.53999999999998,66.72833333333334,0.11364013955806619
2017-01-01,Lanzarote,80.03,69.07,0.8630513557415967,1,1,1,67.03,70.13,59.2,68.32,67.29833333333333,0.1667229729729728
2017-02-01,Lanzarote,86.0,74.47,0.8659302325581395,2,1,1,69.07,67.8,65.72,67.96666666666665,68.12083333333332,0.1331405964698722
2017-03-01,Lanzarote,85.14,75.81,0.890415785764623,3,1,1,74.47,67.03,69.7,70.18999999999998,68.85,0.08766140602582495
2017-04-01,Lanzarote,88.73,74.97,0.8449227995041135,4,2,0,75.81,69.07,60.57,73.11666666666666,69.35916666666667,0.237741456166419
2017-05-01,Lanzarote,78.64,62.63,0.796414038657172,5,2,0,74.97,74.47,55.87,75.08333333333333,70.55916666666666,0.12099516735278334
2017-06-01,Lanzarote,81.27,71.09,0.8747385259013167,6,2,0,62.63,75.81,60.24,71.13666666666666,71.12249999999999,0.1801128818061089
2017-07-01,Lanzarote,100.98,88.53,0.8767082590612002,7,3,0,71.09,74.97,78.69,69.56333333333332,72.02666666666666,0.12504765535646212
2017-08-01,Lanzarote,108.54,97.4,0.8973650267182606,8,3,1,88.53,62.63,81.94,74.08333333333333,72.84666666666668,0.18867463998047362
2017-09-01,Lanzarote,90.39,81.2,0.8983294612235867,9,3,1,97.4,71.09,70.69,85.67333333333333,74.135,0.14867732352525118
2017-10-01,Lanzarote,89.06,77.85,0.8741298001347405,10,4,0,81.2,88.53,70.13,89.04333333333334,75.01083333333334,0.11008127762726365
2017-11-01,Lanzarote,88.75,78.11,0.880112676056338,11,4,1,77.85,97.4,67.8,85.48333333333333,75.65416666666667,0.15206489675516227
2017-12-01,Lanzarote,93.87,72.48,0.7721316714605305,12,4,0,78.11,81.2,67.03,79.05333333333333,76.51333333333334,0.0813068775175295
2018-01-01,Lanzarote,95.11,79.43,0.8351382609609926,1,1,1,72.48,77.85,69.07,76.14666666666666,76.9675,0.149992760967135
2018-02-01,Lanzarote,91.66,76.87,0.83864281038621,2,1,1,79.43,78.11,74.47,76.67333333333333,77.83083333333333,0.0322277427151874
2018-03-01,Lanzarote,94.21,82.02,0.8706082156883558,3,1,1,76.87,72.48,75.81,76.25999999999999,78.03083333333333,0.08191531460229513
2018-04-01,Lanzarote,90.7,71.12,0.7841234840132305,4,2,0,82.02,79.43,74.97,79.43999999999998,78.54833333333333,-0.05135387488328657
2018-05-01,Lanzarote,80.8,62.58,0.7745049504950495,5,2,0,71.12,76.87,62.63,76.67,78.2275,-0.0007983394539358815
2018-06-01,Lanzarote,78.43,65.49,0.8350121127119723,6,2,0,62.58,82.02,71.09,71.90666666666665,78.22333333333334,-0.07877338584892402
2018-07-01,Lanzarote,95.75,79.9,0.8344647519582246,7,3,0,65.49,71.12,88.53,66.39666666666666,77.75666666666667,-0.09748107985993443
2018-08-01,Lanzarote,104.64,91.12,0.8707951070336392,8,3,1,79.9,62.58,97.4,69.32333333333332,77.0375,-0.064476386036961
2018-09-01,Lanzarote,84.62,76.13,0.8996691089576931,9,3,1,91.12,65.49,81.2,78.83666666666666,76.51416666666667,-0.06243842364532028
2018-10-01,Lanzarote,86.61,75.3,0.8694146172497402,10,4,0,76.13,79.9,77.85,82.38333333333333,76.09166666666667,-0.032755298651252374
2018-11-01,Lanzarote,83.31,67.94,0.815508342335854,11,4,1,75.3,91.12,78.11,80.84999999999998,75.87916666666668,-0.13020099859172962
2018-12-01,Lanzarote,89.05,67.34,0.7562043795620439,12,4,0,67.94,76.13,72.48,73.12333333333332,75.03166666666667,-0.07091611479028698
2019-01-01,Lanzarote,81.44,66.14,0.81213163064833,1,1,1,67.34,75.3,79.43,70.19333333333333,74.60333333333334,-0.16731713458391043
2019-02-01,Lanzarote,83.89,67.94,0.8098700679461199,2,1,1,66.14,67.94,76.87,67.13999999999999,73.49583333333334,-0.11617015740861203
2019-03-01,Lanzarote,88.21,78.84,0.8937762158485434,3,1,1,67.94,67.34,82.02,67.13999999999999,72.75166666666667,-0.038771031455742413
2019-04-01,Lanzarote,95.22,76.19,0.8001470279353077,4,2,0,78.84,66.14,71.12,70.97333333333333,72.48666666666666,0.07128796400449934
2019-05-01,Lanzarote,81.38,62.85,0.7723027770951094,5,2,0,76.19,67.94,62.58,74.32333333333332,72.90916666666668,0.004314477468839935
2019-06-01,Lanzarote,82.91,68.04,0.82064889639368,6,2,0,62.85,78.84,65.49,72.62666666666665,72.93166666666667,0.03893724232707301
2019-07-01,Lanzarote,103.22,84.63,0.8198992443324936,7,3,0,68.04,76.19,79.9,69.02666666666666,73.14416666666666,0.059198998748435414
2019-08-01,Lanzarote,114.52,95.28,0.8319944114565142,8,3,1,84.63,62.85,91.12,71.83999999999999,73.53833333333334,0.045654082528533764
2019-09-01,Lanzarote,94.99,82.81,0.8717759764185704,9,3,1,95.28,68.04,76.13,82.64999999999999,73.885,0.08774464731380542
2019-10-01,Lanzarote,98.04,81.02,0.8263973888208893,10,4,0,82.81,84.63,75.3,87.57333333333332,74.44166666666668,0.07596281540504647
2019-11-01,Lanzarote,93.05,75.57,0.8121440085975281,11,4,1,81.02,95.28,67.94,86.36999999999999,74.91833333333334,0.11230497497792163
2019-12-01,Lanzarote,100.89,78.67,0.7797601348002775,12,4,0,75.57,82.81,67.34,79.8,75.55416666666666,0.16825066825066823
2020-01-01,Lanzarote,92.74,71.42,0.7701099849040328,1,1,1,78.67,81.02,66.14,78.41999999999999,76.49833333333333,0.07983066223162989
2020-02-01,Lanzarote,99.6,76.81,0.7711847389558234,2,1,1,71.42,75.57,67.94,75.21999999999998,76.93833333333333,0.1305563732705329
2020-03-01,Lanzarote,93.06,41.88,0.4500322372662798,3,1,1,76.81,78.67,78.84,75.63333333333333,77.6775,-0.4687975646879756
2020-07-01,Lanzarote,88.8,25.83,0.2908783783783784,7,3,0,41.88,71.42,76.19,63.37,74.59750000000001,-0.6609791311195695
2020-08-01,Lanzarote,89.18,37.91,0.4250953128504148,8,3,1,25.83,76.81,62.85,48.173333333333325,70.40083333333332,-0.39681782020684175
2020-09-01,Lanzarote,75.85,17.68,0.2330916282135794,9,3,1,37.91,41.88,68.04,35.206666666666656,68.3225,-0.7401528512639624
2020-10-01,Lanzarote,82.89,21.78,0.262757871878393,10,4,0,17.68,25.83,84.63,27.139999999999986,64.12583333333333,-0.7426444523218716
2020-11-01,Lanzarote,82.53,19.39,0.2349448685326547,11,4,1,21.78,37.91,95.28,25.789999999999992,58.88833333333333,-0.7964945424013434
2020-12-01,Lanzarote,96.19,21.45,0.2229961534463042,12,4,0,19.39,17.68,82.81,19.616666666666656,52.564166666666665,-0.7409733124018838
2021-01-01,Lanzarote,75.95,10.07,0.132587228439763,1,1,1,21.45,21.78,81.02,20.873333333333324,47.45083333333333,-0.8757097013083188
2021-02-01,Lanzarote,69.66,9.54,0.1369509043927648,2,1,1,10.07,19.39,75.57,16.969999999999988,41.538333333333334,-0.8737594283445813
2021-03-01,Lanzarote,63.68,12.09,0.1898555276381909,3,1,1,9.54,21.45,78.67,13.686666666666659,36.035833333333336,-0.8463200711834243
2021-04-01,Lanzarote,76.56,15.92,0.2079414838035527,4,2,0,12.09,10.07,71.42,10.566666666666658,30.487499999999997,-0.7770932511901428
2021-05-01,Lanzarote,85.93,16.97,0.1974863260793669,5,2,0,15.92,9.54,76.81,12.516666666666657,25.8625,-0.7790652258820466
2021-06-01,Lanzarote,83.2,24.57,0.2953125,6,2,0,16.97,12.09,41.88,14.993333333333323,20.875833333333336,-0.413323782234957
2021-07-01,Lanzarote,100.38,42.41,0.4224945208208806,7,3,0,24.57,15.92,25.83,19.153333333333325,19.433333333333334,0.6418892760356175
2021-08-01,Lanzarote,112.01,68.41,0.610749040264262,8,3,1,42.41,16.97,37.91,27.98333333333332,20.815,0.804537061461356
2021-09-01,Lanzarote,101.0,65.98,0.6532673267326733,9,3,1,68.41,24.57,17.68,45.12999999999999,23.356666666666666,2.731900452488688
2021-10-01,Lanzarote,113.01,89.41,0.79116892310415,10,4,0,65.98,42.41,21.78,58.933333333333316,27.381666666666664,3.1051423324150593
2021-11-01,Lanzarote,104.61,85.03,0.8128286014721346,11,4,1,89.41,68.41,19.39,74.59999999999998,33.0175,3.3852501289324395
2021-12-01,Lanzarote,114.39,72.26,0.6316985750502667,12,4,0,85.03,65.98,21.45,80.13999999999999,38.4875,2.368764568764569
2022-01-01,Lanzarote,100.76,56.48,0.5605398967844382,1,1,1,72.26,89.41,10.07,82.23333333333332,42.721666666666664,4.608738828202582
2022-02-01,Lanzarote,107.37,79.42,0.7396852007078327,2,1,1,56.48,85.03,9.54,71.25666666666665,46.58916666666667,7.3249475890985325
2022-03-01,Lanzarote,111.08,96.49,0.8686532229024126,3,1,1,79.42,72.26,12.09,69.38666666666666,52.4125,6.980976013234077
2022-04-01,Lanzarote,115.92,95.98,0.827984817115252,4,2,0,96.49,56.48,15.92,77.46333333333332,59.44583333333333,5.028894472361809
2022-05-01,Lanzarote,98.3,76.1,0.7741607324516785,5,2,0,95.98,79.42,16.97,90.63,66.1175,3.4843842074248674
2022-06-01,Lanzarote,102.41,82.66,0.8071477394785666,6,2,0,76.1,96.49,24.57,89.52333333333331,71.045,2.364265364265364
2022-07-01,Lanzarote,120.85,103.02,0.8524617294166322,7,3,0,82.66,95.98,42.41,84.91333333333331,75.88583333333334,1.4291440697948599
2022-08-01,Lanzarote,134.64,121.32,0.9010695187165776,8,3,1,103.02,76.1,68.41,87.25999999999999,80.93666666666667,0.7734249378745798
2022-09-01,Lanzarote,109.79,97.06,0.8840513707987977,9,3,1,121.32,82.66,65.98,102.33333333333331,85.34583333333335,0.47105183388905725
2022-10-01,Lanzarote,116.5,99.97,0.8581115879828326,10,4,0,97.06,103.02,89.41,107.13333333333333,87.93583333333333,0.11810759422883349
2022-11-01,Lanzarote,111.02,94.7,0.8529994595568366,11,4,1,99.97,121.32,85.03,106.11666666666666,88.81583333333333,0.11372456779960016
2022-12-01,Lanzarote,118.62,94.83,0.7994436014162872,12,4,0,94.7,97.06,72.26,97.24333333333334,89.62166666666667,0.31234431220592296
2023-01-01,Lanzarote,109.96,95.37,0.867315387413605,1,1,1,94.83,99.97,56.48,96.5,91.5025,0.6885623229461758
2023-02-01,Lanzarote,117.33,102.72,0.8754794170288929,2,1,1,95.37,94.7,79.42,94.96666666666665,94.74333333333333,0.29337698312767563
2023-03-01,Lanzarote,116.71,103.26,0.8847570902236314,3,1,1,102.72,94.83,96.49,97.63999999999999,96.685,0.07016271116177854
2023-04-01,Lanzarote,121.72,100.08,0.822214919487348,4,2,0,103.26,95.37,95.98,100.45,97.24916666666667,0.04271723275682428
2023-05-01,Lanzarote,101.35,79.56,0.7850024666995561,5,2,0,100.08,102.72,76.1,102.02,97.59083333333335,0.045466491458607206
2023-06-01,Lanzarote,104.84,88.53,0.8444296070202213,6,2,0,79.56,103.26,82.66,94.3,97.87916666666666,0.07101379143479318
2023-07-01,Lanzarote,129.14,106.64,0.8257704816478242,7,3,0,88.53,100.08,103.02,89.38999999999999,98.36833333333334,0.03513880799844695
2023-08-01,Lanzarote,144.56,125.95,0.8712645268400664,8,3,1,106.64,79.56,121.32,91.57666666666667,98.67000000000002,0.03816353445433572
2023-09-01,Lanzarote,117.31,101.36,0.8640354615974768,9,3,1,125.95,88.53,97.06,107.04,99.05583333333333,0.044302493303111444
2023-10-01,Lanzarote,124.0,104.86,0.8456451612903225,10,4,0,101.36,106.64,99.97,111.31666666666665,99.41416666666667,0.0489146744023207
2023-11-01,Lanzarote,128.2,114.51,0.893213728549142,11,4,1,104.86,125.95,94.7,110.72333333333331,99.82166666666666,0.2091869060190074
2023-12-01,Lanzarote,133.12,109.79,0.8247445913461539,12,4,0,114.51,101.36,94.83,106.91000000000001,101.47249999999998,0.15775598439312463
2024-01-01,Lanzarote,124.86,108.78,0.8712157616530515,1,1,1,109.79,104.86,95.37,109.71999999999998,102.71916666666668,0.14061025479710595
2024-02-01,Lanzarote,129.51,118.19,0.9125936221141224,2,1,1,108.78,114.51,102.72,111.02666666666666,103.83666666666669,0.1506035825545171
2024-03-01,Lanzarote,137.12,124.52,0.9081096849474912,3,1,1,118.19,109.79,103.26,112.25333333333333,105.12583333333333,0.20588804958357534
2024-04-01,Lanzarote,125.15,102.21,0.8166999600479424,4,2,0,124.52,108.78,100.08,117.16333333333331,106.8975,0.021282973621103072
2024-05-01,Lanzarote,111.05,84.76,0.7632597928860874,5,2,0,102.21,118.19,79.56,114.97333333333331,107.07499999999999,0.06535947712418304
2024-06-01,Lanzarote,115.07,93.91,0.8161119318675589,6,2,0,84.76,124.52,88.53,103.83,107.50833333333333,0.060770360329831644
2024-07-01,Lanzarote,150.43,124.23,0.8258326131755633,7,3,0,93.91,102.21,106.64,93.62666666666667,107.95666666666666,0.16494748687171795
2024-08-01,Lanzarote,156.8,134.28,0.8563775510204081,8,3,1,124.23,84.76,125.95,100.96666666666665,109.4225,0.06613735609368795
2024-09-01,Lanzarote,128.56,115.49,0.8983354075917859,9,3,1,134.28,93.91,101.36,117.47333333333331,110.11666666666667,0.13940410418310967
2024-10-01,Lanzarote,134.49,119.1,0.8855677002007584,10,4,0,115.49,124.23,104.86,124.66666666666667,111.29416666666667,0.13580011443829865
2024-11-01,Lanzarote,135.76,124.95,0.9203741897466118,11,4,1,119.1,134.28,114.51,122.95666666666666,112.48083333333334,0.09117107676185483
2024-12-01,Lanzarote,147.8,124.53,0.8425575101488497,12,4,0,124.95,115.49,109.79,119.84666666666665,113.35083333333334,0.1342563074961289
2025-01-01,Lanzarote,137.9,124.22,0.9007976794778824,1,1,1,124.53,119.1,108.78,122.85999999999997,114.57916666666665,0.1419378562235705
2025-02-01,Lanzarote,147.58,134.53,0.9115733839273612,2,1,1,124.22,124.95,118.19,124.56666666666666,115.86583333333333,0.13825196717150354
2025-03-01,Lanzarote,143.62,131.07,0.9126166272106948,3,1,1,134.53,124.53,124.52,127.75999999999999,117.2275,0.052601991647928024
2025-04-01,Lanzarote,145.37,120.73,0.8305014789846599,4,2,0,131.07,124.22,102.21,129.94,117.77333333333335,0.18119557773212025
2025-05-01,Lanzarote,119.33,94.77,0.7941841950892483,5,2,0,120.73,134.53,84.76,128.77666666666667,119.31666666666666,0.11809815950920234
2025-06-01,Lanzarote,121.01,101.85,0.8416659780183455,6,2,0,94.77,131.07,93.91,115.52333333333331,120.15083333333332,0.08454903631136192
2025-07-01,Lanzarote,155.0,135.59,0.8747741935483871,7,3,0,101.85,120.73,124.23,105.78333333333332,120.8125,0.09144329067053046
2025-08-01,Lanzarote,164.85,146.35,0.8877767667576585,8,3,1,135.59,94.77,134.28,110.73666666666664,121.75916666666666,0.08988680369377415
2025-09-01,Lanzarote,133.76,116.57,0.8714862440191388,9,3,1,146.35,101.85,115.49,127.92999999999999,122.765,0.009351459000779274
2025-10-01,Lanzarote,141.57,124.34,0.8782934237479693,10,4,0,116.57,135.59,119.1,132.83666666666664,122.855,0.04399664147774987
2025-11-01,Lanzarote,139.82,125.38,0.8967243598912888,11,4,1,124.34,146.35,124.95,129.08666666666667,123.29166666666667,0.0034413765506201887
2025-12-01,Lanzarote,155.44,127.36,0.8193515182707154,12,4,0,125.38,116.57,124.53,122.09666666666665,123.3275,0.022725447683289154
2026-01-01,Lanzarote,144.14,126.17,0.8753295407242959,1,1,1,127.36,124.34,124.22,125.69333333333333,123.56333333333333,0.015697955240702003
2009-01-01,Tenerife,65.69,48.4,0.7367940325772568,1,1,1,,,,,,
2009-02-01,Tenerife,65.13,42.88,0.6583755565791495,2,1,1,48.4,,,,,
2009-03-01,Tenerife,66.83,41.13,0.6154421666916057,3,1,1,42.88,,,,,
2009-04-01,Tenerife,74.3,44.27,0.5958277254374159,4,2,0,41.13,48.4,,44.13666666666666,,
2009-05-01,Tenerife,61.98,30.83,0.4974185221039044,5,2,0,44.27,42.88,,42.76,,
2009-06-01,Tenerife,59.98,32.37,0.5396798932977659,6,2,0,30.83,41.13,,38.74333333333333,,
2009-07-01,Tenerife,59.55,35.21,0.5912678421494543,7,3,0,32.37,44.27,,35.82333333333333,,
2009-08-01,Tenerife,70.18,45.47,0.6479053861499002,8,3,1,35.21,30.83,,32.803333333333335,,
2009-09-01,Tenerife,59.97,33.21,0.5537768884442221,9,3,1,45.47,32.37,,37.68333333333333,,
2009-10-01,Tenerife,63.98,34.65,0.5415754923413567,10,4,0,33.21,35.21,,37.96333333333334,,
2009-11-01,Tenerife,65.04,38.0,0.5842558425584256,11,4,1,34.65,45.47,,37.776666666666664,,
2009-12-01,Tenerife,79.22,46.38,0.5854582176218127,12,4,0,38.0,33.21,,35.28666666666667,,
2010-01-01,Tenerife,73.12,49.98,0.6835339168490152,1,1,1,46.38,34.65,48.4,39.67666666666667,39.4,0.03264462809917352
2010-02-01,Tenerife,76.17,55.66,0.7307338847315216,2,1,1,49.98,38.0,42.88,44.78666666666667,39.531666666666666,0.29804104477611926
2010-03-01,Tenerife,72.09,49.01,0.6798446386461368,3,1,1,55.66,46.38,41.13,50.673333333333325,40.59666666666667,0.19158764891806454
2010-04-01,Tenerife,75.24,44.05,0.5854598617756512,4,2,0,49.01,49.98,44.27,51.550000000000004,41.25333333333333,-0.00496950530833535
2010-05-01,Tenerife,58.96,31.56,0.5352781546811397,5,2,0,44.05,55.66,30.83,49.57333333333333,41.235,0.023678235484917303
2010-06-01,Tenerife,56.15,32.72,0.5827248441674088,6,2,0,31.56,49.01,32.37,41.54,41.295833333333334,0.010812480691998808
2010-07-01,Tenerife,66.99,42.93,0.6408419167039857,7,3,0,32.72,44.05,35.21,36.10999999999999,41.324999999999996,0.2192558932121556
2010-08-01,Tenerife,74.52,53.01,0.711352657004831,8,3,1,42.93,31.56,45.47,35.73666666666667,41.96833333333333,0.16582361996921047
2010-09-01,Tenerife,61.91,41.46,0.66968179615571,9,3,1,53.01,32.72,33.21,42.88666666666666,42.596666666666664,0.24841915085817523
2010-10-01,Tenerife,72.49,48.48,0.6687819009518554,10,4,0,41.46,42.93,34.65,45.800000000000004,43.284166666666664,0.3991341991341991
2010-11-01,Tenerife,71.2,53.44,0.750561797752809,11,4,1,48.48,53.01,38.0,47.65,44.43666666666667,0.40631578947368413
2010-12-01,Tenerife,76.11,51.4,0.6753383261069504,12,4,0,53.44,41.46,46.38,47.79333333333333,45.72333333333333,0.10823630875377309
2011-01-01,Tenerife,71.05,56.26,0.7918367346938776,1,1,1,51.4,48.48,49.98,51.10666666666666,46.14166666666666,0.12565026010404165
2011-02-01,Tenerife,76.01,65.36,0.8598868569925009,2,1,1,56.26,53.44,55.66,53.699999999999996,46.66499999999999,0.17427236794825735
2011-03-01,Tenerife,76.07,63.31,0.8322597607466808,3,1,1,65.36,51.4,49.01,57.673333333333325,47.47333333333333,0.2917771883289126
2011-04-01,Tenerife,80.82,61.1,0.7560009898539967,4,2,0,63.31,56.26,44.05,61.64333333333334,48.665,0.3870601589103293
2011-05-01,Tenerife,57.01,35.52,0.6230485879670234,5,2,0,61.1,65.36,31.56,63.25666666666667,50.08583333333334,0.12547528517110282
2011-06-01,Tenerife,56.13,37.88,0.6748619276679138,6,2,0,35.52,63.31,32.72,53.31,50.41583333333333,0.15770171149144266
2011-07-01,Tenerife,68.14,49.03,0.7195479894335193,7,3,0,37.88,61.1,42.93,44.833333333333336,50.84583333333333,0.14209177731190314
2011-08-01,Tenerife,71.63,56.63,0.7905905346921682,8,3,1,49.03,35.52,53.01,40.81,51.354166666666664,0.06828900207508026
2011-09-01,Tenerife,61.13,46.43,0.7595288728938328,9,3,1,56.63,37.88,41.46,47.84666666666667,51.655833333333334,0.11987457790641579
2011-10-01,Tenerife,67.95,50.29,0.7401030169242089,10,4,0,46.43,49.03,48.48,50.696666666666665,52.07,0.037334983498349884
2011-11-01,Tenerife,67.39,55.33,0.8210416975812435,11,4,1,50.29,56.63,53.44,51.116666666666674,52.22083333333333,0.03536676646706588
2011-12-01,Tenerife,73.85,55.02,0.7450236966824646,12,4,0,55.33,46.43,51.4,50.68333333333334,52.37833333333333,0.07042801556420243
2012-01-01,Tenerife,71.28,61.15,0.8578843995510662,1,1,1,55.02,50.29,56.26,53.54666666666666,52.68000000000001,0.0869178812655528
2012-02-01,Tenerife,74.73,63.75,0.8530710558008832,2,1,1,61.15,55.33,65.36,57.166666666666664,53.087500000000006,-0.02463280293757649
2012-03-01,Tenerife,70.74,56.19,0.7943172179813401,3,1,1,63.75,55.02,63.31,59.973333333333336,52.95333333333334,-0.11246248617911869
2012-04-01,Tenerife,70.86,50.28,0.7095681625740897,4,2,0,56.19,61.15,61.1,60.36333333333332,52.35999999999999,-0.17708674304418986
2012-05-01,Tenerife,57.43,37.08,0.6456555807069475,5,2,0,50.28,63.75,35.52,56.74,51.458333333333336,0.043918918918918776
2012-06-01,Tenerife,56.53,39.17,0.6929064213691846,6,2,0,37.08,56.19,37.88,47.85,51.58833333333333,0.0340549102428722
2012-07-01,Tenerife,66.24,48.45,0.7314311594202899,7,3,0,39.17,50.28,49.03,42.17666666666667,51.69583333333333,-0.01182949214766466
2012-08-01,Tenerife,70.39,52.85,0.7508168773973576,8,3,1,48.45,37.08,56.63,41.56666666666667,51.6475,-0.06674907292954266
2012-09-01,Tenerife,63.68,48.67,0.7642902010050252,9,3,1,52.85,39.17,46.43,46.82333333333333,51.3325,0.048244669394787894
2012-10-01,Tenerife,70.67,53.38,0.7553417291637187,10,4,0,48.67,48.45,50.29,49.99,51.519166666666656,0.06144362696361112
2012-11-01,Tenerife,74.22,58.98,0.7946645109135003,11,4,1,53.38,52.85,55.33,51.63333333333333,51.776666666666664,0.06596782938731247
2012-12-01,Tenerife,76.27,57.67,0.7561295397928413,12,4,0,58.98,48.67,55.02,53.67666666666667,52.08083333333334,0.0481643038894947
2013-01-01,Tenerife,72.91,60.15,0.8249897133452202,1,1,1,57.67,53.38,61.15,56.67666666666667,52.30166666666667,-0.016353229762878167
2013-02-01,Tenerife,76.74,65.74,0.8566588480583789,2,1,1,60.15,58.98,63.75,58.93333333333334,52.218333333333334,0.031215686274509723
2013-03-01,Tenerife,81.41,66.29,0.8142734307824593,3,1,1,65.74,57.67,56.19,61.18666666666667,52.384166666666665,0.17974728599394926
2013-04-01,Tenerife,70.03,49.45,0.7061259460231329,4,2,0,66.29,60.15,50.28,64.06,53.225833333333334,-0.016507557677008716
2013-05-01,Tenerife,63.27,41.8,0.6606606606606605,5,2,0,49.45,65.74,37.08,60.49333333333334,53.156666666666666,0.12729234088457386
2013-06-01,Tenerife,59.9,42.67,0.7123539232053423,6,2,0,41.8,66.29,39.17,52.51333333333334,53.550000000000004,0.089354097523615
2013-07-01,Tenerife,70.86,50.25,0.7091447925486876,7,3,0,42.67,49.45,48.45,44.64000000000001,53.84166666666666,0.037151702786377645
2013-08-01,Tenerife,75.29,57.43,0.762783902244654,8,3,1,50.25,41.8,52.85,44.906666666666666,53.991666666666674,0.08666035950804159
2013-09-01,Tenerife,67.62,52.35,0.7741792369121562,9,3,1,57.43,42.67,48.67,50.11666666666667,54.373333333333335,0.07561125950277378
2013-10-01,Tenerife,73.24,57.22,0.7812670671764064,10,4,0,52.35,50.25,53.38,53.343333333333334,54.68000000000001,0.07193705507680773
2013-11-01,Tenerife,76.15,67.55,0.887065003282994,11,4,1,57.22,57.43,58.98,55.666666666666664,55.0,0.14530349270939302
2013-12-01,Tenerife,80.16,65.91,0.8222305389221557,12,4,0,67.55,52.35,57.67,59.04,55.71416666666667,0.14288191434021147
2014-01-01,Tenerife,78.7,70.24,0.8925031766200762,1,1,1,65.91,57.22,60.15,63.56,56.40083333333333,0.16774729842061506
2014-02-01,Tenerife,80.98,73.26,0.9046678192146208,2,1,1,70.24,67.55,65.74,67.89999999999999,57.24166666666667,0.11439002129601476
2014-03-01,Tenerife,81.27,70.69,0.8698166605143349,3,1,1,73.26,65.91,66.29,69.80333333333333,57.86833333333333,0.06637501885653932
2014-04-01,Tenerife,80.92,59.9,0.7402372713791399,4,2,0,70.69,70.24,49.45,71.39666666666666,58.23500000000001,0.21132457027300294
2014-05-01,Tenerife,66.97,43.44,0.6486486486486486,5,2,0,59.9,73.26,41.8,67.95,59.10583333333333,0.039234449760765566
2014-06-01,Tenerife,65.79,45.72,0.694938440492476,6,2,0,43.44,70.69,42.67,58.00999999999999,59.2425,0.07147879071947497
2014-07-01,Tenerife,72.93,52.83,0.7243932538050184,7,3,0,45.72,59.9,50.25,49.68666666666667,59.49666666666667,0.05134328358208952
2014-08-01,Tenerife,77.17,62.49,0.809770636257613,8,3,1,52.83,43.44,57.43,47.32999999999999,59.71166666666667,0.08810726101340767
2014-09-01,Tenerife,70.08,55.63,0.7938070776255708,9,3,1,62.49,45.72,52.35,53.68,60.13333333333333,0.06265520534861511
2014-10-01,Tenerife,78.75,63.16,0.802031746031746,10,4,0,55.63,52.83,57.22,56.98333333333333,60.406666666666666,0.10380985669346379
2014-11-01,Tenerife,80.52,69.19,0.8592896174863388,11,4,1,63.16,62.49,67.55,60.42666666666667,60.90166666666667,0.024278312361213927
2014-12-01,Tenerife,85.98,69.96,0.8136775994417306,12,4,0,69.19,55.63,65.91,62.66,61.038333333333334,0.061447428311333596
2015-01-01,Tenerife,83.84,73.44,0.8759541984732824,1,1,1,69.96,63.16,70.24,67.43666666666667,61.37583333333333,0.04555808656036451
2015-02-01,Tenerife,85.84,76.44,0.8904939422180801,2,1,1,73.44,69.19,73.26,70.86333333333333,61.642500000000005,0.0434070434070433
2015-03-01,Tenerife,88.74,74.56,0.8402073473067388,3,1,1,76.44,69.96,70.69,73.27999999999999,61.9075,0.05474607440939319
2015-04-01,Tenerife,85.78,64.35,0.7501748659361156,4,2,0,74.56,73.44,59.9,74.81333333333333,62.23,0.07429048414023365
2015-05-01,Tenerife,69.48,47.29,0.6806275187104203,5,2,0,64.35,76.44,43.44,71.78333333333335,62.60083333333333,0.08862799263351753
2015-06-01,Tenerife,70.77,50.82,0.7181008902077152,6,2,0,47.29,74.56,45.72,62.06666666666667,62.921666666666674,0.11154855643044623
2015-07-01,Tenerife,79.86,60.49,0.7574505384422741,7,3,0,50.82,64.35,52.83,54.15333333333333,63.346666666666664,0.14499337497633927
2015-08-01,Tenerife,88.86,72.97,0.8211793832995724,8,3,1,60.49,47.29,62.49,52.86666666666667,63.98499999999999,0.16770683309329487
2015-09-01,Tenerife,78.06,65.3,0.8365359979502945,9,3,1,72.97,50.82,55.63,61.42666666666667,64.85833333333333,0.1738270717238899
2015-10-01,Tenerife,86.75,70.96,0.8179827089337175,10,4,0,65.3,60.49,63.16,66.25333333333333,65.66416666666666,0.12349588347055095
2015-11-01,Tenerife,91.33,80.38,0.8801051133253038,11,4,1,70.96,72.97,69.19,69.74333333333333,66.31416666666667,0.16172857349327935
2015-12-01,Tenerife,96.3,78.91,0.8194184839044653,12,4,0,80.38,65.3,69.96,72.21333333333332,67.24666666666666,0.12793024585477422
2016-01-01,Tenerife,93.4,83.28,0.8916488222698072,1,1,1,78.91,70.96,73.44,76.74999999999999,67.99249999999999,0.13398692810457521
2016-02-01,Tenerife,99.16,90.99,0.9176079064138766,2,1,1,83.28,80.38,76.44,80.85666666666667,68.8125,0.19034536891679746
2016-03-01,Tenerife,98.04,87.76,0.8951448388412893,3,1,1,90.99,78.91,74.56,84.39333333333333,70.02499999999999,0.17703862660944208
2016-04-01,Tenerife,85.95,70.78,0.8235020360674811,4,2,0,87.76,83.28,64.35,87.34333333333332,71.125,0.09992229992230003
2016-05-01,Tenerife,75.18,59.25,0.7881085395051874,5,2,0,70.78,90.99,47.29,83.17666666666666,71.66083333333334,0.2529075914569677
2016-06-01,Tenerife,80.19,66.23,0.8259134555430853,6,2,0,59.25,87.76,50.82,72.59666666666668,72.6575,0.3032270759543488
2016-07-01,Tenerife,84.13,72.36,0.86009746820397,7,3,0,66.23,70.78,60.49,65.42,73.94166666666668,0.19623078194742927
2016-08-01,Tenerife,94.35,84.53,0.8959194488606254,8,3,1,72.36,59.25,72.97,65.94666666666667,74.93083333333334,0.1584212690146636
2016-09-01,Tenerife,83.17,74.29,0.893230732235181,9,3,1,84.53,66.23,65.3,74.37333333333333,75.89416666666666,0.1376722817764167
2016-10-01,Tenerife,92.76,81.07,0.8739758516601982,10,4,0,74.29,72.36,70.96,77.06,76.64333333333333,0.14247463359639234
2016-11-01,Tenerife,94.18,84.77,0.9000849437247822,11,4,1,81.07,84.53,80.38,79.96333333333332,77.48583333333333,0.054615576013933825
2016-12-01,Tenerife,101.04,84.96,0.840855106888361,12,4,0,84.77,74.29,78.91,80.04333333333334,77.85166666666667,0.07666962362184764
2017-01-01,Tenerife,100.34,90.62,0.9031293601754036,1,1,1,84.96,81.07,83.28,83.59999999999998,78.35583333333334,0.08813640730067247
2017-02-01,Tenerife,103.55,94.6,0.9135683244809272,2,1,1,90.62,84.77,90.99,86.78333333333332,78.9675,0.03967468952632157
2017-03-01,Tenerife,103.21,91.46,0.8861544423989923,3,1,1,94.6,84.96,87.76,90.06,79.26833333333333,0.042160437556973435
2017-04-01,Tenerife,100.01,82.75,0.8274172582741726,4,2,0,91.46,90.62,70.78,92.22666666666667,79.57666666666667,0.16911556936987848
2017-05-01,Tenerife,79.91,62.66,0.7841321486672507,5,2,0,82.75,94.6,59.25,89.60333333333334,80.57416666666667,0.0575527426160337
2017-06-01,Tenerife,80.18,65.71,0.8195310551259665,6,2,0,62.66,91.46,66.23,78.95666666666666,80.85833333333333,-0.007851426845840408
2017-07-01,Tenerife,90.44,75.29,0.8324856258292792,7,3,0,65.71,82.75,72.36,70.37333333333333,80.815,0.04049198452183536
2017-08-01,Tenerife,97.0,82.9,0.854639175257732,8,3,1,75.29,62.66,84.53,67.88666666666667,81.05916666666667,-0.019283094759257016
2017-09-01,Tenerife,88.69,77.13,0.8696583605818018,9,3,1,82.9,65.71,74.29,74.63333333333334,80.92333333333333,0.03822856373670735
2017-10-01,Tenerife,94.11,78.23,0.8312612899798109,10,4,0,77.13,75.29,81.07,78.44,81.16,-0.03503145429875403
2017-11-01,Tenerife,99.61,86.64,0.8697921895392029,11,4,1,78.23,82.9,84.77,79.42,80.92333333333333,0.022059690928394535
2017-12-01,Tenerife,104.35,82.0,0.785816962146622,12,4,0,86.64,77.13,84.96,80.66666666666667,81.07916666666667,-0.03483992467043307
2018-01-01,Tenerife,105.34,89.8,0.8524776912853617,1,1,1,82.0,78.23,90.62,82.29,80.8325,-0.009048775104833451
2018-02-01,Tenerife,103.12,90.11,0.8738363072148952,2,1,1,89.8,86.64,94.6,86.14666666666666,80.76416666666667,-0.047463002114164855
2018-03-01,Tenerife,108.1,90.48,0.8370027752081407,3,1,1,90.11,82.0,91.46,87.30333333333333,80.39,-0.0107150666958232
2018-04-01,Tenerife,98.09,75.91,0.7738811295748802,4,2,0,90.48,89.8,82.75,90.13,80.30833333333332,-0.08265861027190337
2018-05-01,Tenerife,80.57,59.75,0.7415911629638824,5,2,0,75.91,90.11,62.66,85.5,79.73833333333333,-0.0464411107564634
2018-06-01,Tenerife,78.72,62.2,0.7901422764227642,6,2,0,59.75,90.48,65.71,75.38,79.49583333333334,-0.053416527164814966
2018-07-01,Tenerife,90.72,71.65,0.7897927689594357,7,3,0,62.2,75.91,75.29,65.95333333333333,79.20333333333333,-0.04834639394341878
2018-08-01,Tenerife,100.01,83.68,0.8367163283671634,8,3,1,71.65,59.75,82.9,64.53333333333335,78.89999999999999,0.00940892641737034
2018-09-01,Tenerife,86.89,74.79,0.8607434687535965,9,3,1,83.68,62.2,77.13,72.51,78.965,-0.030338389731621798
2018-10-01,Tenerife,93.7,78.45,0.8372465314834578,10,4,0,74.79,71.65,78.23,76.70666666666668,78.77,0.00281222037581489
2018-11-01,Tenerife,98.05,83.67,0.8533401325854156,11,4,1,78.45,83.68,86.64,78.97333333333334,78.78833333333334,-0.034279778393351786
2018-12-01,Tenerife,104.24,83.59,0.8018994627782042,12,4,0,83.67,74.79,82.0,78.97000000000001,78.54083333333334,0.019390243902439066
2019-01-01,Tenerife,104.73,88.5,0.8450300773417359,1,1,1,83.59,78.45,89.8,81.90333333333334,78.67333333333333,-0.014476614699331817
2019-02-01,Tenerife,105.48,89.48,0.8483124762988244,2,1,1,88.5,83.67,90.11,85.25333333333333,78.565,-0.006991454888469598
2019-03-01,Tenerife,101.21,85.4,0.8437901393142971,3,1,1,89.48,83.59,90.48,87.19,78.5125,-0.05614500442086647
2019-04-01,Tenerife,99.52,75.62,0.759847266881029,4,2,0,85.4,88.5,75.91,87.79333333333334,78.08916666666667,-0.0038203135291791867
2019-05-01,Tenerife,81.38,60.53,0.743794544114033,5,2,0,75.62,89.48,59.75,83.5,78.065,0.01305439330543935
2019-06-01,Tenerife,79.34,62.63,0.7893874464330729,6,2,0,60.53,85.4,62.2,73.85000000000001,78.13,0.00691318327974276
2019-07-01,Tenerife,91.02,71.57,0.7863107009448472,7,3,0,62.63,75.62,71.65,66.26,78.16583333333334,-0.001116538729937369
2019-08-01,Tenerife,97.11,79.48,0.8184533003810113,8,3,1,71.57,60.53,83.68,64.91000000000001,78.15916666666668,-0.05019120458891017
2019-09-01,Tenerife,87.23,72.95,0.8362948526882953,9,3,1,79.48,62.63,74.79,71.22666666666667,77.80916666666667,-0.024602219548067968
2019-10-01,Tenerife,95.55,76.21,0.7975928833071689,10,4,0,72.95,71.57,78.45,74.66666666666667,77.65583333333335,-0.028553218610580102
2019-11-01,Tenerife,96.91,81.95,0.8456299659477866,11,4,1,76.21,79.48,83.67,76.21333333333334,77.46916666666667,-0.020556949922313838
2019-12-01,Tenerife,102.57,83.0,0.809203470800429,12,4,0,81.95,72.95,83.59,77.03666666666668,77.32583333333334,-0.007058260557482993
2020-01-01,Tenerife,105.31,88.33,0.8387617510207958,1,1,1,83.0,76.21,88.5,80.38666666666667,77.27666666666667,-0.0019209039548022792
2020-02-01,Tenerife,107.14,90.6,0.8456225499346649,2,1,1,88.33,81.95,89.48,84.42666666666668,77.2625,0.012516763522574768
2020-03-01,Tenerife,107.64,39.01,0.3624117428465254,3,1,1,90.6,83.0,85.4,87.31,77.35583333333334,-0.543208430913349
2020-07-01,Tenerife,88.37,27.33,0.3092678510806834,7,3,0,39.01,88.33,75.62,72.64666666666666,73.49,-0.6385876752181963
2020-08-01,Tenerife,94.69,43.03,0.4544302460661105,8,3,1,27.33,90.6,60.53,52.31333333333334,69.46583333333334,-0.28911283660994547
2020-09-01,Tenerife,90.16,29.27,0.3246450754214729,9,3,1,43.03,39.01,62.63,36.45666666666667,68.0075,-0.5326520836659747
2020-10-01,Tenerife,92.79,23.39,0.252074577001832,10,4,0,29.27,27.33,71.57,33.21000000000001,65.22749999999999,-0.6731870895626659
2020-11-01,Tenerife,101.13,29.91,0.2957579353307624,11,4,1,23.39,43.03,79.48,31.896666666666672,61.2125,-0.6236789129340715
2020-12-01,Tenerife,116.66,37.92,0.3250471455511743,12,4,0,29.91,29.27,72.95,27.52333333333334,57.08166666666667,-0.4801919122686772
2021-01-01,Tenerife,101.26,19.04,0.1880308117716768,1,1,1,37.92,23.39,76.21,30.406666666666677,54.162499999999994,-0.7501640204697546
2021-02-01,Tenerife,93.83,25.78,0.2747522114462326,2,1,1,19.04,29.91,81.95,28.956666666666674,49.39833333333333,-0.685417937766931
2021-03-01,Tenerife,108.91,34.7,0.3186116977320724,3,1,1,25.78,37.92,83.0,27.580000000000002,44.7175,-0.5819277108433735
2021-04-01,Tenerife,103.37,36.12,0.349424397794331,4,2,0,34.7,19.04,88.33,26.50666666666667,40.692499999999995,-0.5910789086380618
2021-05-01,Tenerife,95.22,37.21,0.3907792480571309,5,2,0,36.12,25.78,90.6,32.20000000000001,36.34166666666666,-0.5892935982339955
2021-06-01,Tenerife,93.15,32.58,0.3497584541062801,6,2,0,37.21,34.7,39.01,36.010000000000005,31.892500000000002,-0.16482953088951552
2021-07-01,Tenerife,100.38,46.14,0.4596533173939032,7,3,0,32.58,36.12,27.33,35.303333333333335,31.35666666666667,0.6882546652030737
2021-08-01,Tenerife,99.12,61.61,0.6215698143664246,8,3,1,46.14,37.21,43.03,38.64333333333334,32.924166666666665,0.43179177318150125
2021-09-01,Tenerife,98.08,65.07,0.6634380097879282,9,3,1,61.61,32.58,29.27,46.77666666666667,34.472500000000004,1.2230953194396992
2021-10-01,Tenerife,114.39,85.66,0.7488416819652067,10,4,0,65.07,46.14,23.39,57.60666666666666,37.45583333333334,2.662248824283882
2021-11-01,Tenerife,113.22,88.94,0.7855502561384914,11,4,1,85.66,61.61,29.91,70.78,42.645,1.9735874289535273
2021-12-01,Tenerife,121.87,79.45,0.6519241815048823,12,4,0,88.94,65.07,37.92,79.89,47.564166666666665,1.0952004219409281
2022-01-01,Tenerife,115.46,68.48,0.5931058375194873,1,1,1,79.45,85.66,19.04,84.68333333333334,51.025,2.5966386554621854
2022-02-01,Tenerife,118.67,88.28,0.7439116878739361,2,1,1,68.48,88.94,25.78,78.95666666666666,55.145,2.4243599689681923
2022-03-01,Tenerife,119.9,96.76,0.8070058381984988,3,1,1,88.28,79.45,34.7,78.73666666666666,60.35333333333333,1.788472622478386
2022-04-01,Tenerife,123.98,94.43,0.7616551056622036,4,2,0,96.76,68.48,36.12,84.50666666666667,65.52499999999999,1.6143410852713183
2022-05-01,Tenerife,93.56,67.49,0.7213552800342026,5,2,0,94.43,88.28,37.21,93.15666666666668,70.38416666666667,0.8137597420048372
2022-06-01,Tenerife,98.25,73.61,0.7492111959287532,6,2,0,67.49,96.76,32.58,86.22666666666669,72.90750000000001,1.2593615715162678
2022-07-01,Tenerife,110.94,86.24,0.7773571299801695,7,3,0,73.61,94.43,46.14,78.51,76.32666666666667,0.8690940615517987
2022-08-01,Tenerife,118.15,96.63,0.817858654253068,8,3,1,86.24,67.49,61.61,75.78,79.66833333333334,0.5684142184710274
2022-09-01,Tenerife,103.47,84.48,0.8164685416062627,9,3,1,96.63,73.61,65.07,85.49333333333334,82.58666666666666,0.29829414476717403
2022-10-01,Tenerife,114.01,92.41,0.810542934830278,10,4,0,84.48,86.24,85.66,89.11666666666667,84.20416666666667,0.0787999066075181
2022-11-01,Tenerife,118.92,101.73,0.8554490413723512,11,4,1,92.41,96.63,88.94,91.17333333333333,84.76666666666667,0.14380481223296612
2022-12-01,Tenerife,131.6,106.8,0.8115501519756839,12,4,0,101.73,84.48,79.45,92.87333333333333,85.8325,0.3442416614222781
2023-01-01,Tenerife,122.85,105.27,0.8568986568986569,1,1,1,106.8,92.41,68.48,100.31333333333333,88.11166666666666,0.5372371495327102
2023-02-01,Tenerife,128.58,113.82,0.885207652823145,2,1,1,105.27,101.73,88.28,104.60000000000001,91.1775,0.2893067512460352
2023-03-01,Tenerife,125.23,107.73,0.8602571268865288,3,1,1,113.82,106.8,96.76,108.63,93.30583333333334,0.11337329474989663
2023-04-01,Tenerife,123.27,96.67,0.7842135150482681,4,2,0,107.73,105.27,94.43,108.94,94.22000000000001,0.02372127501853219
2023-05-01,Tenerife,102.22,77.17,0.7549403247896693,5,2,0,96.67,113.82,67.49,106.07333333333334,94.40666666666665,0.1434286560971997
2023-06-01,Tenerife,103.79,81.98,0.7898641487619231,6,2,0,77.17,107.73,73.61,93.85666666666668,95.21333333333332,0.1137073767151203
2023-07-01,Tenerife,123.12,99.82,0.8107537361923326,7,3,0,81.98,96.67,86.24,85.27333333333334,95.91083333333334,0.15746753246753245
2023-08-01,Tenerife,129.24,108.93,0.8428505106778087,8,3,1,99.82,77.17,96.63,86.32333333333334,97.0425,0.12728966159577784
2023-09-01,Tenerife,112.32,94.68,0.8429487179487181,9,3,1,108.93,81.98,84.48,96.91000000000001,98.0675,0.1207386363636364
2023-10-01,Tenerife,124.57,105.42,0.8462711728345509,10,4,0,94.68,99.82,92.41,101.14333333333333,98.9175,0.14078562926090257
2023-11-01,Tenerife,137.06,121.65,0.8875674886910843,11,4,1,105.42,108.93,101.73,103.01,100.00166666666667,0.19581244470657624
2023-12-01,Tenerife,146.81,122.66,0.8355016688236496,12,4,0,121.65,94.68,106.8,107.25,101.66166666666668,0.14850187265917603
2024-01-01,Tenerife,142.1,125.07,0.8801548205489093,1,1,1,122.66,105.42,105.27,116.57666666666667,102.98333333333335,0.18808777429467083
2024-02-01,Tenerife,146.64,134.78,0.9191216584833608,2,1,1,125.07,121.65,113.82,123.12666666666667,104.63333333333334,0.18415041293270085
2024-03-01,Tenerife,148.88,132.52,0.8901128425577648,3,1,1,134.78,122.66,107.73,127.50333333333333,106.38,0.23011231783161612
2024-04-01,Tenerife,129.35,104.71,0.8095090838809431,4,2,0,132.52,125.07,96.67,130.79000000000002,108.44583333333333,0.08316954587772828
2024-05-01,Tenerife,110.27,85.04,0.7711979686224723,5,2,0,104.71,134.78,77.17,124.00333333333334,109.11583333333334,0.10198263573927698
2024-06-01,Tenerife,109.35,86.98,0.7954275262917239,6,2,0,85.04,132.52,81.98,107.42333333333335,109.77166666666666,0.06099048548426445
2024-07-01,Tenerife,131.67,106.64,0.8099035467456521,7,3,0,86.98,104.71,99.82,92.24333333333334,110.18833333333333,0.0683229813664597
2024-08-01,Tenerife,139.91,117.9,0.8426845829461798,8,3,1,106.64,85.04,108.93,92.8866666666667,110.75666666666667,0.08234646103001926
2024-09-01,Tenerife,124.74,105.59,0.8464806798140132,9,3,1,117.9,86.98,94.68,103.84000000000002,111.50416666666666,0.11523024926066747
2024-10-01,Tenerife,134.32,114.72,0.8540798094103633,10,4,0,105.59,106.64,105.42,110.04333333333334,112.41333333333334,0.08821855435401249
2024-11-01,Tenerife,146.64,129.45,0.8827741407528642,11,4,1,114.72,117.9,121.65,112.73666666666668,113.18833333333335,0.06411837237977791
2024-12-01,Tenerife,159.29,132.19,0.8298700483395066,12,4,0,129.45,105.59,122.66,116.58666666666666,113.83833333333332,0.0776944399152128
2025-01-01,Tenerife,151.32,132.2,0.8736452550885541,1,1,1,132.19,114.72,125.07,125.45333333333333,114.6325,0.057008075477732435
2025-02-01,Tenerife,151.22,135.66,0.8971035577304589,2,1,1,132.2,129.45,134.78,131.28,115.22666666666667,0.006529158628876654
2025-03-01,Tenerife,151.1,130.22,0.8618133686300463,3,1,1,135.66,132.19,132.52,133.35,115.3,-0.017355870811952997
2025-04-01,Tenerife,149.05,114.64,0.7691378731969137,4,2,0,130.22,132.2,104.71,132.69333333333336,115.10833333333333,0.09483334925031045
2025-05-01,Tenerife,115.62,88.82,0.7682061927002248,5,2,0,114.64,135.66,85.04,126.83999999999999,115.93583333333333,0.04444967074317952
2025-06-01,Tenerife,118.06,95.51,0.8089954260545485,6,2,0,88.82,130.22,86.98,111.22666666666667,116.25083333333333,0.09806852149919523
2025-07-01,Tenerife,137.68,112.96,0.820453224869262,7,3,0,95.51,114.64,106.64,99.65666666666668,116.96166666666666,0.05926481620405095
2025-08-01,Tenerife,146.91,123.32,0.8394254986045878,8,3,1,112.96,88.82,117.9,99.09666666666668,117.48833333333333,0.04597116200169624
2025-09-01,Tenerife,128.68,107.6,0.8361827789866334,9,3,1,123.32,95.51,105.59,110.59666666666668,117.94,0.01903589355052553
2025-10-01,Tenerife,141.37,119.67,0.8465020867227842,10,4,0,107.6,112.96,114.72,114.62666666666667,118.1075,0.04314853556485358
2025-11-01,Tenerife,151.11,132.33,0.8757196744093707,11,4,1,119.67,123.32,129.45,116.86333333333334,118.52,0.022247972190034947
2025-12-01,Tenerife,171.63,138.32,0.8059197110062343,12,4,0,132.33,107.6,132.19,119.86666666666667,118.76,0.04637264543460168
2026-01-01,Tenerife,169.45,142.77,0.8425494246090294,1,1,1,138.32,119.67,132.2,130.10666666666668,119.27083333333333,0.07995461422087763
