isla,train_end,test_end,test_start,covid_fold,model,mae,rmse,mape,interval_coverage
El Hierro,36,39,2013-01-01,False,naive_estacional,1.1433333333333338,1.4395485403417287,0.0758663585200506,
El Hierro,36,39,2013-01-01,False,sarima,1.6134753265537942,1.7692158245754683,0.08275475638296308,1.0
El Hierro,36,39,2013-01-01,False,lightgbm,4.278152847268306,4.626448985348041,0.25188758536323147,
El Hierro,36,39,2013-01-01,False,lightgbm_exog,4.278152847268306,4.626448985348041,0.25188758536323147,
El Hierro,39,42,2013-04-01,False,naive_estacional,7.923333333333333,8.63577249970532,0.7525472738809237,
El Hierro,39,42,2013-04-01,False,sarima,4.031975703152066,4.390793178093427,0.37399277391273805,0.6666666666666666
El Hierro,39,42,2013-04-01,False,lightgbm,10.602565719071357,11.4652798035043,0.9932569953162972,
El Hierro,39,42,2013-04-01,False,lightgbm_exog,10.602565719071357,11.4652798035043,0.9932569953162972,
El Hierro,42,45,2013-07-01,False,naive_estacional,3.2433333333333336,4.438539549596617,0.15783792290050272,
El Hierro,42,45,2013-07-01,False,sarima,9.00703053221993,11.528668322705423,0.4355908774109401,0.6666666666666666
El Hierro,42,45,2013-07-01,False,lightgbm,3.4344858293205065,4.526550691409572,0.17011460350729626,
El Hierro,42,45,2013-07-01,False,lightgbm_exog,3.4344858293205065,4.526550691409572,0.17011460350729626,
El Hierro,45,48,2013-10-01,False,naive_estacional,3.146666666666667,3.342304594138602,0.1562363393591625,
El Hierro,45,48,2013-10-01,False,sarima,4.525854957797279,4.630367446193672,0.23296366070755722,1.0
El Hierro,45,48,2013-10-01,False,lightgbm,0.9683947306096847,1.136553572068595,0.04719198107021123,
El Hierro,45,48,2013-10-01,False,lightgbm_exog,0.9683947306096847,1.136553572068595,0.04719198107021123,
El Hierro,48,51,2014-01-01,False,naive_estacional,3.7900000000000005,4.178408788043602,0.1968003174871021,
El Hierro,48,51,2014-01-01,False,sarima,3.296697162811023,3.4111506201738973,0.16571966542657512,1.0
El Hierro,48,51,2014-01-01,False,lightgbm,2.8768452737726697,3.4835868942814536,0.14917016391569635,
El Hierro,48,51,2014-01-01,False,lightgbm_exog,2.8768452737726697,3.4835868942814536,0.14917016391569635,
El Hierro,51,54,2014-04-01,False,naive_estacional,6.453333333333333,6.484689661040072,0.3625924689082057,
El Hierro,51,54,2014-04-01,False,sarima,6.722267515533567,6.728665510818239,0.377344069797559,1.0
El Hierro,51,54,2014-04-01,False,lightgbm,2.512074379260151,3.3832990128782376,0.12915343215739447,
El Hierro,51,54,2014-04-01,False,lightgbm_exog,2.512074379260151,3.3832990128782376,0.12915343215739447,
El Hierro,54,57,2014-07-01,False,naive_estacional,7.300000000000001,8.499164664836188,0.24942452156235537,
El Hierro,54,57,2014-07-01,False,sarima,10.476256011877831,11.233134200677336,0.36996297045615084,0.6666666666666666
El Hierro,54,57,2014-07-01,False,lightgbm,6.103290494702407,6.759621411281505,0.20922096094880946,
El Hierro,54,57,2014-07-01,False,lightgbm_exog,6.103290494702407,6.759621411281505,0.20922096094880946,
El Hierro,57,60,2014-10-01,False,naive_estacional,3.8266666666666667,4.820587792652122,0.16173123642979453,
El Hierro,57,60,2014-10-01,False,sarima,5.057297066820179,5.070428176173258,0.24182027384026059,1.0
El Hierro,57,60,2014-10-01,False,lightgbm,8.263725026889185,8.627503941073499,0.3869683062258527,
El Hierro,57,60,2014-10-01,False,lightgbm_exog,8.263725026889185,8.627503941073499,0.3869683062258527,
El Hierro,60,63,2015-01-01,False,naive_estacional,2.0100000000000002,3.2341253325538677,0.11310256864286335,
El Hierro,60,63,2015-01-01,False,sarima,4.482105282151008,4.891243282051799,0.24332881666836248,1.0
El Hierro,60,63,2015-01-01,False,lightgbm,4.975930103049163,5.166156029250529,0.2702789113274292,
El Hierro,60,63,2015-01-01,False,lightgbm_exog,4.975930103049163,5.166156029250529,0.2702789113274292,
El Hierro,63,66,2015-04-01,False,naive_estacional,4.563333333333333,6.146139709877521,0.4116465601247879,
El Hierro,63,66,2015-04-01,False,sarima,3.742387814113196,4.546293525957071,0.3115345545521457,1.0
El Hierro,63,66,2015-04-01,False,lightgbm,6.728022785050474,6.993953429722771,0.5418325833701291,
El Hierro,63,66,2015-04-01,False,lightgbm_exog,6.728022785050474,6.993953429722771,0.5418325833701291,
El Hierro,66,69,2015-07-01,False,naive_estacional,3.03,4.658944801848018,0.16785956120118362,
El Hierro,66,69,2015-07-01,False,sarima,5.488929715657615,6.771809677495556,0.1897481468742949,0.6666666666666666
El Hierro,66,69,2015-07-01,False,lightgbm,5.502730986767457,6.1275674445821835,0.20977877874572007,
El Hierro,66,69,2015-07-01,False,lightgbm_exog,5.502730986767457,6.1275674445821835,0.20977877874572007,
El Hierro,69,72,2015-10-01,False,naive_estacional,3.97,4.798343464155103,0.17615841051119666,
El Hierro,69,72,2015-10-01,False,sarima,3.5172845341219863,3.9110369337884014,0.15714791597722813,1.0
El Hierro,69,72,2015-10-01,False,lightgbm,1.8183068868241925,2.1795044893699376,0.08027976043454989,
El Hierro,69,72,2015-10-01,False,lightgbm_exog,1.8183068868241925,2.1795044893699376,0.08027976043454989,
El Hierro,72,75,2016-01-01,False,naive_estacional,6.6000000000000005,6.851588623572395,0.25772151416942213,
El Hierro,72,75,2016-01-01,False,sarima,3.5650568494934802,4.02626704650972,0.13932253223778104,1.0
El Hierro,72,75,2016-01-01,False,lightgbm,5.381548635785868,5.715556812998182,0.2087493936231856,
El Hierro,72,75,2016-01-01,False,lightgbm_exog,5.381548635785868,5.715556812998182,0.2087493936231856,
El Hierro,75,78,2016-04-01,False,naive_estacional,4.583333333333334,5.442582107786708,0.24956469529564265,
El Hierro,75,78,2016-04-01,False,sarima,2.56075350805293,3.1498224065459564,0.15541900629192765,1.0
El Hierro,75,78,2016-04-01,False,lightgbm,1.857562205562936,2.1950417676139464,0.1096695972135961,
El Hierro,75,78,2016-04-01,False,lightgbm_exog,1.857562205562936,2.1950417676139464,0.1096695972135961,
El Hierro,78,81,2016-07-01,False,naive_estacional,5.013333333333335,5.517022143632682,0.1849698313468633,
El Hierro,78,81,2016-07-01,False,sarima,3.937573901408863,4.043298117782103,0.1300085108599307,1.0
El Hierro,78,81,2016-07-01,False,lightgbm,3.6503461052080204,4.341145492863255,0.13221781811626743,
El Hierro,78,81,2016-07-01,False,lightgbm_exog,3.6503461052080204,4.341145492863255,0.13221781811626743,
El Hierro,81,84,2016-10-01,False,naive_estacional,3.9599999999999986,4.128639808298449,0.16213736949549695,
El Hierro,81,84,2016-10-01,False,sarima,0.7296481373008987,1.066093770616855,0.0335163721462502,1.0
El Hierro,81,84,2016-10-01,False,lightgbm,2.9833363642846487,3.231061202678277,0.12126275653680745,
El Hierro,81,84,2016-10-01,False,lightgbm_exog,2.9833363642846487,3.231061202678277,0.12126275653680745,
El Hierro,84,87,2017-01-01,False,naive_estacional,2.776666666666666,3.313583156242398,0.10413974181636693,
El Hierro,84,87,2017-01-01,False,sarima,2.5474720182482997,2.8252486926486213,0.09774421952604002,1.0
El Hierro,84,87,2017-01-01,False,lightgbm,1.6764092536758213,1.9159300708613252,0.06463699073596829,
El Hierro,84,87,2017-01-01,False,lightgbm_exog,1.6764092536758213,1.9159300708613252,0.06463699073596829,
El Hierro,87,90,2017-04-01,False,naive_estacional,4.346666666666667,5.352332824728548,0.18964897704957243,
El Hierro,87,90,2017-04-01,False,sarima,2.140395705711935,2.6410721918737474,0.09326809880793879,1.0
El Hierro,87,90,2017-04-01,False,lightgbm,2.992365524254813,3.0895370057993823,0.13466039806226013,
El Hierro,87,90,2017-04-01,False,lightgbm_exog,2.992365524254813,3.0895370057993823,0.13466039806226013,
El Hierro,90,93,2017-07-01,False,naive_estacional,10.85333333333333,10.857602559190186,0.26997050331609423,
El Hierro,90,93,2017-07-01,False,sarima,10.963952310403641,10.98024702090326,0.27084926692650163,0.0
El Hierro,90,93,2017-07-01,False,lightgbm,14.12968232124331,14.146527964543917,0.3490406520374571,
El Hierro,90,93,2017-07-01,False,lightgbm_exog,14.12968232124331,14.146527964543917,0.3490406520374571,
El Hierro,93,96,2017-10-01,False,naive_estacional,7.3233333333333315,7.688838230404728,0.2328086635775627,
El Hierro,93,96,2017-10-01,False,sarima,1.7827584964422947,2.002536604583178,0.05722435291692133,1.0
El Hierro,93,96,2017-10-01,False,lightgbm,5.602058280009256,5.638196995622529,0.17857307334300554,
El Hierro,93,96,2017-10-01,False,lightgbm_exog,5.602058280009256,5.638196995622529,0.17857307334300554,
El Hierro,96,99,2018-01-01,False,naive_estacional,10.043333333333331,10.390137952244263,0.2726117583609172,
El Hierro,96,99,2018-01-01,False,sarima,3.281831904764413,4.37576322216723,0.08452736797269451,1.0
El Hierro,96,99,2018-01-01,False,lightgbm,4.139872466546226,4.914225613935459,0.10847131158015262,
El Hierro,96,99,2018-01-01,False,lightgbm_exog,4.139872466546226,4.914225613935459,0.10847131158015262,
El Hierro,99,102,2018-04-01,False,naive_estacional,5.739999999999998,5.896580930222754,0.20739432419981166,
El Hierro,99,102,2018-04-01,False,sarima,1.8458850284266763,2.0878548962889503,0.06786263655832568,1.0
El Hierro,99,102,2018-04-01,False,lightgbm,5.718099540920416,5.76089712193019,0.20758546571662181,
El Hierro,99,102,2018-04-01,False,lightgbm_exog,5.718099540920416,5.76089712193019,0.20758546571662181,
El Hierro,102,105,2018-07-01,False,naive_estacional,2.606666666666669,3.4645538433300964,0.05365980125860257,
El Hierro,102,105,2018-07-01,False,sarima,2.8760319686767013,3.9306979637027655,0.05827669860593806,1.0
El Hierro,102,105,2018-07-01,False,lightgbm,6.248574010093141,7.659144421394189,0.1326964540742421,
El Hierro,102,105,2018-07-01,False,lightgbm_exog,6.248574010093141,7.659144421394189,0.1326964540742421,
El Hierro,105,108,2018-10-01,False,naive_estacional,2.7833333333333337,3.5416050975040507,0.07878943429642953,
El Hierro,105,108,2018-10-01,False,sarima,2.8738531422441547,3.104350120445926,0.09004226051672219,1.0
El Hierro,105,108,2018-10-01,False,lightgbm,2.4362293558714896,2.8465386074255896,0.07070211279083506,
El Hierro,105,108,2018-10-01,False,lightgbm_exog,2.4362293558714896,2.8465386074255896,0.07070211279083506,
El Hierro,108,111,2019-01-01,False,naive_estacional,2.289999999999998,3.0265326695742094,0.06606706746816055,
El Hierro,108,111,2019-01-01,False,sarima,1.5601705767831124,1.7675954772460232,0.04444082481485292,1.0
El Hierro,108,111,2019-01-01,False,lightgbm,3.4339271904548334,4.4639730092979075,0.09969288608325716,
El Hierro,108,111,2019-01-01,False,lightgbm_exog,3.4339271904548334,4.4639730092979075,0.09969288608325716,
El Hierro,111,114,2019-04-01,False,naive_estacional,1.8833333333333329,2.1479990689011,0.0744215630714541,
El Hierro,111,114,2019-04-01,False,sarima,3.5401101806289597,3.861530884424331,0.13992665077159638,1.0
El Hierro,111,114,2019-04-01,False,lightgbm,4.188375204652998,4.21969109578092,0.161803402340592,
El Hierro,111,114,2019-04-01,False,lightgbm_exog,4.188375204652998,4.21969109578092,0.161803402340592,
El Hierro,114,117,2019-07-01,False,naive_estacional,3.1099999999999994,3.997169832102042,0.0728357663161265,
El Hierro,114,117,2019-07-01,False,sarima,5.049001500304247,5.2392154508652276,0.10987442360532029,1.0
El Hierro,114,117,2019-07-01,False,lightgbm,7.044565253524546,8.51092051607345,0.14163522043213234,
El Hierro,114,117,2019-07-01,False,lightgbm_exog,7.044565253524546,8.51092051607345,0.14163522043213234,
El Hierro,117,120,2019-10-01,False,naive_estacional,6.550000000000001,6.740234911831091,0.1641835615552564,
El Hierro,117,120,2019-10-01,False,sarima,2.7201396926443118,3.332136945872308,0.06474205417151613,1.0
El Hierro,117,120,2019-10-01,False,lightgbm,6.375354937758551,6.8097341755170335,0.15987112976148418,
El Hierro,117,120,2019-10-01,False,lightgbm_exog,6.375354937758551,6.8097341755170335,0.15987112976148418,
El Hierro,120,123,2020-01-01,True,naive_estacional,11.449999999999998,12.167888066546306,0.4313887104970194,
El Hierro,120,123,2020-01-01,True,sarima,9.364373905478855,13.136112324521815,0.4314118227775843,0.6666666666666666
El Hierro,120,123,2020-01-01,True,lightgbm,8.76779179993755,11.930844629758129,0.3966664713731442,
El Hierro,120,123,2020-01-01,True,lightgbm_exog,8.76779179993755,11.930844629758129,0.3966664713731442,
El Hierro,123,126,2020-07-01,True,naive_estacional,29.346666666666664,31.14151890964858,0.5131471611731521,
El Hierro,123,126,2020-07-01,True,sarima,29.626749176783942,31.350828467668514,0.5175559862108322,0.0
El Hierro,123,126,2020-07-01,True,lightgbm,22.80884196706305,25.496920373959615,0.38778554410239147,
El Hierro,123,126,2020-07-01,True,lightgbm_exog,22.80884196706305,25.496920373959615,0.38778554410239147,
El Hierro,126,129,2020-10-01,True,naive_estacional,14.813333333333333,18.467367616059054,0.5302201481645056,
El Hierro,126,129,2020-10-01,True,sarima,25.5524806827614,27.678390188719142,0.8763348098612989,0.0
El Hierro,126,129,2020-10-01,True,lightgbm,21.939675389884854,22.812732488276676,0.7444560762285,
El Hierro,126,129,2020-10-01,True,lightgbm_exog,21.939675389884854,22.812732488276676,0.7444560762285,
El Hierro,129,132,2021-01-01,True,naive_estacional,17.32666666666667,20.02674045703228,0.9595186650198421,
El Hierro,129,132,2021-01-01,True,sarima,12.933673204229885,14.929950637878889,0.7117409832150314,0.3333333333333333
El Hierro,129,132,2021-01-01,True,lightgbm,12.88204545635085,13.222002931531353,0.6547288036368909,
El Hierro,129,132,2021-01-01,True,lightgbm_exog,12.88204545635085,13.222002931531353,0.6547288036368909,
El Hierro,132,135,2021-04-01,True,naive_estacional,16.53333333333333,18.01226804153214,0.4647138314239199,
El Hierro,132,135,2021-04-01,True,sarima,6.76973663836458,7.224153184689921,0.2050514536491849,1.0
El Hierro,132,135,2021-04-01,True,lightgbm,11.725761491224496,12.070309997541326,0.34825909719872766,
El Hierro,132,135,2021-04-01,True,lightgbm_exog,11.725761491224496,12.070309997541326,0.34825909719872766,
El Hierro,135,138,2021-07-01,False,naive_estacional,15.843333333333332,16.402710141924715,0.22644538806228653,
El Hierro,135,138,2021-07-01,False,sarima,41.699316451143716,42.53720560145882,0.5785357609935815,0.0
El Hierro,135,138,2021-07-01,False,lightgbm,25.240646790497625,25.873699357504314,0.34947268672075843,
El Hierro,135,138,2021-07-01,False,lightgbm_exog,25.240646790497625,25.873699357504314,0.34947268672075843,
El Hierro,138,141,2021-10-01,False,naive_estacional,23.58666666666667,24.18355501851068,0.4262238136979725,
El Hierro,138,141,2021-10-01,False,sarima,3.8364669588678644,3.960178485548987,0.075341186838126,1.0
El Hierro,138,141,2021-10-01,False,lightgbm,8.383040789770362,9.951961804322135,0.14923107793010212,
El Hierro,138,141,2021-10-01,False,lightgbm_exog,8.383040789770362,9.951961804322135,0.14923107793010212,
El Hierro,141,144,2022-01-01,False,naive_estacional,23.603333333333335,24.007146852552054,0.5185583548424918,
El Hierro,141,144,2022-01-01,False,sarima,7.910307219102958,8.12142394445051,0.17000398507345074,1.0
El Hierro,141,144,2022-01-01,False,lightgbm,6.07129364707168,6.739407751108174,0.13134350387146246,
El Hierro,141,144,2022-01-01,False,lightgbm_exog,6.07129364707168,6.739407751108174,0.13134350387146246,
El Hierro,144,147,2022-04-01,False,naive_estacional,9.563333333333334,10.910907386647548,0.2333800943960885,
El Hierro,144,147,2022-04-01,False,sarima,7.77527260890061,8.389305129242462,0.19767545477477552,1.0
El Hierro,144,147,2022-04-01,False,lightgbm,1.4358310389955047,1.7101279398891958,0.03504763806713789,
El Hierro,144,147,2022-04-01,False,lightgbm_exog,1.4358310389955047,1.7101279398891958,0.03504763806713789,
El Hierro,147,150,2022-07-01,False,naive_estacional,15.806666666666665,16.21486971887224,0.3026869541351869,
El Hierro,147,150,2022-07-01,False,sarima,5.4552455479100415,5.900939813220014,0.10647944219769372,1.0
El Hierro,147,150,2022-07-01,False,lightgbm,10.542225490192171,11.939807324437794,0.18462827378348057,
El Hierro,147,150,2022-07-01,False,lightgbm_exog,10.542225490192171,11.939807324437794,0.18462827378348057,
El Hierro,150,153,2022-10-01,False,naive_estacional,8.519999999999998,11.721527204251158,0.18403300338172943,
El Hierro,150,153,2022-10-01,False,sarima,2.6164692451693745,3.57698176523832,0.058176901137626275,1.0
El Hierro,150,153,2022-10-01,False,lightgbm,6.357724092137841,7.946713461453731,0.12884578962721904,
El Hierro,150,153,2022-10-01,False,lightgbm_exog,6.357724092137841,7.946713461453731,0.12884578962721904,
El Hierro,153,156,2023-01-01,False,naive_estacional,12.903333333333334,14.333786426947116,0.4145551309807159,
El Hierro,153,156,2023-01-01,False,sarima,10.55161252581856,12.065350698668475,0.34219765050598533,0.6666666666666666
El Hierro,153,156,2023-01-01,False,lightgbm,9.095572922780791,10.134093801634743,0.2903986985544732,
El Hierro,153,156,2023-01-01,False,lightgbm_exog,9.095572922780791,10.134093801634743,0.2903986985544732,
El Hierro,156,159,2023-04-01,False,naive_estacional,10.440000000000001,10.731769037146984,0.35943997190240756,
El Hierro,156,159,2023-04-01,False,sarima,6.533759601315745,7.4856047106344406,0.23246586081401502,1.0
El Hierro,156,159,2023-04-01,False,lightgbm,7.372557524005656,9.022005040783407,0.23489553344803182,
El Hierro,156,159,2023-04-01,False,lightgbm_exog,7.372557524005656,9.022005040783407,0.23489553344803182,
El Hierro,159,162,2023-07-01,False,naive_estacional,8.210000000000003,9.32040592821293,0.15973627818391653,
El Hierro,159,162,2023-07-01,False,sarima,4.607831236561087,5.509820814329457,0.08926677418599527,1.0
El Hierro,159,162,2023-07-01,False,lightgbm,9.349751256629142,9.613861886435767,0.18864083354739858,
El Hierro,159,162,2023-07-01,False,lightgbm_exog,9.349751256629142,9.613861886435767,0.18864083354739858,
El Hierro,162,165,2023-10-01,False,naive_estacional,6.503333333333335,6.5971837425778395,0.16266498614095062,
El Hierro,162,165,2023-10-01,False,sarima,9.905799350216762,9.984710639851128,0.2458689545550958,1.0
El Hierro,162,165,2023-10-01,False,lightgbm,7.673230265443945,8.204141913378008,0.1965940267500443,
El Hierro,162,165,2023-10-01,False,lightgbm_exog,7.673230265443945,8.204141913378008,0.1965940267500443,
El Hierro,165,168,2024-01-01,False,naive_estacional,9.87,12.263725643810965,0.21568278070817684,
El Hierro,165,168,2024-01-01,False,sarima,7.229002570654399,7.871213082585419,0.1623599284440921,1.0
El Hierro,165,168,2024-01-01,False,lightgbm,14.249648048898388,15.312873371823864,0.324738859706217,
El Hierro,165,168,2024-01-01,False,lightgbm_exog,14.249648048898388,15.312873371823864,0.324738859706217,
El Hierro,168,171,2024-04-01,False,naive_estacional,4.810000000000001,5.338848190387138,0.137523164999835,
El Hierro,168,171,2024-04-01,False,sarima,8.285412336887754,8.366754520480992,0.2439531272863801,1.0
El Hierro,168,171,2024-04-01,False,lightgbm,1.1890399109794103,1.3816425299217503,0.033152683850512,
El Hierro,168,171,2024-04-01,False,lightgbm_exog,1.1890399109794103,1.3816425299217503,0.033152683850512,
El Hierro,171,174,2024-07-01,False,naive_estacional,2.4633333333333334,3.2123978582983788,0.04311005771816331,
El Hierro,171,174,2024-07-01,False,sarima,2.019382357220709,2.3721540018645895,0.042120078373248514,1.0
El Hierro,171,174,2024-07-01,False,lightgbm,14.531529044865772,15.200464805723193,0.2708658238435944,
El Hierro,171,174,2024-07-01,False,lightgbm_exog,14.531529044865772,15.200464805723193,0.2708658238435944,
El Hierro,174,177,2024-10-01,False,naive_estacional,8.833333333333334,9.030396816677918,0.17687170919997453,
El Hierro,174,177,2024-10-01,False,sarima,1.7334787946474368,1.9133625996283912,0.033517135772190974,1.0
El Hierro,174,177,2024-10-01,False,lightgbm,6.315178736121467,6.850169408238465,0.12321883853715637,
El Hierro,174,177,2024-10-01,False,lightgbm_exog,6.315178736121467,6.850169408238465,0.12321883853715637,
El Hierro,177,180,2025-01-01,False,naive_estacional,10.870000000000003,11.619895294995851,0.2009097510718507,
El Hierro,177,180,2025-01-01,False,sarima,11.213938833229383,11.396186046903473,0.20717308757045175,1.0
El Hierro,177,180,2025-01-01,False,lightgbm,11.95317947324799,13.055451801752598,0.2206611412562621,
El Hierro,177,180,2025-01-01,False,lightgbm_exog,11.95317947324799,13.055451801752598,0.2206611412562621,
El Hierro,180,183,2025-04-01,False,naive_estacional,10.906666666666668,11.783148984885155,0.23141371535999022,
El Hierro,180,183,2025-04-01,False,sarima,3.661720223638852,4.405216632958919,0.0754904618844734,1.0
El Hierro,180,183,2025-04-01,False,lightgbm,6.376656132551166,6.813033532161858,0.140584147722313,
El Hierro,180,183,2025-04-01,False,lightgbm_exog,6.376656132551166,6.813033532161858,0.140584147722313,
El Hierro,183,186,2025-07-01,False,naive_estacional,13.740000000000002,14.815149903617806,0.20160600088053526,
El Hierro,183,186,2025-07-01,False,sarima,7.59060605409753,9.493530004716984,0.10418322325645218,1.0
El Hierro,183,186,2025-07-01,False,lightgbm,15.418392403324866,16.490978532794827,0.2254372965153976,
El Hierro,183,186,2025-07-01,False,lightgbm_exog,15.418392403324866,16.490978532794827,0.2254372965153976,
El Hierro,186,189,2025-10-01,False,naive_estacional,5.276666666666666,5.761403185567442,0.09735845962814277,
El Hierro,186,189,2025-10-01,False,sarima,4.271524296578659,4.830443093414968,0.08253631478170918,1.0
El Hierro,186,189,2025-10-01,False,lightgbm,10.443934020049221,10.952819850205353,0.19121599469174422,
El Hierro,186,189,2025-10-01,False,lightgbm_exog,10.443934020049221,10.952819850205353,0.19121599469174422,
Fuerteventura,36,39,2013-01-01,False,naive_estacional,3.2099999999999986,3.4315836965848083,0.06451888157148782,
Fuerteventura,36,39,2013-01-01,False,sarima,3.796508583301654,3.941896211666108,0.0765449689189971,1.0
Fuerteventura,36,39,2013-01-01,False,lightgbm,6.579423839838803,6.758219909513186,0.1325907627821927,
Fuerteventura,36,39,2013-01-01,False,lightgbm_exog,5.88048411307899,6.07909807608225,0.11940769495770354,
Fuerteventura,39,42,2013-04-01,False,naive_estacional,3.836666666666666,4.014154124262461,0.08912864259135513,
Fuerteventura,39,42,2013-04-01,False,sarima,2.962596017167582,4.0717323657366595,0.07023667505371489,1.0
Fuerteventura,39,42,2013-04-01,False,lightgbm,2.1890534317769883,2.3925034228906426,0.050752181387229485,
Fuerteventura,39,42,2013-04-01,False,lightgbm_exog,7.158017562825168,7.858845430075777,0.16591866479498993,
Fuerteventura,42,45,2013-07-01,False,naive_estacional,8.920000000000002,9.14362437257058,0.1508763020033079,
Fuerteventura,42,45,2013-07-01,False,sarima,10.836851010656742,13.496730407979324,0.1677024837222414,0.3333333333333333
Fuerteventura,42,45,2013-07-01,False,lightgbm,5.534608888471451,6.946676017313166,0.08981600722434775,
Fuerteventura,42,45,2013-07-01,False,lightgbm_exog,6.564795591980594,8.732644701632045,0.10394472400553623,
Fuerteventura,45,48,2013-10-01,False,naive_estacional,5.480000000000001,5.647412386807491,0.09639723133061628,
Fuerteventura,45,48,2013-10-01,False,sarima,6.150626234618296,6.492803476763173,0.10865483300120223,1.0
Fuerteventura,45,48,2013-10-01,False,lightgbm,4.186099430590285,4.6777246616859,0.0744694198162724,
Fuerteventura,45,48,2013-10-01,False,lightgbm_exog,5.261232714905549,5.8105222312363685,0.09089792355975602,
Fuerteventura,48,51,2014-01-01,False,naive_estacional,2.780000000000001,3.0002111036836516,0.052549482564588246,
Fuerteventura,48,51,2014-01-01,False,sarima,1.3454038593080828,1.7657179002432457,0.026520478093999465,1.0
Fuerteventura,48,51,2014-01-01,False,sarimax_exog,16.31470486523492,17.86478078614376,0.3095365982351321,0.3333333333333333
Fuerteventura,48,51,2014-01-01,False,lightgbm,3.5224352736158835,4.239344258542304,0.06582216520381567,
Fuerteventura,48,51,2014-01-01,False,lightgbm_exog,3.694630746487268,4.567538629297094,0.07038927422937051,
Fuerteventura,51,54,2014-04-01,False,naive_estacional,7.07,7.325209894603702,0.14057361698159856,
Fuerteventura,51,54,2014-04-01,False,sarima,5.6856510678785055,5.82482360285206,0.11451701111948091,1.0
Fuerteventura,51,54,2014-04-01,False,sarimax_exog,11.860892052401338,17.881978848299802,0.23317986003024824,0.6666666666666666
Fuerteventura,51,54,2014-04-01,False,lightgbm,5.591340454085724,6.296207548995129,0.11152164291877582,
Fuerteventura,51,54,2014-04-01,False,lightgbm_exog,5.784274518400761,5.855309633381724,0.11622172615293795,
Fuerteventura,54,57,2014-07-01,False,naive_estacional,7.37333333333333,8.613195303331585,0.11584031246844988,
Fuerteventura,54,57,2014-07-01,False,sarima,4.043428662977472,4.073451509702834,0.06149834921319067,1.0
Fuerteventura,54,57,2014-07-01,False,sarimax_exog,8.947051421752073,10.9016607925098,0.13277946480893935,0.6666666666666666
Fuerteventura,54,57,2014-07-01,False,lightgbm,9.356421606245503,9.786206343617884,0.1425558206857395,
Fuerteventura,54,57,2014-07-01,False,lightgbm_exog,10.754589050253225,11.32879187478158,0.1601574001427251,
Fuerteventura,57,60,2014-10-01,False,naive_estacional,4.340000000000001,5.415243915713,0.06946116693383672,
Fuerteventura,57,60,2014-10-01,False,sarima,4.119573712030079,4.749726574986339,0.06805772746659362,1.0
Fuerteventura,57,60,2014-10-01,False,sarimax_exog,9.153254794392751,10.291329360223804,0.14630176016059948,0.6666666666666666
Fuerteventura,57,60,2014-10-01,False,lightgbm,5.854425680856998,6.391557789344213,0.09715824898841152,
Fuerteventura,57,60,2014-10-01,False,lightgbm_exog,5.3705419884041845,5.958778320800956,0.08877972413181746,
Fuerteventura,60,63,2015-01-01,False,naive_estacional,4.243333333333335,5.144061300827069,0.07231189075358474,
Fuerteventura,60,63,2015-01-01,False,sarima,4.202627147105074,4.950965544079233,0.07835412461065035,1.0
Fuerteventura,60,63,2015-01-01,False,sarimax_exog,4.632782936217043,6.012703296764651,0.08779229904601833,1.0
Fuerteventura,60,63,2015-01-01,False,lightgbm,3.3472221143764287,4.310186056408912,0.05718389745102992,
Fuerteventura,60,63,2015-01-01,False,lightgbm_exog,3.666125351600544,4.66024372115104,0.06248477823350471,
Fuerteventura,63,66,2015-04-01,False,naive_estacional,4.503333333333335,4.5643290854188,0.08333210254640654,
Fuerteventura,63,66,2015-04-01,False,sarima,1.1825407101322039,1.3780510286614656,0.021428088740410276,1.0
Fuerteventura,63,66,2015-04-01,False,sarimax_exog,11.383468915643492,13.253844567190987,0.20503486615980648,0.3333333333333333
Fuerteventura,63,66,2015-04-01,False,lightgbm,2.6439485449711455,2.9603812267357643,0.04788871934725839,
Fuerteventura,63,66,2015-04-01,False,lightgbm_exog,4.621593821194132,4.988286663254958,0.08655044163789566,
Fuerteventura,66,69,2015-07-01,False,naive_estacional,7.803333333333335,7.926640734468377,0.10503068332986641,
Fuerteventura,66,69,2015-07-01,False,sarima,3.8625230058243076,4.053475448191764,0.051928924818816495,1.0
Fuerteventura,66,69,2015-07-01,False,sarimax_exog,3.5913712614700466,3.736146891272951,0.048599798300634635,1.0
Fuerteventura,66,69,2015-07-01,False,lightgbm,11.291396552560109,11.321499802019272,0.1532458943506505,
Fuerteventura,66,69,2015-07-01,False,lightgbm_exog,10.512664047325522,10.953223158456115,0.14043396393985783,
Fuerteventura,69,72,2015-10-01,False,naive_estacional,8.12666666666667,9.359604692507054,0.11419519442080388,
Fuerteventura,69,72,2015-10-01,False,sarima,3.593331459131685,3.6335630865695596,0.052011502084254625,1.0
Fuerteventura,69,72,2015-10-01,False,sarimax_exog,3.1506713263306807,3.50534696858422,0.04640786245990195,1.0
Fuerteventura,69,72,2015-10-01,False,lightgbm,4.362461159707062,5.004118470473464,0.0649877818087966,
Fuerteventura,69,72,2015-10-01,False,lightgbm_exog,8.115591159764707,9.704231825732986,0.1171420650223377,
Fuerteventura,72,75,2016-01-01,False,naive_estacional,10.393333333333336,10.479093472242724,0.1558400432456212,
Fuerteventura,72,75,2016-01-01,False,sarima,3.4038054427373177,4.226864729647818,0.048447879660883215,1.0
Fuerteventura,72,75,2016-01-01,False,sarimax_exog,2.3692000808424303,2.5034774007037073,0.03572195340008039,1.0
Fuerteventura,72,75,2016-01-01,False,lightgbm,4.674428895641701,5.346449873826265,0.06758314845721729,
Fuerteventura,72,75,2016-01-01,False,lightgbm_exog,6.776858184552388,7.04393095899843,0.1004543023743562,
Fuerteventura,75,78,2016-04-01,False,naive_estacional,9.296666666666662,9.38922254502469,0.14557163515276847,
Fuerteventura,75,78,2016-04-01,False,sarima,1.6751706923850567,1.7088738395132894,0.026410959827127375,1.0
Fuerteventura,75,78,2016-04-01,False,sarimax_exog,4.411025037925374,4.901163865471224,0.07159662313363936,1.0
Fuerteventura,75,78,2016-04-01,False,lightgbm,1.3674886804224873,1.3780149153332382,0.02157828560700796,
Fuerteventura,75,78,2016-04-01,False,lightgbm_exog,2.4093695937496165,2.9980129781788403,0.03967501102576838,
Fuerteventura,78,81,2016-07-01,False,naive_estacional,8.303333333333336,8.42709321177831,0.10244302604989819,
Fuerteventura,78,81,2016-07-01,False,sarima,0.8491772425859901,0.9687100448988465,0.010382749187981521,1.0
Fuerteventura,78,81,2016-07-01,False,sarimax_exog,3.8127018188419393,4.466202359046569,0.04797730280087172,1.0
Fuerteventura,78,81,2016-07-01,False,lightgbm,7.773180557935087,8.698761889750466,0.09254071079486458,
Fuerteventura,78,81,2016-07-01,False,lightgbm_exog,9.462452484162645,10.192540946658795,0.11419408525509621,
Fuerteventura,81,84,2016-10-01,False,naive_estacional,5.24333333333333,5.4101971621497595,0.07011549768788426,
Fuerteventura,81,84,2016-10-01,False,sarima,3.108477711076153,3.7970219343466414,0.043029686616688996,1.0
Fuerteventura,81,84,2016-10-01,False,sarimax_exog,3.8933710923763747,4.220321539757927,0.053168453588953536,1.0
Fuerteventura,81,84,2016-10-01,False,lightgbm,2.9189600637420057,3.4370363294543913,0.04047809275320782,
Fuerteventura,81,84,2016-10-01,False,lightgbm_exog,1.9908406387200586,1.9919710080716224,0.026687869029186035,
Fuerteventura,84,87,2017-01-01,False,naive_estacional,3.7666666666666635,4.132384299650744,0.05464436746296305,
Fuerteventura,84,87,2017-01-01,False,sarima,1.6629380459153442,1.864445819096483,0.023764044878297502,1.0
Fuerteventura,84,87,2017-01-01,False,sarimax_exog,1.4161592807706072,2.1237972359767014,0.02109292557308991,1.0
Fuerteventura,84,87,2017-01-01,False,lightgbm,4.309512708482828,4.541483677398406,0.061990065788872284,
Fuerteventura,84,87,2017-01-01,False,lightgbm_exog,4.627690258111978,4.725865797884719,0.06704736649849645,
Fuerteventura,87,90,2017-04-01,False,naive_estacional,6.4799999999999995,6.595670296995344,0.0929426097105935,
Fuerteventura,87,90,2017-04-01,False,sarima,1.9593453531814617,2.1199252572466443,0.027991020990868438,1.0
Fuerteventura,87,90,2017-04-01,False,sarimax_exog,4.527572196983471,4.764502653727135,0.06463398424543533,1.0
Fuerteventura,87,90,2017-04-01,False,lightgbm,2.0985460907510336,2.137489476744633,0.029837341741795614,
Fuerteventura,87,90,2017-04-01,False,lightgbm_exog,3.349616162618839,3.6938356641665946,0.04889914306237605,
Fuerteventura,90,93,2017-07-01,False,naive_estacional,4.899999999999996,5.054621647561761,0.055910050231905394,
Fuerteventura,90,93,2017-07-01,False,sarima,0.9950973527257739,1.1382181910934754,0.011790346909632987,1.0
Fuerteventura,90,93,2017-07-01,False,sarimax_exog,3.0600352025320823,3.4148647669288685,0.035873553593565984,1.0
Fuerteventura,90,93,2017-07-01,False,lightgbm,6.755316188046024,7.956490969271979,0.07501977872726029,
Fuerteventura,90,93,2017-07-01,False,lightgbm_exog,6.8261956411765965,7.654439119087393,0.07637107216386141,
Fuerteventura,93,96,2017-10-01,False,naive_estacional,8.733333333333334,8.776601468298157,0.10522736075953931,
Fuerteventura,93,96,2017-10-01,False,sarima,1.9313347085012016,2.159801171867739,0.02326662949757261,1.0
Fuerteventura,93,96,2017-10-01,False,sarimax_exog,3.958081148405545,4.094668093264132,0.04800185662689067,1.0
Fuerteventura,93,96,2017-10-01,False,lightgbm,3.3632537732720116,3.675408371072817,0.03968716100755137,
Fuerteventura,93,96,2017-10-01,False,lightgbm_exog,2.8156269007811545,2.8698855157908394,0.03356972391090335,
Fuerteventura,96,99,2018-01-01,False,naive_estacional,6.609999999999999,6.8590791413036385,0.08690203771478584,
Fuerteventura,96,99,2018-01-01,False,sarima,1.892615584249853,2.5472158237728304,0.02386788594856144,1.0
Fuerteventura,96,99,2018-01-01,False,sarimax_exog,2.7761654122249553,3.097771951059667,0.03591217336147048,1.0
Fuerteventura,96,99,2018-01-01,False,lightgbm,2.4084420486423377,2.4553224071068183,0.03137084960254969,
Fuerteventura,96,99,2018-01-01,False,lightgbm_exog,3.4416506383422196,4.019628440006643,0.04528872359057429,
Fuerteventura,99,102,2018-04-01,False,naive_estacional,2.423333333333327,2.843958508839393,0.03742788137073637,
Fuerteventura,99,102,2018-04-01,False,sarima,7.867863839385184,7.996987532050312,0.1183128560849529,0.6666666666666666
Fuerteventura,99,102,2018-04-01,False,sarimax_exog,6.295480439034155,6.3451758123659285,0.09372265090720179,1.0
Fuerteventura,99,102,2018-04-01,False,lightgbm,10.011289916105332,10.148251562605324,0.15030543742028538,
Fuerteventura,99,102,2018-04-01,False,lightgbm_exog,9.862380453144837,10.125707892618173,0.14837276253291665,
Fuerteventura,102,105,2018-07-01,False,naive_estacional,3.2600000000000002,3.598805357337348,0.03821241603982372,
Fuerteventura,102,105,2018-07-01,False,sarima,3.6210723323847844,3.83599936077708,0.04275010407645378,1.0
Fuerteventura,102,105,2018-07-01,False,sarimax_exog,4.408436749454836,4.681366761900353,0.052411691777502635,1.0
Fuerteventura,102,105,2018-07-01,False,lightgbm,1.6347535759508058,1.7987386180786773,0.01957037639210492,
Fuerteventura,102,105,2018-07-01,False,lightgbm_exog,1.8472471129225785,1.8992071442824583,0.022031874470244583,
Fuerteventura,105,108,2018-10-01,False,naive_estacional,11.733333333333334,12.650660061830768,0.17285850428676772,
Fuerteventura,105,108,2018-10-01,False,sarima,8.512295441474743,9.726030054328275,0.12757116878759214,0.6666666666666666
Fuerteventura,105,108,2018-10-01,False,sarimax_exog,6.194288948314011,6.512919539624794,0.09052105247296965,1.0
Fuerteventura,105,108,2018-10-01,False,lightgbm,13.348107396861067,15.092434662571074,0.1996006972369145,
Fuerteventura,105,108,2018-10-01,False,lightgbm_exog,11.231533215283477,12.837533508351452,0.16802924919415016,
Fuerteventura,108,111,2019-01-01,False,naive_estacional,14.743333333333332,15.137962214247993,0.2436524591795668,
Fuerteventura,108,111,2019-01-01,False,sarima,2.9883099321912567,4.20815765776828,0.051488994618066865,1.0
Fuerteventura,108,111,2019-01-01,False,sarimax_exog,3.132535190183018,3.756045389906788,0.05112584382081247,1.0
Fuerteventura,108,111,2019-01-01,False,lightgbm,20.010242955652227,20.650593802946936,0.332084139658591,
Fuerteventura,108,111,2019-01-01,False,lightgbm_exog,11.198690519634603,11.861460273726554,0.1873614651007726,
Fuerteventura,111,114,2019-04-01,False,naive_estacional,10.536666666666669,10.640158206843859,0.18496347333706575,
Fuerteventura,111,114,2019-04-01,False,sarima,1.2236044463102402,1.4377320893527439,0.021520374069664717,1.0
Fuerteventura,111,114,2019-04-01,False,sarimax_exog,1.1773627949861496,1.3585712486659773,0.02111022472903341,1.0
Fuerteventura,111,114,2019-04-01,False,lightgbm,11.744178197107027,12.040990008926642,0.20601387887557907,
Fuerteventura,111,114,2019-04-01,False,lightgbm_exog,9.425642925138526,10.510616049962152,0.17091725023746196,
Fuerteventura,114,117,2019-07-01,False,naive_estacional,10.679999999999998,10.785484071967591,0.14839026850231943,
Fuerteventura,114,117,2019-07-01,False,sarima,1.211097223206238,1.304361554847912,0.01712381455592016,1.0
Fuerteventura,114,117,2019-07-01,False,sarimax_exog,3.012297188538639,3.4268799877445146,0.04068003272864416,1.0
Fuerteventura,114,117,2019-07-01,False,lightgbm,4.69531483602151,6.9014213514350224,0.06439885238776716,
Fuerteventura,114,117,2019-07-01,False,lightgbm_exog,4.007977485720734,5.029752301530357,0.055774751355633506,
Fuerteventura,117,120,2019-10-01,False,naive_estacional,7.243333333333335,8.129216854449554,0.10470023388838551,
Fuerteventura,117,120,2019-10-01,False,sarima,5.769903478009508,6.851182025441329,0.08243267523988272,0.6666666666666666
Fuerteventura,117,120,2019-10-01,False,sarimax_exog,5.954928917536553,7.468102450460278,0.08452188500030212,0.6666666666666666
Fuerteventura,117,120,2019-10-01,False,lightgbm,4.301367478125319,4.8196219805057225,0.062169239741237094,
Fuerteventura,117,120,2019-10-01,False,lightgbm_exog,4.189593237388157,4.5003697206750735,0.060399053494091436,
Fuerteventura,120,123,2020-01-01,True,naive_estacional,15.173333333333337,21.30838489108611,0.4020753984308967,
Fuerteventura,120,123,2020-01-01,True,sarima,14.943920250419175,22.772771139982044,0.4168263045442025,0.6666666666666666
Fuerteventura,120,123,2020-01-01,True,sarimax_exog,15.269123705288559,23.21049499391825,0.4250754491083819,0.6666666666666666
Fuerteventura,120,123,2020-01-01,True,lightgbm,16.423889406072146,23.34821158695676,0.44254754231963606,
Fuerteventura,120,123,2020-01-01,True,lightgbm_exog,15.77169554669578,21.086279835929115,0.4131683817165375,
Fuerteventura,123,126,2020-07-01,True,naive_estacional,21.183333333333334,26.314484604491113,0.841355232028835,
Fuerteventura,123,126,2020-07-01,True,sarima,16.03181481987087,17.177163781054162,0.5640570767861476,0.3333333333333333
Fuerteventura,123,126,2020-07-01,True,sarimax_exog,13.498397499986652,16.63685136986539,0.41935435644176006,0.3333333333333333
Fuerteventura,123,126,2020-07-01,True,lightgbm,23.11918998888055,27.39267161519093,0.9000862033528884,
Fuerteventura,123,126,2020-07-01,True,lightgbm_exog,19.280318882020342,24.340539861407613,0.7802362882421209,
Fuerteventura,126,129,2020-10-01,True,naive_estacional,46.01333333333334,46.41284807751693,1.965720958325977,
Fuerteventura,126,129,2020-10-01,True,sarima,24.817739471041723,25.779348890500316,1.107675350476412,0.0
Fuerteventura,126,129,2020-10-01,True,sarimax_exog,16.289056747749044,17.83030711588004,0.6905595956361381,0.3333333333333333
Fuerteventura,126,129,2020-10-01,True,lightgbm,11.038077041822737,13.252148678712732,0.551380428425653,
Fuerteventura,126,129,2020-10-01,True,lightgbm_exog,10.449670448212833,11.98289892328746,0.5164539871848839,
Fuerteventura,129,132,2021-01-01,True,naive_estacional,42.78999999999999,43.226631837329165,1.7849581449788552,
Fuerteventura,129,132,2021-01-01,True,sarima,8.96041518115974,10.395711700897829,0.3878037785677768,1.0
Fuerteventura,129,132,2021-01-01,True,sarimax_exog,23.52902679212457,28.247074694969665,0.7453671326850692,0.3333333333333333
Fuerteventura,129,132,2021-01-01,True,lightgbm,7.040889374671081,7.32336163476639,0.30433902441452726,
Fuerteventura,129,132,2021-01-01,True,lightgbm_exog,7.20921164648179,9.655123639565637,0.3661131268327939,
Fuerteventura,132,135,2021-04-01,True,naive_estacional,15.980000000000002,19.47930354675615,0.41045507198471687,
Fuerteventura,132,135,2021-04-01,True,sarima,18.96053940522936,19.318972771965502,0.5181368840224684,0.0
Fuerteventura,132,135,2021-04-01,True,sarimax_exog,14.476627237977757,14.548338564717087,0.3886959508674752,0.6666666666666666
Fuerteventura,132,135,2021-04-01,True,lightgbm,3.4039614962055658,4.021449378264031,0.08750172058159912,
Fuerteventura,132,135,2021-04-01,True,lightgbm_exog,3.334730982212522,4.975332208280878,0.08315263513216843,
Fuerteventura,135,138,2021-07-01,False,naive_estacional,28.443333333333328,31.586132505684617,0.43553678582291755,
Fuerteventura,135,138,2021-07-01,False,sarima,39.213883584863524,40.51322737347231,0.5991171830048933,0.0
Fuerteventura,135,138,2021-07-01,False,sarimax_exog,34.948351256598094,39.228812801363475,0.517913634143726,0.3333333333333333
Fuerteventura,135,138,2021-07-01,False,lightgbm,10.06673113317454,10.153411512554786,0.15716386789202974,
Fuerteventura,135,138,2021-07-01,False,lightgbm_exog,26.238047343386683,27.09857427711465,0.3998804471313273,
Fuerteventura,138,141,2021-10-01,False,naive_estacional,47.19,48.93211113369216,0.6274429684116439,
Fuerteventura,138,141,2021-10-01,False,sarima,8.180158043844017,9.87085031083038,0.11700452002320967,1.0
Fuerteventura,138,141,2021-10-01,False,sarimax_exog,5.634749814781429,6.925677791622232,0.08090684631714196,1.0
Fuerteventura,138,141,2021-10-01,False,lightgbm,10.847265588047177,11.646577877074307,0.14466477718844148,
Fuerteventura,138,141,2021-10-01,False,lightgbm_exog,26.17984075024422,27.79865917557726,0.3446692882902657,
Fuerteventura,141,144,2022-01-01,False,naive_estacional,30.55,31.575685265723056,0.5304258069483744,
Fuerteventura,141,144,2022-01-01,False,sarima,12.32474192608013,12.431306133586988,0.22817715337978242,1.0
Fuerteventura,141,144,2022-01-01,False,sarimax_exog,16.84963552564961,22.140937668406526,0.2569788910809974,0.6666666666666666
Fuerteventura,141,144,2022-01-01,False,lightgbm,23.287909900081264,24.066700618090845,0.4231911233837064,
Fuerteventura,141,144,2022-01-01,False,lightgbm_exog,27.455598561486152,29.010828908106816,0.47280883112277805,
Fuerteventura,144,147,2022-04-01,False,naive_estacional,24.606666666666666,25.93260881592903,0.38899619036960714,
Fuerteventura,144,147,2022-04-01,False,sarima,9.390162123357738,11.896608072189359,0.1651245672036082,1.0
Fuerteventura,144,147,2022-04-01,False,sarimax_exog,14.890186955491549,15.472784824316008,0.24451312763705094,1.0
Fuerteventura,144,147,2022-04-01,False,lightgbm,6.542309634557348,7.805284362466222,0.11352565065744141,
Fuerteventura,144,147,2022-04-01,False,lightgbm_exog,6.7394621072850285,8.388177963106696,0.11812731960736544,
Fuerteventura,147,150,2022-07-01,False,naive_estacional,20.8,21.55696793769167,0.24619700674397094,
Fuerteventura,147,150,2022-07-01,False,sarima,16.661533137823664,16.785661097012266,0.19486388895641893,1.0
Fuerteventura,147,150,2022-07-01,False,sarimax_exog,2.1441723408082916,2.3455054384590057,0.025305905764708952,1.0
Fuerteventura,147,150,2022-07-01,False,lightgbm,13.418353018246457,14.191154463793136,0.15711176585210027,
Fuerteventura,147,150,2022-07-01,False,lightgbm_exog,17.305476206839092,17.978824303374555,0.20251461299741036,
Fuerteventura,150,153,2022-10-01,False,naive_estacional,5.066666666666663,7.388292540679927,0.06487297836454982,
Fuerteventura,150,153,2022-10-01,False,sarima,12.583790652997271,12.692068134732555,0.16186860827113905,1.0
Fuerteventura,150,153,2022-10-01,False,sarimax_exog,16.31660769726098,16.510106762457866,0.2096203658453042,0.6666666666666666
Fuerteventura,150,153,2022-10-01,False,lightgbm,6.77183963357993,7.3900809934126315,0.08848635572761743,
Fuerteventura,150,153,2022-10-01,False,lightgbm_exog,5.145689763352749,5.453097868026442,0.06670640669898262,
Fuerteventura,153,156,2023-01-01,False,naive_estacional,18.640000000000004,20.773677254320354,0.25074489136269895,
Fuerteventura,153,156,2023-01-01,False,sarima,9.00515900758984,9.437281767609354,0.11925309085748999,1.0
Fuerteventura,153,156,2023-01-01,False,sarimax_exog,8.628395772785444,9.737390499609324,0.11443900481808966,1.0
Fuerteventura,153,156,2023-01-01,False,lightgbm,5.170567499894602,6.337472392791184,0.0658735587535403,
Fuerteventura,153,156,2023-01-01,False,lightgbm_exog,5.883863770485466,6.3366093650542465,0.0756720399091122,
Fuerteventura,156,159,2023-04-01,False,naive_estacional,5.393333333333331,5.5611629479213525,0.08193780399470098,
Fuerteventura,156,159,2023-04-01,False,sarima,7.638675797195113,8.45987759913493,0.11764816058702963,1.0
Fuerteventura,156,159,2023-04-01,False,sarimax_exog,5.834806938664535,7.303203167763843,0.09022200377955318,1.0
Fuerteventura,156,159,2023-04-01,False,lightgbm,3.550968107322833,4.3906701122660365,0.05499982240331156,
Fuerteventura,156,159,2023-04-01,False,lightgbm_exog,6.209115190371342,7.647785082274697,0.095288305208568,
Fuerteventura,159,162,2023-07-01,False,naive_estacional,5.273333333333331,6.113226098659635,0.0573481731369395,
Fuerteventura,159,162,2023-07-01,False,sarima,7.251113968833384,8.145607640537767,0.07875204669541902,1.0
Fuerteventura,159,162,2023-07-01,False,sarimax_exog,3.889633656452555,4.38192014938813,0.04251147047709319,1.0
Fuerteventura,159,162,2023-07-01,False,lightgbm,7.959533929602259,7.98998512520907,0.08801422793506387,
Fuerteventura,159,162,2023-07-01,False,lightgbm_exog,8.554878561672817,9.065302719361544,0.09289681428625829,
Fuerteventura,162,165,2023-10-01,False,naive_estacional,14.223333333333334,14.315126032743594,0.15474827451597448,
Fuerteventura,162,165,2023-10-01,False,sarima,1.1881494672236717,1.5615102639743963,0.012741776309573937,1.0
Fuerteventura,162,165,2023-10-01,False,sarimax_exog,1.703251712149206,1.7755323238727774,0.01845035197460299,1.0
Fuerteventura,162,165,2023-10-01,False,lightgbm,10.017802556704288,10.077472200689153,0.10885651562930193,
Fuerteventura,162,165,2023-10-01,False,lightgbm_exog,8.918354820678289,9.020142767359943,0.09665919127004947,
Fuerteventura,165,168,2024-01-01,False,naive_estacional,15.289999999999997,16.09621591140808,0.1634113064630986,
Fuerteventura,165,168,2024-01-01,False,sarima,6.19926342565265,7.051608552624475,0.06498691758617149,1.0
Fuerteventura,165,168,2024-01-01,False,sarimax_exog,5.511390269649614,6.032713884657021,0.05830936703716084,1.0
Fuerteventura,165,168,2024-01-01,False,lightgbm,10.45892916073232,10.602820294642324,0.11323812914645247,
Fuerteventura,165,168,2024-01-01,False,lightgbm_exog,7.430989996836568,7.875480334594154,0.07993560402251391,
Fuerteventura,168,171,2024-04-01,False,naive_estacional,6.376666666666668,6.442279617236951,0.08735832782576543,
Fuerteventura,168,171,2024-04-01,False,sarima,14.832242009736442,15.003647084822042,0.20309831938906156,0.6666666666666666
Fuerteventura,168,171,2024-04-01,False,sarimax_exog,14.710861261642975,14.81118733354035,0.19996584971059694,0.6666666666666666
Fuerteventura,168,171,2024-04-01,False,lightgbm,7.7911220416701354,8.732985245227908,0.10509466289577017,
Fuerteventura,168,171,2024-04-01,False,lightgbm_exog,7.228860947005714,7.5557646196144574,0.09886043572599645,
Fuerteventura,171,174,2024-07-01,False,naive_estacional,8.276666666666676,8.281306257670554,0.08400925178679068,
Fuerteventura,171,174,2024-07-01,False,sarima,3.162923294400187,3.494450908763384,0.0315342099818487,1.0
Fuerteventura,171,174,2024-07-01,False,sarimax_exog,6.617286627415912,6.658388753927004,0.06766297928432927,1.0
Fuerteventura,171,174,2024-07-01,False,lightgbm,10.310615859908637,10.479894813037953,0.10361845276774416,
Fuerteventura,171,174,2024-07-01,False,lightgbm_exog,8.83360845608712,10.291615026768385,0.08634973278722814,
Fuerteventura,174,177,2024-10-01,False,naive_estacional,10.99,11.012688136871942,0.10654914080395637,
Fuerteventura,174,177,2024-10-01,False,sarima,1.9381163506369983,1.9394167979246686,0.018817904393129303,1.0
Fuerteventura,174,177,2024-10-01,False,sarimax_exog,1.157578838124465,1.2855438925287588,0.011131023742085902,1.0
Fuerteventura,174,177,2024-10-01,False,lightgbm,7.083131295060103,7.279041748360863,0.06841350295109588,
Fuerteventura,174,177,2024-10-01,False,lightgbm_exog,8.407461295605282,8.482861123260239,0.081459813367733,
Fuerteventura,177,180,2025-01-01,False,naive_estacional,10.430000000000001,11.404845461469439,0.10380936728704611,
Fuerteventura,177,180,2025-01-01,False,sarima,3.318887559130914,4.268083775155501,0.03346754672262225,1.0
Fuerteventura,177,180,2025-01-01,False,sarimax_exog,3.316029771470473,4.372152295184952,0.03342332342613857,1.0
Fuerteventura,177,180,2025-01-01,False,lightgbm,1.7045567992845132,2.0027627063842615,0.01652114478533694,
Fuerteventura,177,180,2025-01-01,False,lightgbm_exog,1.755517483300186,2.2247840993559174,0.016727305539583407,
Fuerteventura,180,183,2025-04-01,False,naive_estacional,7.753333333333335,9.429057923956845,0.08908914251907331,
Fuerteventura,180,183,2025-04-01,False,sarima,6.687679213813571,8.728509785763627,0.09141792063329601,1.0
Fuerteventura,180,183,2025-04-01,False,sarimax_exog,5.281326257513835,6.585607953341534,0.07150848294999487,1.0
Fuerteventura,180,183,2025-04-01,False,lightgbm,4.120249820416741,5.5525439885982255,0.056717818492925294,
Fuerteventura,180,183,2025-04-01,False,lightgbm_exog,5.311251002193013,6.227381335872323,0.0699910543275958,
Fuerteventura,183,186,2025-07-01,False,naive_estacional,11.543333333333328,12.58907860012002,0.10451033005274064,
Fuerteventura,183,186,2025-07-01,False,sarima,5.411117069636229,6.874230433476132,0.04895752852797782,1.0
Fuerteventura,183,186,2025-07-01,False,sarimax_exog,4.988010687346962,5.828963426047456,0.04546731325742794,1.0
Fuerteventura,183,186,2025-07-01,False,lightgbm,7.7836046844482025,8.839302978265716,0.06931306675133019,
Fuerteventura,183,186,2025-07-01,False,lightgbm_exog,9.89406094966401,10.648296506883034,0.08851430061369146,
Fuerteventura,186,189,2025-10-01,False,naive_estacional,4.716666666666659,4.932521329570364,0.04357830145081699,
Fuerteventura,186,189,2025-10-01,False,sarima,1.4573985176751212,1.9252299110369895,0.013786145391543986,1.0
Fuerteventura,186,189,2025-10-01,False,sarimax_exog,2.1205767601808674,2.530573056633049,0.019893603828653624,1.0
Fuerteventura,186,189,2025-10-01,False,lightgbm,3.066126056849209,3.799074562623492,0.027982442616355064,
Fuerteventura,186,189,2025-10-01,False,lightgbm_exog,1.9744945456090335,2.429292636314541,0.018049497609256636,
Gran Canaria,36,39,2013-01-01,False,naive_estacional,5.046666666666662,5.282947409669463,0.0699163278491312,
Gran Canaria,36,39,2013-01-01,False,sarima,6.436643962123019,6.686239854468839,0.08946862965991809,0.3333333333333333
Gran Canaria,36,39,2013-01-01,False,lightgbm,3.5554607300748082,3.9698329043785416,0.04925100805285192,
Gran Canaria,36,39,2013-01-01,False,lightgbm_exog,3.653627587779065,4.017226428167347,0.051484451485669463,
Gran Canaria,39,42,2013-04-01,False,naive_estacional,5.156666666666666,5.3769539084256,0.09534457995101243,
Gran Canaria,39,42,2013-04-01,False,sarima,4.85815948011479,5.134071315204756,0.08905962382058917,0.6666666666666666
Gran Canaria,39,42,2013-04-01,False,lightgbm,3.997161154139571,4.882044427741595,0.07303212631072557,
Gran Canaria,39,42,2013-04-01,False,lightgbm_exog,4.265635440177213,4.631360867372228,0.07811763484274332,
Gran Canaria,42,45,2013-07-01,False,naive_estacional,4.93333333333333,5.048372675097059,0.08122301169189422,
Gran Canaria,42,45,2013-07-01,False,sarima,0.9136947558533374,1.0278699005855039,0.014838645143857418,1.0
Gran Canaria,42,45,2013-07-01,False,lightgbm,3.3047724231992226,3.496694156833406,0.05409982239570913,
Gran Canaria,42,45,2013-07-01,False,lightgbm_exog,2.4936937957759113,2.602426877106119,0.040831961489100524,
Gran Canaria,45,48,2013-10-01,False,naive_estacional,7.813333333333333,8.232168608574534,0.10934513585941336,
Gran Canaria,45,48,2013-10-01,False,sarima,3.060029753259227,3.830070421355552,0.043321349168541294,1.0
Gran Canaria,45,48,2013-10-01,False,lightgbm,5.1236532434405815,5.490075526472021,0.07205100373073144,
Gran Canaria,45,48,2013-10-01,False,lightgbm_exog,6.388785245344262,6.853445170942131,0.08982527191631577,
Gran Canaria,48,51,2014-01-01,False,naive_estacional,8.246666666666664,9.288735113028038,0.1017929519499116,
Gran Canaria,48,51,2014-01-01,False,sarima,2.4646018383092354,3.1195713994928984,0.030338728136042627,1.0
Gran Canaria,48,51,2014-01-01,False,sarimax_exog,43.82459566522297,52.84425418887057,0.5459655014375416,0.0
Gran Canaria,48,51,2014-01-01,False,lightgbm,9.132007217271678,9.136348033244513,0.11315709588301943,
Gran Canaria,48,51,2014-01-01,False,lightgbm_exog,8.237888763882134,8.268408333835918,0.10217300021214254,
Gran Canaria,51,54,2014-04-01,False,naive_estacional,3.616666666666665,4.456594364908403,0.06201927189856458,
Gran Canaria,51,54,2014-04-01,False,sarima,3.345390821383596,3.377959529373691,0.06185046603154365,1.0
Gran Canaria,51,54,2014-04-01,False,sarimax_exog,8.555056061356018,9.198075084927272,0.16016760285011974,0.6666666666666666
Gran Canaria,51,54,2014-04-01,False,lightgbm,5.063036650206503,5.186135390892017,0.09071749568022595,
Gran Canaria,51,54,2014-04-01,False,lightgbm_exog,4.74231374719033,6.091928996216193,0.08046965654395329,
Gran Canaria,54,57,2014-07-01,False,naive_estacional,2.413333333333334,2.762209260718674,0.03727598300692118,
Gran Canaria,54,57,2014-07-01,False,sarima,0.9582029116836329,0.9590432942721675,0.015222096484274436,1.0
Gran Canaria,54,57,2014-07-01,False,sarimax_exog,23.12422910862327,24.099081684905073,0.3621739654506834,0.0
Gran Canaria,54,57,2014-07-01,False,lightgbm,2.1142352746241024,2.135290368887035,0.03336376884391765,
Gran Canaria,54,57,2014-07-01,False,lightgbm_exog,2.1992209518287233,2.2593324030957183,0.03523756468216983,
Gran Canaria,57,60,2014-10-01,False,naive_estacional,4.819999999999998,5.4463259787371,0.06022263733331259,
Gran Canaria,57,60,2014-10-01,False,sarima,4.702929726089418,5.354077166703646,0.059887868198246715,0.6666666666666666
Gran Canaria,57,60,2014-10-01,False,sarimax_exog,2.4251066828326677,2.9742896141625703,0.029827399231981702,1.0
Gran Canaria,57,60,2014-10-01,False,lightgbm,5.134531361033353,6.219786775893981,0.06338989104089501,
Gran Canaria,57,60,2014-10-01,False,lightgbm_exog,4.820422992465292,5.536552203903966,0.06015344623265309,
Gran Canaria,60,63,2015-01-01,False,naive_estacional,3.4100000000000015,3.778196218656021,0.040259454027853754,
Gran Canaria,60,63,2015-01-01,False,sarima,3.381089672910813,3.6281594662827827,0.03999263246655249,1.0
Gran Canaria,60,63,2015-01-01,False,sarimax_exog,1.0744210571891604,1.7903782578638945,0.012522909298384522,1.0
Gran Canaria,60,63,2015-01-01,False,lightgbm,5.5704821940666704,5.751411478821857,0.0659679907383392,
Gran Canaria,60,63,2015-01-01,False,lightgbm_exog,5.3782374924641045,5.85204616214041,0.06349330084296619,
Gran Canaria,63,66,2015-04-01,False,naive_estacional,2.8833333333333306,3.5830945656885254,0.051004276839622685,
Gran Canaria,63,66,2015-04-01,False,sarima,2.575716492816369,2.7995157463730744,0.04571207688171506,1.0
Gran Canaria,63,66,2015-04-01,False,sarimax_exog,5.260153718048159,6.186321374353637,0.09412294043822013,0.6666666666666666
Gran Canaria,63,66,2015-04-01,False,lightgbm,7.300502362141001,9.868077931178156,0.1202668437079183,
Gran Canaria,63,66,2015-04-01,False,lightgbm_exog,7.209506902934446,9.026000463436983,0.11983743264440305,
Gran Canaria,66,69,2015-07-01,False,naive_estacional,5.093333333333334,5.3010879386530965,0.07514461457099607,
Gran Canaria,66,69,2015-07-01,False,sarima,1.285192043631459,1.5569203652812451,0.01903456978621165,1.0
Gran Canaria,66,69,2015-07-01,False,sarimax_exog,2.9045601545618873,3.310785347872577,0.04198108588921209,1.0
Gran Canaria,66,69,2015-07-01,False,lightgbm,3.537527625344431,3.8897968297008867,0.052356875540145835,
Gran Canaria,66,69,2015-07-01,False,lightgbm_exog,2.266634187408075,2.4648525717500487,0.033612261080309715,
Gran Canaria,69,72,2015-10-01,False,naive_estacional,5.956666666666673,7.250924079039864,0.06884938477730614,
Gran Canaria,69,72,2015-10-01,False,sarima,5.0495836934616705,5.6406598027567965,0.05923226190298773,0.6666666666666666
Gran Canaria,69,72,2015-10-01,False,sarimax_exog,4.172731948287819,5.0882347517156585,0.04878065395127242,1.0
Gran Canaria,69,72,2015-10-01,False,lightgbm,5.812529693827888,6.258633416208758,0.06781248742221459,
Gran Canaria,69,72,2015-10-01,False,lightgbm_exog,6.459606270758779,6.581661745034383,0.0771346106498477,
Gran Canaria,72,75,2016-01-01,False,naive_estacional,6.543333333333332,7.579632796734503,0.07062385895561818,
Gran Canaria,72,75,2016-01-01,False,sarima,4.820342337983983,4.889527209458482,0.053667315975107266,1.0
Gran Canaria,72,75,2016-01-01,False,sarimax_exog,5.256746587043689,6.523365133499223,0.05983515015259463,0.6666666666666666
Gran Canaria,72,75,2016-01-01,False,lightgbm,6.30149153387309,7.702026759300084,0.06753566810374184,
Gran Canaria,72,75,2016-01-01,False,lightgbm_exog,5.088836771403479,5.403363818366501,0.055386429445431394,
Gran Canaria,75,78,2016-04-01,False,naive_estacional,11.699999999999998,11.76088715474588,0.16905934404060208,
Gran Canaria,75,78,2016-04-01,False,sarima,4.165701823251638,4.486652400179745,0.060921008007182594,1.0
Gran Canaria,75,78,2016-04-01,False,sarimax_exog,6.473380251414255,6.609740678268513,0.09397973816654563,1.0
Gran Canaria,75,78,2016-04-01,False,lightgbm,8.53901596797465,9.215010431917435,0.1248896906637587,
Gran Canaria,75,78,2016-04-01,False,lightgbm_exog,7.592702439785637,9.116294076259358,0.1120589174296906,
Gran Canaria,78,81,2016-07-01,False,naive_estacional,11.15,11.234976635489724,0.14028395616941583,
Gran Canaria,78,81,2016-07-01,False,sarima,2.8646683366195114,2.93825577889665,0.036113097575532334,1.0
Gran Canaria,78,81,2016-07-01,False,sarimax_exog,3.531834294815018,3.6053644160301355,0.0443102206737657,1.0
Gran Canaria,78,81,2016-07-01,False,lightgbm,2.8801053929468927,3.196966288889287,0.03612186667609641,
Gran Canaria,78,81,2016-07-01,False,lightgbm_exog,2.8786224323948963,3.103201085972642,0.036287086839059714,
Gran Canaria,81,84,2016-10-01,False,naive_estacional,5.939999999999998,7.405245888332584,0.06905098660070795,
Gran Canaria,81,84,2016-10-01,False,sarima,2.1101009790379948,2.7713914094765215,0.02316931034627895,1.0
Gran Canaria,81,84,2016-10-01,False,sarimax_exog,5.482714344715414,5.661596335228317,0.061039758813555715,1.0
Gran Canaria,81,84,2016-10-01,False,lightgbm,1.7456269503596218,2.1078416360228514,0.02022873975859238,
Gran Canaria,81,84,2016-10-01,False,lightgbm_exog,2.563082740165887,2.6811843725142444,0.029202771251553364,
Gran Canaria,84,87,2017-01-01,False,naive_estacional,2.519999999999996,3.9739484982403406,0.02729076938740482,
Gran Canaria,84,87,2017-01-01,False,sarima,4.287376817698505,4.377933081511488,0.04606787173713659,1.0
Gran Canaria,84,87,2017-01-01,False,sarimax_exog,1.954332846322733,2.112101733219836,0.02106196624213727,1.0
Gran Canaria,84,87,2017-01-01,False,lightgbm,0.8510311769151949,0.9044587168374184,0.009111634316565366,
Gran Canaria,84,87,2017-01-01,False,lightgbm_exog,1.1121574961395548,1.279471824082378,0.0118882458393776,
Gran Canaria,87,90,2017-04-01,False,naive_estacional,4.739999999999999,5.240464356015283,0.06318414808399282,
Gran Canaria,87,90,2017-04-01,False,sarima,3.882275619298644,3.965773357228833,0.05295643113859424,1.0
Gran Canaria,87,90,2017-04-01,False,sarimax_exog,5.0612481757687915,5.814422535107737,0.06968371082228501,0.6666666666666666
Gran Canaria,87,90,2017-04-01,False,lightgbm,9.601702638138969,11.188246041968254,0.13996017476989717,
Gran Canaria,87,90,2017-04-01,False,lightgbm_exog,7.555458722141211,9.212148896770527,0.11096121030293297,
Gran Canaria,90,93,2017-07-01,False,naive_estacional,3.2933333333333317,3.695970779105268,0.043124000600495725,
Gran Canaria,90,93,2017-07-01,False,sarima,2.8591595006640538,3.499844797972236,0.03743769630834815,1.0
Gran Canaria,90,93,2017-07-01,False,sarimax_exog,4.9254502019101905,5.450967241127528,0.0645444818490411,1.0
Gran Canaria,90,93,2017-07-01,False,lightgbm,13.532181669174543,13.553043346172668,0.17788309174086703,
Gran Canaria,90,93,2017-07-01,False,lightgbm_exog,14.424024836994343,14.475754410049277,0.1895700760740641,
Gran Canaria,93,96,2017-10-01,False,naive_estacional,2.7866666666666666,3.0582674833964405,0.030502770527894695,
Gran Canaria,93,96,2017-10-01,False,sarima,2.1812474420164847,2.1934561825296544,0.024429131770752805,1.0
Gran Canaria,93,96,2017-10-01,False,sarimax_exog,3.6356520253941937,3.6782478899318267,0.040615818031085556,1.0
Gran Canaria,93,96,2017-10-01,False,lightgbm,2.548428052420879,2.942273083990002,0.027768573558164752,
Gran Canaria,93,96,2017-10-01,False,lightgbm_exog,2.1997423339877478,2.521697797196573,0.024660968306484763,
Gran Canaria,96,99,2018-01-01,False,naive_estacional,2.446666666666663,2.933155297627452,0.025864097211896486,
Gran Canaria,96,99,2018-01-01,False,sarima,4.513467905868699,4.732184641290695,0.0484675395500796,1.0
Gran Canaria,96,99,2018-01-01,False,sarimax_exog,3.325131768642772,3.6205403802651803,0.035176793118959195,1.0
Gran Canaria,96,99,2018-01-01,False,lightgbm,1.961702281148798,2.7724616687882766,0.020510158553682784,
Gran Canaria,96,99,2018-01-01,False,lightgbm_exog,1.8474740493576292,2.713228340339521,0.019272444795286576,
Gran Canaria,99,102,2018-04-01,False,naive_estacional,5.886666666666666,7.003584796373924,0.0865945154605912,
Gran Canaria,99,102,2018-04-01,False,sarima,3.9209958311964024,4.073048824754578,0.05799379975297528,1.0
Gran Canaria,99,102,2018-04-01,False,sarimax_exog,5.1637445488226446,6.073435672713508,0.07650663229248768,1.0
Gran Canaria,99,102,2018-04-01,False,lightgbm,9.267534962417793,10.416953093646999,0.13542835251446025,
Gran Canaria,99,102,2018-04-01,False,lightgbm_exog,12.004168576262492,12.278171422033779,0.1782438752545771,
Gran Canaria,102,105,2018-07-01,False,naive_estacional,2.430000000000002,2.5034709238708315,0.03183025491987471,
Gran Canaria,102,105,2018-07-01,False,sarima,1.2880284783679532,1.6676937780366994,0.01728724730240015,1.0
Gran Canaria,102,105,2018-07-01,False,sarimax_exog,2.344729205133054,2.4093621345402934,0.03125870048316305,1.0
Gran Canaria,102,105,2018-07-01,False,lightgbm,5.13196581778827,6.187865430041018,0.06919818902476603,
Gran Canaria,102,105,2018-07-01,False,lightgbm_exog,2.9988414180129297,3.6474501828724053,0.038803952217507716,
Gran Canaria,105,108,2018-10-01,False,naive_estacional,0.7199999999999941,0.7941452428030129,0.007938370370008807,
Gran Canaria,105,108,2018-10-01,False,sarima,2.7101889108103827,2.9057091972513853,0.0306869313524669,1.0
Gran Canaria,105,108,2018-10-01,False,sarimax_exog,1.2389046896243816,1.5890515651986201,0.014403212142863877,1.0
Gran Canaria,105,108,2018-10-01,False,lightgbm,2.579987525968425,2.6230899660177607,0.029424372498558938,
Gran Canaria,105,108,2018-10-01,False,lightgbm_exog,3.0565477467709883,3.742854961681436,0.03347931441058776,
Gran Canaria,108,111,2019-01-01,False,naive_estacional,3.4933333333333345,3.7837899871249046,0.036850101710903214,
Gran Canaria,108,111,2019-01-01,False,sarima,2.5612519204415114,3.160873274712783,0.02787973122929573,1.0
Gran Canaria,108,111,2019-01-01,False,sarimax_exog,2.5389912653320343,3.0855951643140695,0.02680786453123676,1.0
Gran Canaria,108,111,2019-01-01,False,lightgbm,3.2440237445423414,3.524447900814951,0.03465001857207587,
Gran Canaria,108,111,2019-01-01,False,lightgbm_exog,2.3666558806024653,2.908014109544032,0.025114369855760783,
Gran Canaria,111,114,2019-04-01,False,naive_estacional,0.8399999999999986,0.928798507032967,0.012120691364265175,
Gran Canaria,111,114,2019-04-01,False,sarima,2.4965397053174407,2.7648807357246468,0.036423179037344246,1.0
Gran Canaria,111,114,2019-04-01,False,sarimax_exog,2.736327753831778,3.145932733740139,0.03948186467149624,1.0
Gran Canaria,111,114,2019-04-01,False,lightgbm,0.947442551019293,1.168160009085989,0.014314203396923214,
Gran Canaria,111,114,2019-04-01,False,lightgbm_exog,3.855584478881113,4.553626807637709,0.05614723136566369,
Gran Canaria,114,117,2019-07-01,False,naive_estacional,3.2633333333333354,3.3278070857548245,0.04146537649193332,
Gran Canaria,114,117,2019-07-01,False,sarima,2.512530620581027,2.5892956872061323,0.03160735233396521,1.0
Gran Canaria,114,117,2019-07-01,False,sarimax_exog,2.613766593605959,2.7207991684626007,0.03287181378335421,1.0
Gran Canaria,114,117,2019-07-01,False,lightgbm,4.588160272454435,4.971887544827655,0.057494327220888826,
Gran Canaria,114,117,2019-07-01,False,lightgbm_exog,4.178000674422961,4.310946660307368,0.052514081364580904,
Gran Canaria,117,120,2019-10-01,False,naive_estacional,4.570000000000003,5.231535784706693,0.04875082931919994,
Gran Canaria,117,120,2019-10-01,False,sarima,3.3444471864268053,3.501201134173842,0.03603402962520695,1.0
Gran Canaria,117,120,2019-10-01,False,sarimax_exog,2.127491351115632,2.2053261823084025,0.022717532421936058,1.0
Gran Canaria,117,120,2019-10-01,False,lightgbm,4.59013822181204,5.20529506287734,0.04892012951101262,
Gran Canaria,117,120,2019-10-01,False,lightgbm_exog,4.647008582352257,5.312549049678191,0.04846714907381786,
Gran Canaria,120,123,2020-01-01,True,naive_estacional,17.39,27.443639821763195,0.3856477546466648,
Gran Canaria,120,123,2020-01-01,True,sarima,21.82900455534426,32.91775643601167,0.47173686122192526,0.6666666666666666
Gran Canaria,120,123,2020-01-01,True,sarimax_exog,21.519619531520636,31.230661688392843,0.4551645493727056,0.6666666666666666
Gran Canaria,120,123,2020-01-01,True,lightgbm,18.97909061864675,29.563646390397214,0.4176655535745642,
Gran Canaria,120,123,2020-01-01,True,lightgbm_exog,17.96008800392339,29.521506366041514,0.40731179085175756,
Gran Canaria,123,126,2020-07-01,True,naive_estacional,35.56666666666666,37.23268993774153,1.3165813494170604,
Gran Canaria,123,126,2020-07-01,True,sarima,12.129020247935758,13.37651308065317,0.3736893901894674,0.6666666666666666
Gran Canaria,123,126,2020-07-01,True,sarimax_exog,13.170548628100441,13.708481077517227,0.4874123343767917,0.6666666666666666
Gran Canaria,123,126,2020-07-01,True,lightgbm,33.085651000890095,34.74666944082383,1.2415693718506506,
Gran Canaria,123,126,2020-07-01,True,lightgbm_exog,33.83202575135536,35.588701937810065,1.269481803687308,
Gran Canaria,126,129,2020-10-01,True,naive_estacional,49.60999999999999,49.975085459323296,1.841260166068911,
Gran Canaria,126,129,2020-10-01,True,sarima,9.512663319518753,11.265301988932988,0.39412940187327034,0.6666666666666666
Gran Canaria,126,129,2020-10-01,True,sarimax_exog,16.465486640109784,16.614669653043194,0.6073551935874402,0.3333333333333333
Gran Canaria,126,129,2020-10-01,True,lightgbm,30.690801077965347,30.944875395348106,1.1431004091419903,
Gran Canaria,126,129,2020-10-01,True,lightgbm_exog,24.58339433175259,25.610491001411607,0.9539709095439978,
Gran Canaria,129,132,2021-01-01,True,naive_estacional,70.57000000000001,70.7885327342407,3.162915961650617,
Gran Canaria,129,132,2021-01-01,True,sarima,25.59430603616809,26.225827014017895,1.1573294603508737,0.0
Gran Canaria,129,132,2021-01-01,True,sarimax_exog,11.079129518856002,11.372506534264982,0.5043999781397681,0.6666666666666666
Gran Canaria,129,132,2021-01-01,True,lightgbm,13.196644253246754,13.422137258452395,0.6000983114808996,
Gran Canaria,129,132,2021-01-01,True,lightgbm_exog,12.764274530291297,12.925215633515181,0.5788631699150125,
Gran Canaria,132,135,2021-04-01,True,naive_estacional,45.11333333333334,53.88599013967669,1.5249483486233204,
Gran Canaria,132,135,2021-04-01,True,sarima,13.765974242056918,23.1020208110465,0.3532713767950435,0.6666666666666666
Gran Canaria,132,135,2021-04-01,True,sarimax_exog,41.16004319904239,50.543492438844034,1.1670086454635047,0.3333333333333333
Gran Canaria,132,135,2021-04-01,True,lightgbm,3.6994572910187933,4.070398632509001,0.12205987282471815,
Gran Canaria,132,135,2021-04-01,True,lightgbm_exog,3.39655314421458,3.7686739814842296,0.11241764277650122,
Gran Canaria,135,138,2021-07-01,False,naive_estacional,33.46666666666667,35.42319673133223,0.5004218221136102,
Gran Canaria,135,138,2021-07-01,False,sarima,53.16605947544044,55.013744561588155,0.7906183937332947,0.0
Gran Canaria,135,138,2021-07-01,False,sarimax_exog,51.86923174146759,54.5962244866816,0.7640855880165326,0.0
Gran Canaria,135,138,2021-07-01,False,lightgbm,17.905483878616995,20.33371467153989,0.2619822061990023,
Gran Canaria,135,138,2021-07-01,False,lightgbm_exog,22.232878713980842,25.757567590428984,0.32850314510067885,
Gran Canaria,138,141,2021-10-01,False,naive_estacional,69.69666666666667,70.05977947438888,0.7034391053957186,
Gran Canaria,138,141,2021-10-01,False,sarima,21.002489884111217,21.335277679661804,0.2104985791747053,0.3333333333333333
Gran Canaria,138,141,2021-10-01,False,sarimax_exog,11.355815015086236,11.85939400119659,0.11441865750810315,1.0
Gran Canaria,138,141,2021-10-01,False,lightgbm,30.601192905271446,31.24258018468452,0.30604981411424315,
Gran Canaria,138,141,2021-10-01,False,lightgbm_exog,31.50958796496329,32.108901151684314,0.3151956248059455,
Gran Canaria,141,144,2022-01-01,False,naive_estacional,69.33333333333333,69.81562432579115,0.7532251572588953,
Gran Canaria,141,144,2022-01-01,False,sarima,13.271858706373644,14.964447080485828,0.15320182040333755,0.6666666666666666
Gran Canaria,141,144,2022-01-01,False,sarimax_exog,12.883902929675306,13.025655885783381,0.1437175587183739,0.6666666666666666
Gran Canaria,141,144,2022-01-01,False,lightgbm,20.294961600938667,23.63076100497867,0.20924468185813594,
Gran Canaria,141,144,2022-01-01,False,lightgbm_exog,15.204603953479088,17.5701821110344,0.15714947056459208,
Gran Canaria,144,147,2022-04-01,False,naive_estacional,44.42666666666667,46.04107441549701,0.5671230383072167,
Gran Canaria,144,147,2022-04-01,False,sarima,24.34031542493761,25.795285658145783,0.3274188024791473,0.6666666666666666
Gran Canaria,144,147,2022-04-01,False,sarimax_exog,14.054306351243921,15.708671603915553,0.19218845367135265,0.6666666666666666
Gran Canaria,144,147,2022-04-01,False,lightgbm,5.904339282550524,7.523928361481457,0.08149528180568738,
Gran Canaria,144,147,2022-04-01,False,lightgbm_exog,5.0266043574667565,5.622046698898977,0.06816077703999367,
Gran Canaria,147,150,2022-07-01,False,naive_estacional,25.0,25.935891476227816,0.2777643105410376,
Gran Canaria,147,150,2022-07-01,False,sarima,22.990778763318175,23.093592469833137,0.2523091199939343,0.6666666666666666
Gran Canaria,147,150,2022-07-01,False,sarimax_exog,9.480090136339555,11.293116966282835,0.10316634013329688,1.0
Gran Canaria,147,150,2022-07-01,False,lightgbm,15.507461103771547,15.939377456510533,0.16998033655238262,
Gran Canaria,147,150,2022-07-01,False,lightgbm_exog,14.615325606321727,15.114400797517478,0.16194707195710042,
Gran Canaria,150,153,2022-10-01,False,naive_estacional,10.703333333333338,12.257692822604644,0.09530264587417812,
Gran Canaria,150,153,2022-10-01,False,sarima,5.4311400553157325,5.7052441839667125,0.048901111469334936,1.0
Gran Canaria,150,153,2022-10-01,False,sarimax_exog,13.502875953494518,14.164699339245344,0.1234037794211006,1.0
Gran Canaria,150,153,2022-10-01,False,lightgbm,21.551075230366138,23.38001575610889,0.19090277147319115,
Gran Canaria,150,153,2022-10-01,False,lightgbm_exog,21.562410859584308,23.712654920360528,0.19048263042219662,
Gran Canaria,153,156,2023-01-01,False,naive_estacional,27.846666666666668,29.41467774201626,0.23247901791151812,
Gran Canaria,153,156,2023-01-01,False,sarima,6.061485125920195,7.2559929243767645,0.0507047645800526,1.0
Gran Canaria,153,156,2023-01-01,False,sarimax_exog,8.926795108118943,10.502720940158385,0.0744637994009806,1.0
Gran Canaria,153,156,2023-01-01,False,lightgbm,23.50742625807648,24.64034911515133,0.1966756537421033,
Gran Canaria,153,156,2023-01-01,False,lightgbm_exog,28.73697580803776,30.627348401878525,0.24029694122082892,
Gran Canaria,156,159,2023-04-01,False,naive_estacional,5.923333333333332,6.004628770096171,0.0730066533551491,
Gran Canaria,156,159,2023-04-01,False,sarima,27.25292157613161,27.60773253831027,0.33498510078685534,0.3333333333333333
Gran Canaria,156,159,2023-04-01,False,sarimax_exog,11.669669359677576,12.07016989876086,0.14105659261182488,1.0
Gran Canaria,156,159,2023-04-01,False,lightgbm,15.4701037111467,17.674044693828932,0.19442284816472014,
Gran Canaria,156,159,2023-04-01,False,lightgbm_exog,10.25339332247186,13.353750597693578,0.12882432411573255,
Gran Canaria,159,162,2023-07-01,False,naive_estacional,5.449999999999998,5.507028842004248,0.056392289848820554,
Gran Canaria,159,162,2023-07-01,False,sarima,12.075740829396238,12.107168066595353,0.12582499679193068,1.0
Gran Canaria,159,162,2023-07-01,False,sarimax_exog,12.27376687450078,12.468535850193893,0.1273354430533449,1.0
Gran Canaria,159,162,2023-07-01,False,lightgbm,5.801772197876048,7.454657802836143,0.06250696385663423,
Gran Canaria,159,162,2023-07-01,False,lightgbm_exog,6.2295423641633265,7.693663431562395,0.06660388001777395,
Gran Canaria,162,165,2023-10-01,False,naive_estacional,9.146666666666667,9.223509816405755,0.07748384445934813,
Gran Canaria,162,165,2023-10-01,False,sarima,3.715717239350918,4.5586533830083855,0.029981451986419317,1.0
Gran Canaria,162,165,2023-10-01,False,sarimax_exog,1.6497479515859748,1.9893642990203526,0.014313210822582164,1.0
Gran Canaria,162,165,2023-10-01,False,lightgbm,6.711357878479665,7.10687365955661,0.05691046752672221,
Gran Canaria,162,165,2023-10-01,False,lightgbm_exog,6.191355704235406,6.428726517661423,0.05213060359153162,
Gran Canaria,165,168,2024-01-01,False,naive_estacional,13.339999999999998,14.139443647706463,0.09879843193176248,
Gran Canaria,165,168,2024-01-01,False,sarima,8.766654386357805,9.682068725798871,0.0648976034938998,1.0
Gran Canaria,165,168,2024-01-01,False,sarimax_exog,5.707687108444522,6.630943584836647,0.04184414345948089,1.0
Gran Canaria,165,168,2024-01-01,False,lightgbm,13.453703786221107,18.254799775622295,0.09696232408420485,
Gran Canaria,165,168,2024-01-01,False,lightgbm_exog,12.026003540174486,15.061198002874045,0.08736074501661417,
Gran Canaria,168,171,2024-04-01,False,naive_estacional,8.300000000000002,8.750249520251792,0.09215267563488598,
Gran Canaria,168,171,2024-04-01,False,sarima,18.527332433500934,18.769396883567325,0.20414931348282683,0.6666666666666666
Gran Canaria,168,171,2024-04-01,False,sarimax_exog,12.678259717595159,12.778888075543227,0.1387619828941335,1.0
Gran Canaria,168,171,2024-04-01,False,lightgbm,9.401021050885968,10.700006716324493,0.09996456757789922,
Gran Canaria,168,171,2024-04-01,False,lightgbm_exog,7.978192990756739,9.576631197584595,0.08461656173710624,
Gran Canaria,171,174,2024-07-01,False,naive_estacional,11.156666666666672,11.290983128142567,0.1037467649999909,
Gran Canaria,171,174,2024-07-01,False,sarima,3.3166201696894717,3.579520861368477,0.031010472089087037,1.0
Gran Canaria,171,174,2024-07-01,False,sarimax_exog,6.686071067455198,7.065841667507378,0.06217374653786856,1.0
Gran Canaria,171,174,2024-07-01,False,lightgbm,3.2984947077150744,3.8043709579300953,0.03128768315174394,
Gran Canaria,171,174,2024-07-01,False,lightgbm_exog,4.5096551746227975,4.561623486308155,0.041791547036396114,
Gran Canaria,174,177,2024-10-01,False,naive_estacional,17.56999999999999,17.814762604836087,0.12797740169690286,
Gran Canaria,174,177,2024-10-01,False,sarima,5.767889089334346,6.800021120812587,0.040539912045911904,1.0
Gran Canaria,174,177,2024-10-01,False,sarimax_exog,3.2797125390664896,3.8629536186216487,0.0233358384325221,1.0
Gran Canaria,174,177,2024-10-01,False,lightgbm,15.761255990536924,16.74467021874865,0.11296695806124542,
Gran Canaria,174,177,2024-10-01,False,lightgbm_exog,16.205023290776637,17.109860106287087,0.1162803363583688,
Gran Canaria,177,180,2025-01-01,False,naive_estacional,11.496666666666664,11.70376150360786,0.07995702403597031,
Gran Canaria,177,180,2025-01-01,False,sarima,1.6483801899971222,1.9255372169400515,0.011573455966097067,1.0
Gran Canaria,177,180,2025-01-01,False,sarimax_exog,3.1313067533682024,3.246421676562433,0.02149820682080185,1.0
Gran Canaria,177,180,2025-01-01,False,lightgbm,9.486466721528975,9.877150268939191,0.06509720873639092,
Gran Canaria,177,180,2025-01-01,False,lightgbm_exog,11.215581973360429,12.196536669869621,0.07664081014121499,
Gran Canaria,180,183,2025-04-01,False,naive_estacional,8.416666666666666,9.062834361647942,0.08196868393795771,
Gran Canaria,180,183,2025-04-01,False,sarima,9.448396960169271,9.868629054044787,0.09818709851777951,1.0
Gran Canaria,180,183,2025-04-01,False,sarimax_exog,10.527834909446034,10.761465943524529,0.10847117956714043,1.0
Gran Canaria,180,183,2025-04-01,False,lightgbm,7.944814662926494,8.018110553206153,0.07958659074057113,
Gran Canaria,180,183,2025-04-01,False,lightgbm_exog,7.377901468029184,7.3789482252812615,0.07473051828619794,
Gran Canaria,183,186,2025-07-01,False,naive_estacional,7.279999999999991,7.796080211661918,0.06286974989451295,
Gran Canaria,183,186,2025-07-01,False,sarima,2.2339394245505084,2.257889781351873,0.01962224929722303,1.0
Gran Canaria,183,186,2025-07-01,False,sarimax_exog,3.2447715603905984,4.30636727853167,0.028951084141272315,1.0
Gran Canaria,183,186,2025-07-01,False,lightgbm,2.7704875296287432,3.5004084017271246,0.024611835292829665,
Gran Canaria,183,186,2025-07-01,False,lightgbm_exog,4.152694388657447,4.5290421003205825,0.03554364868518359,
Gran Canaria,186,189,2025-10-01,False,naive_estacional,4.156666666666676,4.930189313471315,0.02907543323429802,
Gran Canaria,186,189,2025-10-01,False,sarima,3.768032318970872,4.741981111364924,0.025673427408582677,1.0
Gran Canaria,186,189,2025-10-01,False,sarimax_exog,2.1085751299967135,2.917564529007082,0.014237117758767468,1.0
Gran Canaria,186,189,2025-10-01,False,lightgbm,7.422809236882007,8.09798850727865,0.05371402957315898,
Gran Canaria,186,189,2025-10-01,False,lightgbm_exog,7.065748885136903,7.731610591716844,0.049310429458661896,
La Gomera,36,39,2013-01-01,False,naive_estacional,2.75666666666667,2.9127592874569443,0.07127190331649007,
La Gomera,36,39,2013-01-01,False,sarima,1.354928573563183,1.5023583348685432,0.03699322257699519,1.0
La Gomera,36,39,2013-01-01,False,lightgbm,5.237702296604027,5.5967736393950025,0.1335888546905806,
La Gomera,36,39,2013-01-01,False,lightgbm_exog,5.237702296604027,5.5967736393950025,0.1335888546905806,
La Gomera,39,42,2013-04-01,False,naive_estacional,1.3633333333333333,1.4123384863410042,0.05722260502945662,
La Gomera,39,42,2013-04-01,False,sarima,5.5997573979975535,5.747557124956374,0.2328008072556316,0.6666666666666666
La Gomera,39,42,2013-04-01,False,lightgbm,0.9342523303886949,1.2096240107920346,0.03461208687607372,
La Gomera,39,42,2013-04-01,False,lightgbm_exog,0.9342523303886949,1.2096240107920346,0.03461208687607372,
La Gomera,42,45,2013-07-01,False,naive_estacional,4.336666666666669,4.35708235711315,0.17967955385565068,
La Gomera,42,45,2013-07-01,False,sarima,1.6035114168368167,1.6264327855733112,0.06651624903347718,1.0
La Gomera,42,45,2013-07-01,False,lightgbm,3.18440013988443,4.270328428425557,0.12152185225540714,
La Gomera,42,45,2013-07-01,False,lightgbm_exog,3.18440013988443,4.270328428425557,0.12152185225540714,
La Gomera,45,48,2013-10-01,False,naive_estacional,4.926666666666667,5.1524298474926695,0.1389025596201396,
La Gomera,45,48,2013-10-01,False,sarima,4.0620811702770325,4.1842429852724425,0.11379359759888948,1.0
La Gomera,45,48,2013-10-01,False,lightgbm,4.589607162724256,4.728074400337689,0.12891666376852695,
La Gomera,45,48,2013-10-01,False,lightgbm_exog,4.589607162724256,4.728074400337689,0.12891666376852695,
La Gomera,48,51,2014-01-01,False,naive_estacional,4.483333333333332,4.986444959420822,0.10687045381421305,
La Gomera,48,51,2014-01-01,False,sarima,1.0682651345732523,1.108768947398882,0.025414028985706605,1.0
La Gomera,48,51,2014-01-01,False,lightgbm,7.362932173860263,8.961758331939329,0.16758105702002277,
La Gomera,48,51,2014-01-01,False,lightgbm_exog,7.362932173860263,8.961758331939329,0.16758105702002277,
La Gomera,51,54,2014-04-01,False,naive_estacional,1.9599999999999997,2.1035842428261975,0.08071643560188159,
La Gomera,51,54,2014-04-01,False,sarima,3.997031605865742,4.288301924060792,0.14867003887384736,0.6666666666666666
La Gomera,51,54,2014-04-01,False,lightgbm,2.058618466907292,2.2566885540722277,0.08061997393769926,
La Gomera,51,54,2014-04-01,False,lightgbm_exog,2.058618466907292,2.2566885540722277,0.08061997393769926,
La Gomera,54,57,2014-07-01,False,naive_estacional,5.509999999999999,5.605262408368288,0.1867343407116869,
La Gomera,54,57,2014-07-01,False,sarima,4.243796670588033,4.351776649176698,0.1432612090380078,1.0
La Gomera,54,57,2014-07-01,False,lightgbm,1.0792600800116503,1.211342034699317,0.03608601593241151,
La Gomera,54,57,2014-07-01,False,lightgbm_exog,1.0792600800116503,1.211342034699317,0.03608601593241151,
La Gomera,57,60,2014-10-01,False,naive_estacional,2.4666666666666663,2.8449253065766067,0.08312425389317508,
La Gomera,57,60,2014-10-01,False,sarima,7.5687938215388355,7.744697438201765,0.24266199384750667,0.3333333333333333
La Gomera,57,60,2014-10-01,False,lightgbm,4.403792816687736,4.53437009780789,0.14128272156277574,
La Gomera,57,60,2014-10-01,False,lightgbm_exog,4.403792816687736,4.53437009780789,0.14128272156277574,
La Gomera,60,63,2015-01-01,False,naive_estacional,4.343333333333331,4.386384236095448,0.11493353360080938,
La Gomera,60,63,2015-01-01,False,sarima,2.903157902369268,3.1493362120197554,0.07726308479825955,1.0
La Gomera,60,63,2015-01-01,False,lightgbm,0.9569325720540292,1.0042232098032886,0.02550491576619333,
La Gomera,60,63,2015-01-01,False,lightgbm_exog,0.9569325720540292,1.0042232098032886,0.02550491576619333,
La Gomera,63,66,2015-04-01,False,naive_estacional,1.7433333333333334,2.483190152471883,0.08926872336081815,
La Gomera,63,66,2015-04-01,False,sarima,1.556059526775248,1.734389037520985,0.06951079055416869,1.0
La Gomera,63,66,2015-04-01,False,lightgbm,1.7178458091076674,1.8104585970837923,0.07383437633437384,
La Gomera,63,66,2015-04-01,False,lightgbm_exog,1.7178458091076674,1.8104585970837923,0.07383437633437384,
La Gomera,66,69,2015-07-01,False,naive_estacional,2.4033333333333338,3.102004728128785,0.10287194896914127,
La Gomera,66,69,2015-07-01,False,sarima,3.393828204233626,4.174787903307301,0.11350556620792253,1.0
La Gomera,66,69,2015-07-01,False,lightgbm,1.087122948607006,1.2182477748851746,0.039605405213610195,
La Gomera,66,69,2015-07-01,False,lightgbm_exog,1.087122948607006,1.2182477748851746,0.039605405213610195,
La Gomera,69,72,2015-10-01,False,naive_estacional,5.650000000000001,6.084058404278076,0.15058772466994816,
La Gomera,69,72,2015-10-01,False,sarima,1.820571587732374,2.2277800538296635,0.048459601813701625,1.0
La Gomera,69,72,2015-10-01,False,lightgbm,6.026507485942678,6.823358922355813,0.16166766475984914,
La Gomera,69,72,2015-10-01,False,lightgbm_exog,6.026507485942678,6.823358922355813,0.16166766475984914,
La Gomera,72,75,2016-01-01,False,naive_estacional,23.813333333333333,32.65065594032275,0.3136340934311095,
La Gomera,72,75,2016-01-01,False,sarima,16.49789828248297,27.20588981329611,0.18592934866991853,0.6666666666666666
La Gomera,72,75,2016-01-01,False,lightgbm,20.2885280819221,30.28005044230734,0.24813180802355728,
La Gomera,72,75,2016-01-01,False,lightgbm_exog,20.2885280819221,30.28005044230734,0.24813180802355728,
La Gomera,75,78,2016-04-01,False,naive_estacional,29.149999999999995,29.45922549332665,0.5482839163125046,
La Gomera,75,78,2016-04-01,False,sarima,11.406787073419578,12.237893511786924,0.22348113131727174,0.6666666666666666
La Gomera,75,78,2016-04-01,False,lightgbm,12.436408608049511,15.076260573779532,0.26405725111628625,
La Gomera,75,78,2016-04-01,False,lightgbm_exog,12.436408608049511,15.076260573779532,0.26405725111628625,
La Gomera,78,81,2016-07-01,False,naive_estacional,41.336666666666666,41.65006162460427,0.6036083548898791,
La Gomera,78,81,2016-07-01,False,sarima,15.792236729648097,16.979329135033087,0.22185210209648107,0.6666666666666666
La Gomera,78,81,2016-07-01,False,lightgbm,15.528293265820226,16.97224271108867,0.2168326902631885,
La Gomera,78,81,2016-07-01,False,lightgbm_exog,15.528293265820226,16.97224271108867,0.2168326902631885,
La Gomera,81,84,2016-10-01,False,naive_estacional,44.95666666666667,45.05727059347174,0.5390244970517787,
La Gomera,81,84,2016-10-01,False,sarima,8.368812673746282,8.621851282095983,0.09905976563843155,1.0
La Gomera,81,84,2016-10-01,False,lightgbm,12.561813076425233,13.039305132731954,0.1510974048539581,
La Gomera,81,84,2016-10-01,False,lightgbm_exog,12.561813076425233,13.039305132731954,0.1510974048539581,
La Gomera,84,87,2017-01-01,False,naive_estacional,41.96666666666667,45.939999274415904,0.40957293336601036,
La Gomera,84,87,2017-01-01,False,sarima,7.790860109358178,9.516660728992523,0.07618042061472242,1.0
La Gomera,84,87,2017-01-01,False,lightgbm,19.668931970361417,20.714398855365083,0.18621780412134137,
La Gomera,84,87,2017-01-01,False,lightgbm_exog,19.668931970361417,20.714398855365083,0.18621780412134137,
La Gomera,87,90,2017-04-01,False,naive_estacional,4.036666666666666,6.5214747820821435,0.05436074363277413,
La Gomera,87,90,2017-04-01,False,sarima,31.842737622307663,32.98578244310725,0.6176063539424163,0.0
La Gomera,87,90,2017-04-01,False,lightgbm,33.393903792374,34.12510612277548,0.6401430144605714,
La Gomera,87,90,2017-04-01,False,lightgbm_exog,33.393903792374,34.12510612277548,0.6401430144605714,
La Gomera,90,93,2017-07-01,False,naive_estacional,7.959999999999998,8.291855441737189,0.1221835529490664,
La Gomera,90,93,2017-07-01,False,sarima,5.3393352768595035,7.0908242010552724,0.07624813063107591,1.0
La Gomera,90,93,2017-07-01,False,lightgbm,6.226021642238405,7.234713393177949,0.10130649207425872,
La Gomera,90,93,2017-07-01,False,lightgbm_exog,6.573079868852571,7.731981644343621,0.10660052774001309,
La Gomera,93,96,2017-10-01,False,naive_estacional,8.50666666666666,11.094866680887451,0.08715814742018076,
La Gomera,93,96,2017-10-01,False,sarima,9.605840373257186,11.520705888580508,0.10116060320015195,1.0
La Gomera,93,96,2017-10-01,False,lightgbm,18.41592310927196,21.15426819048013,0.1965774099799281,
La Gomera,93,96,2017-10-01,False,lightgbm_exog,18.71076780490394,21.61187595064014,0.19938450282217787,
La Gomera,96,99,2018-01-01,False,naive_estacional,6.563333333333333,7.878978360168278,0.06669459292046946,
La Gomera,96,99,2018-01-01,False,sarima,14.033488805615798,15.124729337345093,0.14156426621921128,1.0
La Gomera,96,99,2018-01-01,False,lightgbm,5.121873158273634,5.639838014346465,0.051746883838832726,
La Gomera,96,99,2018-01-01,False,lightgbm_exog,2.3520008932857053,2.8722317085375035,0.02378171422815035,
La Gomera,99,102,2018-04-01,False,naive_estacional,7.930000000000002,8.265891764756342,0.17082265930953502,
La Gomera,99,102,2018-04-01,False,sarima,17.44581712403036,18.275315767563658,0.4060647590933935,1.0
La Gomera,99,102,2018-04-01,False,lightgbm,5.747374177995506,6.881183078883094,0.11492124239659351,
La Gomera,99,102,2018-04-01,False,lightgbm_exog,8.363760354056609,9.346939232800008,0.16114427460164937,
La Gomera,102,105,2018-07-01,False,naive_estacional,5.4033333333333315,8.221421207228506,0.08795379922801015,
La Gomera,102,105,2018-07-01,False,sarima,5.55527135903137,6.210691727997361,0.0935995287831658,1.0
La Gomera,102,105,2018-07-01,False,lightgbm,10.93223540348225,11.451825106450354,0.19260598515838878,
La Gomera,102,105,2018-07-01,False,lightgbm_exog,9.574944641312179,10.627004625798364,0.17112547214899898,
La Gomera,105,108,2018-10-01,False,naive_estacional,8.636666666666661,11.044439023025712,0.10397275268425045,
La Gomera,105,108,2018-10-01,False,sarima,4.26950763150271,4.638334326088988,0.05467787678002282,1.0
La Gomera,105,108,2018-10-01,False,lightgbm,5.272538686914875,5.440860348852081,0.06562626520771445,
La Gomera,105,108,2018-10-01,False,lightgbm_exog,4.578830660952339,5.6199503665014,0.057200395976513385,
La Gomera,108,111,2019-01-01,False,naive_estacional,11.869999999999996,11.914309323945998,0.13404024747487928,
La Gomera,108,111,2019-01-01,False,sarima,7.577830180438984,8.697916171822047,0.08652398660474288,1.0
La Gomera,108,111,2019-01-01,False,lightgbm,14.098580494552678,14.400034608843775,0.15987759990880948,
La Gomera,108,111,2019-01-01,False,lightgbm_exog,12.10361115352886,12.879041241356958,0.13743019712461235,
La Gomera,111,114,2019-04-01,False,naive_estacional,1.4933333333333347,1.6605420801653896,0.030877076928058658,
La Gomera,111,114,2019-04-01,False,sarima,5.4333201376729505,5.47177594390224,0.1163386853804416,1.0
La Gomera,111,114,2019-04-01,False,lightgbm,13.140173122115684,13.73033872008307,0.28029371170805145,
La Gomera,111,114,2019-04-01,False,lightgbm_exog,10.706942285441023,11.605668311437725,0.22361213307240604,
La Gomera,114,117,2019-07-01,False,naive_estacional,3.7766666666666686,4.9336835461279165,0.06547679604615578,
La Gomera,114,117,2019-07-01,False,sarima,3.160945622923992,4.787334818854656,0.057550709651701136,1.0
La Gomera,114,117,2019-07-01,False,lightgbm,9.9894496948739,13.378839564315053,0.17433236496461524,
La Gomera,114,117,2019-07-01,False,lightgbm_exog,7.08434089758521,9.946875192734042,0.12527381553584957,
La Gomera,117,120,2019-10-01,False,naive_estacional,7.7966666666666695,8.495749917851086,0.11661228296417303,
La Gomera,117,120,2019-10-01,False,sarima,3.843421142974672,4.381180846618729,0.055392587593369104,1.0
La Gomera,117,120,2019-10-01,False,lightgbm,5.278118937205494,6.664936552981325,0.08360183593004121,
La Gomera,117,120,2019-10-01,False,lightgbm_exog,5.309161091464226,6.35970000988432,0.08292611350147484,
La Gomera,120,123,2020-01-01,True,naive_estacional,17.270000000000007,29.108478146409514,0.47740626608555864,
La Gomera,120,123,2020-01-01,True,sarima,18.7383813768437,30.537488405770606,0.5076048971299021,0.6666666666666666
La Gomera,120,123,2020-01-01,True,lightgbm,21.530754332396317,34.17355379263294,0.5738807998129349,
La Gomera,120,123,2020-01-01,True,lightgbm_exog,18.766552477010098,30.44570038156689,0.5070173298170975,
La Gomera,123,126,2020-07-01,True,naive_estacional,23.326666666666664,30.13327175509932,1.2521873168931994,
La Gomera,123,126,2020-07-01,True,sarima,28.047074844733515,32.50191808361631,0.806514573974391,0.3333333333333333
La Gomera,123,126,2020-07-01,True,lightgbm,24.775495150662113,25.966222945316485,1.0893555772163488,
La Gomera,123,126,2020-07-01,True,lightgbm_exog,23.00876317904984,23.06614276743168,0.9359290953380142,
La Gomera,126,129,2020-10-01,True,naive_estacional,31.95333333333333,32.52608594138967,1.3830235025588877,
La Gomera,126,129,2020-10-01,True,sarima,19.725630634914705,20.433461365156276,0.8520632583286275,0.6666666666666666
La Gomera,126,129,2020-10-01,True,lightgbm,10.369382236124608,11.002880021951968,0.4701518153637534,
La Gomera,126,129,2020-10-01,True,lightgbm_exog,11.287464569216652,11.533531726002755,0.4913841905944751,
La Gomera,129,132,2021-01-01,True,naive_estacional,52.98333333333333,53.6054533917337,2.9202792637020227,
La Gomera,129,132,2021-01-01,True,sarima,28.440408421300074,29.57639030295833,1.5643749538366907,0.6666666666666666
La Gomera,129,132,2021-01-01,True,lightgbm,5.513400446757067,7.426597140925023,0.36700198757035474,
La Gomera,129,132,2021-01-01,True,lightgbm_exog,9.224031185031592,9.980951460830727,0.5616244878332567,
La Gomera,132,135,2021-04-01,True,naive_estacional,46.849999999999994,54.61895061850481,2.116178175619117,
La Gomera,132,135,2021-04-01,True,sarima,20.06751283526127,20.28015489663755,0.8381285368385467,1.0
La Gomera,132,135,2021-04-01,True,lightgbm,1.5676506245066122,1.8796388740601104,0.059941101701021314,
La Gomera,132,135,2021-04-01,True,lightgbm_exog,2.964977518353969,3.174164481974369,0.11983122036831545,
La Gomera,135,138,2021-07-01,False,naive_estacional,29.23,30.582563114733638,0.49737733414044677,
La Gomera,135,138,2021-07-01,False,sarima,63.2404592479758,64.33243711716258,1.0208723369849264,0.0
La Gomera,135,138,2021-07-01,False,lightgbm,17.040583136463102,20.118110545067328,0.2993517769310896,
La Gomera,135,138,2021-07-01,False,lightgbm_exog,26.48233762714968,27.904084791744207,0.44599221792880656,
La Gomera,138,141,2021-10-01,False,naive_estacional,59.78333333333334,60.45480653623277,0.7097146360205971,
La Gomera,138,141,2021-10-01,False,sarima,20.759567093061012,21.742344394530228,0.24142208715366,1.0
La Gomera,138,141,2021-10-01,False,lightgbm,3.6969114695779646,4.787510175916822,0.04140935761279727,
La Gomera,138,141,2021-10-01,False,lightgbm_exog,21.153891316472272,21.747962465729263,0.248211969512371,
La Gomera,141,144,2022-01-01,False,naive_estacional,74.21666666666665,74.32703882168319,0.7983312366524339,
La Gomera,141,144,2022-01-01,False,sarima,10.430312192744546,10.780147737768425,0.11292668940536162,1.0
La Gomera,141,144,2022-01-01,False,lightgbm,6.90638239146395,9.298431211958276,0.0750528577977816,
La Gomera,141,144,2022-01-01,False,lightgbm_exog,26.649224939436507,26.66141224229872,0.28654889199165406,
La Gomera,144,147,2022-04-01,False,naive_estacional,30.833333333333332,34.97515403825979,0.5222532330812901,
La Gomera,144,147,2022-04-01,False,sarima,39.56132302142927,41.259690714635504,0.7936681500716342,0.3333333333333333
La Gomera,144,147,2022-04-01,False,lightgbm,8.20046653349547,10.417323954792916,0.16348284858911882,
La Gomera,144,147,2022-04-01,False,lightgbm_exog,9.176986642476509,11.629980238949594,0.1830707086746831,
La Gomera,147,150,2022-07-01,False,naive_estacional,5.00333333333333,5.028946211682918,0.08153265518346535,
La Gomera,147,150,2022-07-01,False,sarima,21.941225475583234,22.563220219923878,0.3448770233325964,1.0
La Gomera,147,150,2022-07-01,False,lightgbm,10.278613562927953,11.161649432577882,0.1717849446387044,
La Gomera,147,150,2022-07-01,False,lightgbm_exog,10.166665655938042,10.18246720519906,0.16509131453572137,
La Gomera,150,153,2022-10-01,False,naive_estacional,5.753333333333335,6.283831103183259,0.07631167363329122,
La Gomera,150,153,2022-10-01,False,sarima,8.226046707492097,9.158243813877196,0.09766052088536871,1.0
La Gomera,150,153,2022-10-01,False,lightgbm,8.285049684129163,8.75507880087693,0.10300139590130603,
La Gomera,150,153,2022-10-01,False,lightgbm_exog,7.130161322589866,8.318544113051571,0.09426442455381145,
La Gomera,153,156,2023-01-01,False,naive_estacional,9.720000000000004,9.979619231213187,0.09429648218358011,
La Gomera,153,156,2023-01-01,False,sarima,12.111000866065652,12.855759630495116,0.11759019172455724,1.0
La Gomera,153,156,2023-01-01,False,lightgbm,7.413318223794685,8.926172696000915,0.07090903442366402,
La Gomera,153,156,2023-01-01,False,lightgbm_exog,13.497994594652505,13.74741117367737,0.13085248309112615,
La Gomera,156,159,2023-04-01,False,naive_estacional,1.8166666666666675,1.89962276956944,0.03360994739088725,
La Gomera,156,159,2023-04-01,False,sarima,28.276316650283253,29.04329306657304,0.5393723248713299,1.0
La Gomera,156,159,2023-04-01,False,lightgbm,4.481282635855123,4.677228076982008,0.0813200905993654,
La Gomera,156,159,2023-04-01,False,lightgbm_exog,5.185057911495771,5.65704546705256,0.09251550659736253,
La Gomera,159,162,2023-07-01,False,naive_estacional,2.916666666666669,4.435617206207044,0.04528606847679801,
La Gomera,159,162,2023-07-01,False,sarima,5.660074683998336,6.2274902885837555,0.0862616863150721,1.0
La Gomera,159,162,2023-07-01,False,lightgbm,2.3297490639321814,3.438311686121087,0.0320065827132492,
La Gomera,159,162,2023-07-01,False,lightgbm_exog,6.098442558637001,7.433915364553996,0.08652821494609246,
La Gomera,162,165,2023-10-01,False,naive_estacional,9.076666666666663,9.180579139320857,0.10458440952727645,
La Gomera,162,165,2023-10-01,False,sarima,4.759276575334184,4.818644159694506,0.05314612728575908,1.0
La Gomera,162,165,2023-10-01,False,lightgbm,7.367450231891307,7.583818825975838,0.08242747330736856,
La Gomera,162,165,2023-10-01,False,lightgbm_exog,9.210841181214017,10.552373436455412,0.10859434201883274,
La Gomera,165,168,2024-01-01,False,naive_estacional,6.353333333333339,7.3084745330335545,0.057510719374992414,
La Gomera,165,168,2024-01-01,False,sarima,4.161328207404334,4.813026241061638,0.03753527388420186,1.0
La Gomera,165,168,2024-01-01,False,lightgbm,6.613332986384644,7.233570846639863,0.060013796079167424,
La Gomera,165,168,2024-01-01,False,lightgbm_exog,7.354867794889681,8.53582077159132,0.06666051443533938,
La Gomera,168,171,2024-04-01,False,naive_estacional,13.370000000000003,19.5725666857126,0.3114722454577669,
La Gomera,168,171,2024-04-01,False,sarima,25.584360009492247,30.34120997503542,0.5728058976995583,0.6666666666666666
La Gomera,168,171,2024-04-01,False,lightgbm,16.898368182714787,20.147319050176595,0.3789072934334175,
La Gomera,168,171,2024-04-01,False,lightgbm_exog,13.635975988586372,18.66155818941203,0.31429046389116233,
La Gomera,171,174,2024-07-01,False,naive_estacional,4.166666666666669,4.716651354509894,0.06237473087116163,
La Gomera,171,174,2024-07-01,False,sarima,2.242541536131052,2.3026514090616517,0.0319740652825632,1.0
La Gomera,171,174,2024-07-01,False,lightgbm,3.9488017563891638,4.536711158090491,0.05458900109321723,
La Gomera,171,174,2024-07-01,False,lightgbm_exog,7.142986129394735,8.494333590513506,0.09830968276287573,
La Gomera,174,177,2024-10-01,False,naive_estacional,7.609999999999999,7.721331923098932,0.09165244545543016,
La Gomera,174,177,2024-10-01,False,sarima,8.265215341111888,8.628589742041783,0.1014939499805478,1.0
La Gomera,174,177,2024-10-01,False,lightgbm,6.261211950322912,7.887087209012553,0.07426937947252042,
La Gomera,174,177,2024-10-01,False,lightgbm_exog,6.993125000666514,8.255910652078168,0.08460458422228713,
La Gomera,177,180,2025-01-01,False,naive_estacional,11.443333333333333,13.846733670195775,0.09375168232345815,
La Gomera,177,180,2025-01-01,False,sarima,8.472318870049813,10.285553478571552,0.06933180845343946,1.0
La Gomera,177,180,2025-01-01,False,lightgbm,18.19927310959301,19.051380779675757,0.15049901783306588,
La Gomera,177,180,2025-01-01,False,lightgbm_exog,19.610644186688038,20.235645300075277,0.16282096405361432,
La Gomera,180,183,2025-04-01,False,naive_estacional,15.83,22.58185776237199,0.21505447117820764,
La Gomera,180,183,2025-04-01,False,sarima,9.59587973966439,10.559076053426761,0.15200337104561626,1.0
La Gomera,180,183,2025-04-01,False,lightgbm,5.906293371652022,6.96950328726361,0.10097175284299327,
La Gomera,180,183,2025-04-01,False,lightgbm_exog,12.029217706694597,13.150837386645335,0.18424838841505964,
La Gomera,183,186,2025-07-01,False,naive_estacional,2.453333333333331,3.2313361529456044,0.03438601282702125,
La Gomera,183,186,2025-07-01,False,sarima,2.729221135151844,3.692993333831978,0.037591550532432134,1.0
La Gomera,183,186,2025-07-01,False,lightgbm,2.4940392126406556,2.748113581617202,0.034357427447825085,
La Gomera,183,186,2025-07-01,False,lightgbm_exog,4.52141206935611,4.5518627615227985,0.06351992737705314,
La Gomera,186,189,2025-10-01,False,naive_estacional,14.360000000000005,17.170540663201805,0.13914962512022022,
La Gomera,186,189,2025-10-01,False,sarima,7.243292391098838,10.38522567862389,0.0646167572410372,1.0
La Gomera,186,189,2025-10-01,False,lightgbm,10.175326683203664,12.399274569734041,0.0993137597338584,
La Gomera,186,189,2025-10-01,False,lightgbm_exog,7.989048286250299,10.384434686709913,0.07712968484656903,
La Palma,36,39,2013-01-01,False,naive_estacional,6.196666666666666,7.841898154571166,0.45301989388331715,
La Palma,36,39,2013-01-01,False,sarima,6.317657694904195,7.926336696469807,0.45911915689320854,0.3333333333333333
La Palma,36,39,2013-01-01,False,lightgbm,2.7426636319234654,4.04728638935519,0.21357935749105864,
La Palma,36,39,2013-01-01,False,lightgbm_exog,6.083619353766683,7.060510575978307,0.43478983733970816,
La Palma,39,42,2013-04-01,False,naive_estacional,1.7999999999999998,2.3286190471321553,0.16317664543836133,
La Palma,39,42,2013-04-01,False,sarima,5.393691678871075,6.602883829957786,0.5360713689630864,0.6666666666666666
La Palma,39,42,2013-04-01,False,lightgbm,3.6402770170662984,4.207048149319489,0.3718899148612653,
La Palma,39,42,2013-04-01,False,lightgbm_exog,2.0258087946598398,2.248795520618634,0.19212163705927718,
La Palma,42,45,2013-07-01,False,naive_estacional,3.4499999999999993,3.9430402821511548,0.29029421246254783,
La Palma,42,45,2013-07-01,False,sarima,2.8385121265726325,3.662875233142471,0.21220138717097056,1.0
La Palma,42,45,2013-07-01,False,lightgbm,4.1842763216789605,5.063517733739842,0.33402890456516837,
La Palma,42,45,2013-07-01,False,lightgbm_exog,4.028672277620458,4.7645312637041215,0.44993393388492336,
La Palma,45,48,2013-10-01,False,naive_estacional,4.973333333333334,5.808889739012096,0.2503904226936122,
La Palma,45,48,2013-10-01,False,sarima,6.695979574200297,8.126657725601216,0.4074979978790645,0.3333333333333333
La Palma,45,48,2013-10-01,False,lightgbm,4.647198514114685,5.167475371332454,0.2443584418207647,
La Palma,45,48,2013-10-01,False,lightgbm_exog,6.516450502222856,6.8844778954078185,0.34967286459897823,
La Palma,48,51,2014-01-01,False,naive_estacional,7.546666666666666,7.979987468661839,0.33703582173815366,
La Palma,48,51,2014-01-01,False,sarima,5.197445406728547,5.8802365338400735,0.231089189077369,1.0
La Palma,48,51,2014-01-01,False,sarimax_exog,5.300083846576224,6.179444330926778,0.23600656040282972,1.0
La Palma,48,51,2014-01-01,False,lightgbm,5.413847996440879,5.769435235272317,0.2436157674418812,
La Palma,48,51,2014-01-01,False,lightgbm_exog,3.0476607504893423,3.5479761211137655,0.13863571182867077,
La Palma,51,54,2014-04-01,False,naive_estacional,5.09,5.110906638422058,0.40343840850168333,
La Palma,51,54,2014-04-01,False,sarima,4.807010755506958,5.939998829898296,0.4310023989439304,0.6666666666666666
La Palma,51,54,2014-04-01,False,sarimax_exog,10.946524425021906,10.958693850684783,0.8508178018767655,1.0
La Palma,51,54,2014-04-01,False,lightgbm,6.886578107311874,6.921118958996501,0.5505239855212157,
La Palma,51,54,2014-04-01,False,lightgbm_exog,6.035310239625635,6.149415327006738,0.4917193395185495,
La Palma,54,57,2014-07-01,False,naive_estacional,3.4000000000000004,4.578784409280117,0.2350347873626311,
La Palma,54,57,2014-07-01,False,sarima,2.229444646030622,2.587431214630482,0.19446715564867978,1.0
La Palma,54,57,2014-07-01,False,sarimax_exog,16.54324148810163,16.96845721006343,1.1653984621509934,0.0
La Palma,54,57,2014-07-01,False,lightgbm,1.6114975825319442,1.9423345551685738,0.13894165086237228,
La Palma,54,57,2014-07-01,False,lightgbm_exog,2.4670580923618233,3.045724028299366,0.16254743891632648,
La Palma,57,60,2014-10-01,False,naive_estacional,1.323333333333333,1.4308389147629441,0.07015501684958793,
La Palma,57,60,2014-10-01,False,sarima,1.7617195803525334,1.9018163869841131,0.10023638112745321,1.0
La Palma,57,60,2014-10-01,False,sarimax_exog,2.496988177230372,2.7895269815957833,0.14473711178797888,1.0
La Palma,57,60,2014-10-01,False,lightgbm,1.660248512529798,2.2567081666505224,0.0829630296048451,
La Palma,57,60,2014-10-01,False,lightgbm_exog,3.1866453802178643,3.273339188447738,0.174533476943464,
La Palma,60,63,2015-01-01,False,naive_estacional,1.9033333333333335,2.6850512099399517,0.07495292918454333,
La Palma,60,63,2015-01-01,False,sarima,2.853134405474235,3.297268866428446,0.1143714730999848,1.0
La Palma,60,63,2015-01-01,False,sarimax_exog,1.382640341638511,1.8752263831056406,0.05764052009774878,1.0
La Palma,60,63,2015-01-01,False,lightgbm,3.161760831182363,3.3091295645930594,0.12839883376507982,
La Palma,60,63,2015-01-01,False,lightgbm_exog,3.6188315277048715,5.129036220014831,0.142545090998089,
La Palma,63,66,2015-04-01,False,naive_estacional,7.869999999999998,8.68209460134285,0.3639699654229635,
La Palma,63,66,2015-04-01,False,sarima,3.7979826645059327,4.14016341052833,0.17665523864717578,1.0
La Palma,63,66,2015-04-01,False,sarimax_exog,5.022063839018238,6.204243940834761,0.22918507187577383,0.6666666666666666
La Palma,63,66,2015-04-01,False,lightgbm,10.49921049136857,10.712904052919399,0.492796246993273,
La Palma,63,66,2015-04-01,False,lightgbm_exog,8.503497552290986,8.649519239544368,0.3995642807469289,
La Palma,66,69,2015-07-01,False,naive_estacional,8.433333333333332,9.494229826584144,0.36212088784896873,
La Palma,66,69,2015-07-01,False,sarima,3.621809421345416,4.6716851460373,0.15577236412636772,1.0
La Palma,66,69,2015-07-01,False,sarimax_exog,4.0246930745768354,5.89418952840023,0.17422043802691578,0.6666666666666666
La Palma,66,69,2015-07-01,False,lightgbm,2.5406865205980402,2.6135913082032403,0.11039323156118246,
La Palma,66,69,2015-07-01,False,lightgbm_exog,4.001544141882964,4.351597860619373,0.1744300071466878,
La Palma,69,72,2015-10-01,False,naive_estacional,5.3133333333333335,5.3249788731975265,0.2203045654233383,
La Palma,69,72,2015-10-01,False,sarima,2.974378699052109,3.0138248948003326,0.12627087150757388,1.0
La Palma,69,72,2015-10-01,False,sarimax_exog,3.762536525240756,4.814026425383992,0.17362015479322648,1.0
La Palma,69,72,2015-10-01,False,lightgbm,3.7692382021611857,4.600738004710801,0.14502533763930692,
La Palma,69,72,2015-10-01,False,lightgbm_exog,2.2455528274167995,2.467043014351052,0.09137922102854591,
La Palma,72,75,2016-01-01,False,naive_estacional,4.843333333333333,5.728091596101909,0.15714116083871046,
La Palma,72,75,2016-01-01,False,sarima,2.800365602870645,3.3668881166122686,0.09909519147924095,1.0
La Palma,72,75,2016-01-01,False,sarimax_exog,3.268511796659817,4.4343263081853435,0.12208498522806051,1.0
La Palma,72,75,2016-01-01,False,lightgbm,3.2929952913197744,3.925759600203989,0.10731807019963306,
La Palma,72,75,2016-01-01,False,lightgbm_exog,4.236020482002252,4.483881590997888,0.1410555166800649,
La Palma,75,78,2016-04-01,False,naive_estacional,3.823333333333334,3.9102727952578116,0.1515277474793574,
La Palma,75,78,2016-04-01,False,sarima,2.287317894293885,2.87279328637391,0.08738427912898349,1.0
La Palma,75,78,2016-04-01,False,sarimax_exog,2.6168806818658616,2.9456406102986765,0.1034257809187734,1.0
La Palma,75,78,2016-04-01,False,lightgbm,2.200126474824914,2.335776046718852,0.08938506005511442,
La Palma,75,78,2016-04-01,False,lightgbm_exog,2.534440303088323,2.7926615509112627,0.09913978344415948,
La Palma,78,81,2016-07-01,False,naive_estacional,11.973333333333334,12.277912417562417,0.33688086695567937,
La Palma,78,81,2016-07-01,False,sarima,9.305081974445459,9.314354655131606,0.2656750497139914,0.0
La Palma,78,81,2016-07-01,False,sarimax_exog,9.40147556699993,9.616357541085714,0.2702930875370876,0.6666666666666666
La Palma,78,81,2016-07-01,False,lightgbm,11.027884553847167,11.339599512762483,0.31022282687450936,
La Palma,78,81,2016-07-01,False,lightgbm_exog,11.685801819114252,12.329337443894834,0.32843858577224994,
La Palma,81,84,2016-10-01,False,naive_estacional,13.476666666666665,13.524625687981164,0.3568926726769564,
La Palma,81,84,2016-10-01,False,sarima,2.436854703989519,2.774324092715049,0.06106467689691288,1.0
La Palma,81,84,2016-10-01,False,sarimax_exog,6.914997909906699,6.9571311100525355,0.18551974263604176,1.0
La Palma,81,84,2016-10-01,False,lightgbm,8.944009710662787,9.003375907150813,0.2359724738705786,
La Palma,81,84,2016-10-01,False,lightgbm_exog,8.396228510947477,8.804286169164243,0.21649228452616842,
La Palma,84,87,2017-01-01,False,naive_estacional,14.856666666666667,15.246889300225583,0.3358766442877814,
La Palma,84,87,2017-01-01,False,sarima,2.124058309785686,2.3134801736439696,0.047876660030058284,1.0
La Palma,84,87,2017-01-01,False,sarimax_exog,3.531158739368562,4.097297320853148,0.08036928118625238,1.0
La Palma,84,87,2017-01-01,False,lightgbm,6.349504412103428,6.403253654420763,0.14360515937059065,
La Palma,84,87,2017-01-01,False,lightgbm_exog,5.961212074914417,6.023999269954611,0.13471262105095277,
La Palma,87,90,2017-04-01,False,naive_estacional,4.36,5.23544331137934,0.1375888518838859,
La Palma,87,90,2017-04-01,False,sarima,9.620072763903641,10.306118578815843,0.3551479439005207,0.3333333333333333
La Palma,87,90,2017-04-01,False,sarimax_exog,9.817895946425919,10.46588792907692,0.35750859628620413,0.6666666666666666
La Palma,87,90,2017-04-01,False,lightgbm,8.21962558493564,8.619781429352903,0.2928255564806917,
La Palma,87,90,2017-04-01,False,lightgbm_exog,9.39050302023451,9.62867321442415,0.33798290205799403,
La Palma,90,93,2017-07-01,False,naive_estacional,0.5700000000000038,0.5714601181768252,0.01642116831549784,
La Palma,90,93,2017-07-01,False,sarima,3.8521183609936736,3.8842882589181325,0.11084271143168888,1.0
La Palma,90,93,2017-07-01,False,sarimax_exog,9.35565077090096,9.378895530148888,0.2672672589265982,1.0
La Palma,90,93,2017-07-01,False,lightgbm,3.4279702277883195,4.352517157349367,0.0981867566440429,
La Palma,90,93,2017-07-01,False,lightgbm_exog,4.041756809517918,4.42566895754165,0.11584191684976358,
La Palma,93,96,2017-10-01,False,naive_estacional,2.0433333333333366,3.0792693938660216,0.05955160566030549,
La Palma,93,96,2017-10-01,False,sarima,2.5814665793430103,2.93355003040743,0.07540179189128408,1.0
La Palma,93,96,2017-10-01,False,sarimax_exog,2.8184179783546788,3.032143863738353,0.08175745331238903,1.0
La Palma,93,96,2017-10-01,False,lightgbm,3.516841995888079,3.7009521232430207,0.1022400105797064,
La Palma,93,96,2017-10-01,False,lightgbm_exog,4.319350302354148,4.620519100858105,0.12699302122107603,
La Palma,96,99,2018-01-01,False,naive_estacional,0.8733333333333301,0.961353212924363,0.019992902154692568,
La Palma,96,99,2018-01-01,False,sarima,3.704895492306368,3.8423899120816025,0.08505900949997582,1.0
La Palma,96,99,2018-01-01,False,sarimax_exog,2.1816656634930496,2.3029291863179666,0.0499421072358292,1.0
La Palma,96,99,2018-01-01,False,lightgbm,1.7673039555515782,2.010456982801469,0.04087403408586626,
La Palma,96,99,2018-01-01,False,lightgbm_exog,3.158119916549701,3.273107681190529,0.07251342769314642,
La Palma,99,102,2018-04-01,False,naive_estacional,3.2600000000000016,3.650187209810844,0.1091731684542051,
La Palma,99,102,2018-04-01,False,sarima,6.54922603725752,6.871828583463053,0.23634365560620585,1.0
La Palma,99,102,2018-04-01,False,sarimax_exog,2.9038502293365056,3.1906012072237266,0.0977167659844592,1.0
La Palma,99,102,2018-04-01,False,lightgbm,6.316270914528229,7.472161303690813,0.2346724854332545,
La Palma,99,102,2018-04-01,False,lightgbm_exog,5.7579456763729695,6.737958869708605,0.21206165867459528,
La Palma,102,105,2018-07-01,False,naive_estacional,3.979999999999999,4.046389337009806,0.1018149152269154,
La Palma,102,105,2018-07-01,False,sarima,1.2788632500080535,1.478921162896672,0.032159691234941175,1.0
La Palma,102,105,2018-07-01,False,sarimax_exog,1.0140793681632256,1.3782417788877932,0.026511208584702028,1.0
La Palma,102,105,2018-07-01,False,lightgbm,4.016525046120285,4.465294563501545,0.10205131954362308,
La Palma,102,105,2018-07-01,False,lightgbm_exog,4.049702179025207,4.727792431357491,0.1018350788411498,
La Palma,105,108,2018-10-01,False,naive_estacional,3.6466666666666683,3.733434522438199,0.11255497732414015,
La Palma,105,108,2018-10-01,False,sarima,6.0953924425385635,6.417743584375271,0.18976725370434502,0.6666666666666666
La Palma,105,108,2018-10-01,False,sarimax_exog,7.141433111616069,7.279770413031759,0.21645840448698483,1.0
La Palma,105,108,2018-10-01,False,lightgbm,3.3093434385862017,4.522330807311802,0.11428694143072939,
La Palma,105,108,2018-10-01,False,lightgbm_exog,4.439842220851145,5.466266986232732,0.14847077849188842,
La Palma,108,111,2019-01-01,False,naive_estacional,3.4733333333333363,4.675204095366676,0.0708661659267175,
La Palma,108,111,2019-01-01,False,sarima,3.524270797498803,4.957854518703797,0.07106865166689415,1.0
La Palma,108,111,2019-01-01,False,sarimax_exog,2.70621700388376,3.6286778236271338,0.05470829242984745,1.0
La Palma,108,111,2019-01-01,False,lightgbm,4.171980844022268,5.451877327324413,0.08542462741305541,
La Palma,108,111,2019-01-01,False,lightgbm_exog,3.4952941035410277,4.645718804165957,0.07138467404031862,
La Palma,111,114,2019-04-01,False,naive_estacional,3.486666666666667,4.056772115857632,0.1050667169384693,
La Palma,111,114,2019-04-01,False,sarima,1.519982063992219,1.5907718952629575,0.04974792193033282,1.0
La Palma,111,114,2019-04-01,False,sarimax_exog,6.124126737967185,6.279712702601531,0.1983239746010649,1.0
La Palma,111,114,2019-04-01,False,lightgbm,4.113777966663417,4.345347968460426,0.1270119127423854,
La Palma,111,114,2019-04-01,False,lightgbm_exog,2.5025139380309036,2.78266778878678,0.07622058981165551,
La Palma,114,117,2019-07-01,False,naive_estacional,1.3099999999999976,1.6145277947437107,0.030770339024122403,
La Palma,114,117,2019-07-01,False,sarima,1.1168135671586583,1.3283069379739867,0.026999399301525357,1.0
La Palma,114,117,2019-07-01,False,sarimax_exog,1.4435411556180664,2.071207897089899,0.03744185391080141,1.0
La Palma,114,117,2019-07-01,False,lightgbm,3.4569236103410454,3.573105256447113,0.08610862212918331,
La Palma,114,117,2019-07-01,False,lightgbm_exog,3.4636812937040937,4.114742551323708,0.08224072226918377,
La Palma,117,120,2019-10-01,False,naive_estacional,6.623333333333335,6.782479880790902,0.16299626451174007,
La Palma,117,120,2019-10-01,False,sarima,2.270580462564226,2.6153026908445987,0.051950673744055355,1.0
La Palma,117,120,2019-10-01,False,sarimax_exog,2.801876132353918,2.9268899204477297,0.06730177388750311,1.0
La Palma,117,120,2019-10-01,False,lightgbm,6.472449627958684,7.9033611585015064,0.14513702893180389,
La Palma,117,120,2019-10-01,False,lightgbm_exog,4.654210718913814,5.6963423241334405,0.10469348841535088,
La Palma,120,123,2020-01-01,True,naive_estacional,10.743333333333334,16.27059617838265,0.42733103275001266,
La Palma,120,123,2020-01-01,True,sarima,12.020328324047577,16.895723549021806,0.4657229327848902,0.6666666666666666
La Palma,120,123,2020-01-01,True,sarimax_exog,11.776825870669972,15.19423216459729,0.43452142504478725,0.6666666666666666
La Palma,120,123,2020-01-01,True,lightgbm,9.312566373942923,14.825895424302475,0.38272901713730817,
La Palma,120,123,2020-01-01,True,lightgbm_exog,11.265628892863555,15.596651781042446,0.4332121618733698,
La Palma,123,126,2020-07-01,True,naive_estacional,19.406666666666666,22.447085928170424,1.238424595966204,
La Palma,123,126,2020-07-01,True,sarima,20.985090487507623,23.174695720492647,0.9556580108345502,0.0
La Palma,123,126,2020-07-01,True,sarimax_exog,35.02986660405852,40.2281631938551,1.0813014481974654,0.3333333333333333
La Palma,123,126,2020-07-01,True,lightgbm,14.728921441619086,18.111187668418204,1.0615563871330929,
La Palma,123,126,2020-07-01,True,lightgbm_exog,14.520655380524893,17.547268409302415,1.0211319574455442,
La Palma,126,129,2020-10-01,True,naive_estacional,21.28333333333333,22.168579115495877,1.1814529574195094,
La Palma,126,129,2020-10-01,True,sarima,21.527744116065822,22.17872467261343,1.1883886495978808,0.0
La Palma,126,129,2020-10-01,True,sarimax_exog,43.08975922645482,44.40477618707834,2.3608196907579293,0.0
La Palma,126,129,2020-10-01,True,lightgbm,12.483219716815436,18.751514692144802,0.7656535738602859,
La Palma,126,129,2020-10-01,True,lightgbm_exog,11.37030184655319,16.905512564420913,0.6962563551104108,
La Palma,129,132,2021-01-01,True,naive_estacional,27.893333333333334,28.675223916591598,2.232130162588494,
La Palma,129,132,2021-01-01,True,sarima,14.426659587686899,15.491033150267107,1.1674491378812744,0.6666666666666666
La Palma,129,132,2021-01-01,True,sarimax_exog,5.177072684472452,6.264057572523088,0.4347025076816744,1.0
La Palma,129,132,2021-01-01,True,lightgbm,17.226354899629055,17.51374934350264,1.350503821084749,
La Palma,129,132,2021-01-01,True,lightgbm_exog,10.756904282637805,10.857956828889353,0.8583798132677515,
La Palma,132,135,2021-04-01,True,naive_estacional,20.576666666666664,23.336430032604955,1.2297955005007286,
La Palma,132,135,2021-04-01,True,sarima,7.54643487031943,7.5615677397545795,0.4420841845117098,1.0
La Palma,132,135,2021-04-01,True,sarimax_exog,3.202533061434101,3.880513682567202,0.19059811923482073,1.0
La Palma,132,135,2021-04-01,True,lightgbm,2.9196507204610906,4.264978532631375,0.16588984572243737,
La Palma,132,135,2021-04-01,True,lightgbm_exog,1.8570137969333114,2.54024964660699,0.10486626839024349,
La Palma,135,138,2021-07-01,False,naive_estacional,14.39,18.29476883337602,0.34839456575773103,
La Palma,135,138,2021-07-01,False,sarima,39.517975090770484,40.442232051545346,0.8346302756442286,0.0
La Palma,135,138,2021-07-01,False,sarimax_exog,38.317167584759595,38.31722647302314,0.8384631412159301,0.0
La Palma,135,138,2021-07-01,False,lightgbm,21.396967561994074,24.63051695868813,0.44689004864344994,
La Palma,135,138,2021-07-01,False,lightgbm_exog,32.668547785149286,33.177623731632025,0.6948066938987116,
La Palma,138,141,2021-10-01,False,naive_estacional,5.376666666666666,5.988948154726337,0.2189736222158476,
La Palma,138,141,2021-10-01,False,sarima,6.692968623926859,7.250335691013021,0.27556636378626226,1.0
La Palma,138,141,2021-10-01,False,sarimax_exog,15.46138751758003,15.472310654053702,0.6338649883983049,1.0
La Palma,138,141,2021-10-01,False,lightgbm,12.095177401270726,12.813242226493072,0.49850366352873654,
La Palma,138,141,2021-10-01,False,lightgbm_exog,6.52822171512831,8.884043203735697,0.2715419284552035,
La Palma,141,144,2022-01-01,False,naive_estacional,8.81,10.065086520575303,0.3740649241173997,
La Palma,141,144,2022-01-01,False,sarima,4.126120689174531,4.475299067079069,0.18207292795376595,1.0
La Palma,141,144,2022-01-01,False,sarimax_exog,3.011072581644695,3.2109527818188015,0.1377926627683051,1.0
La Palma,141,144,2022-01-01,False,lightgbm,10.20217735428088,10.387246570632058,0.4818650736215208,
La Palma,141,144,2022-01-01,False,lightgbm_exog,5.03495293279703,6.489731837301223,0.21531194400497458,
La Palma,144,147,2022-04-01,False,naive_estacional,17.136666666666667,17.26467974410955,0.49944404947097837,
La Palma,144,147,2022-04-01,False,sarima,9.888756427889208,12.292821573101545,0.27787602548604884,0.6666666666666666
La Palma,144,147,2022-04-01,False,sarimax_exog,6.835791512420066,9.464162184017596,0.19039344092195007,1.0
La Palma,144,147,2022-04-01,False,lightgbm,7.280078325055883,7.698418311232465,0.21048256952453023,
La Palma,144,147,2022-04-01,False,lightgbm_exog,8.37752296600342,8.97718112932916,0.24074086450968982,
La Palma,147,150,2022-07-01,False,naive_estacional,18.513333333333332,21.622943062096486,0.25849386042780415,
La Palma,147,150,2022-07-01,False,sarima,29.600289716211552,33.1034293662865,0.425936081030364,0.0
La Palma,147,150,2022-07-01,False,sarimax_exog,12.02630068860781,16.173391799288762,0.15383221988899434,0.6666666666666666
La Palma,147,150,2022-07-01,False,lightgbm,22.46709424750821,26.293411406673506,0.31437937044809244,
La Palma,147,150,2022-07-01,False,lightgbm_exog,23.735688404031595,28.473765326663447,0.328336713648336,
La Palma,150,153,2022-10-01,False,naive_estacional,19.69,20.00250400991503,0.44319671629649804,
La Palma,150,153,2022-10-01,False,sarima,10.221254027624559,10.490653264238636,0.22953305589202508,1.0
La Palma,150,153,2022-10-01,False,sarimax_exog,5.441290857055821,5.777741279444358,0.1271589654985031,1.0
La Palma,150,153,2022-10-01,False,lightgbm,10.967170491900163,13.453288737624296,0.2414149806668245,
La Palma,150,153,2022-10-01,False,lightgbm_exog,4.270350744810341,6.015812050246074,0.09083006263801069,
La Palma,153,156,2023-01-01,False,naive_estacional,20.343333333333337,20.84755541224598,0.48706804687334854,
La Palma,153,156,2023-01-01,False,sarima,7.019887256162261,8.065996913706334,0.1634096717260671,1.0
La Palma,153,156,2023-01-01,False,sarimax_exog,2.868573689116353,3.108266666906232,0.06664637576888585,1.0
La Palma,153,156,2023-01-01,False,lightgbm,6.696699662573333,7.043090971860763,0.1591024546000691,
La Palma,153,156,2023-01-01,False,lightgbm_exog,4.891526341084789,7.029388857123703,0.10834566067590129,
La Palma,156,159,2023-04-01,False,naive_estacional,3.780000000000001,4.02569248701388,0.12045620999080518,
La Palma,156,159,2023-04-01,False,sarima,15.796906827766184,16.231214415132357,0.5068233391490405,1.0
La Palma,156,159,2023-04-01,False,sarimax_exog,16.434165474810936,16.488926835600658,0.5204726206223548,1.0
La Palma,156,159,2023-04-01,False,lightgbm,1.5763490585725215,2.0831985177830474,0.05265618181900505,
La Palma,156,159,2023-04-01,False,lightgbm_exog,4.5247272126858915,4.691138911452693,0.13923737489395147,
La Palma,159,162,2023-07-01,False,naive_estacional,21.21333333333333,26.43854257203549,0.4554368256071406,
La Palma,159,162,2023-07-01,False,sarima,21.35304348500775,24.337806017468836,0.46703020250728616,0.6666666666666666
La Palma,159,162,2023-07-01,False,sarimax_exog,17.00788387483397,21.294917297799877,0.3661422348382739,0.6666666666666666
La Palma,159,162,2023-07-01,False,lightgbm,2.6623654049635896,3.13793992207821,0.06267739071926516,
La Palma,159,162,2023-07-01,False,lightgbm_exog,2.8934213765755863,3.156669855699821,0.0680748309550037,
La Palma,162,165,2023-10-01,False,naive_estacional,16.083333333333332,16.102839294153476,0.2679970872887363,
La Palma,162,165,2023-10-01,False,sarima,29.537754748714956,29.71770699175341,0.4894119081732205,0.0
La Palma,162,165,2023-10-01,False,sarimax_exog,31.355332507429694,31.38236021188222,0.5212557986363278,0.0
La Palma,162,165,2023-10-01,False,lightgbm,21.996527964943027,22.47361801727208,0.3632281590418604,
La Palma,162,165,2023-10-01,False,lightgbm_exog,10.031472593332344,11.762284959059967,0.16576695112526896,
La Palma,165,168,2024-01-01,False,naive_estacional,20.55,20.81567438254163,0.3285910951802576,
La Palma,165,168,2024-01-01,False,sarima,13.829829955955537,13.881600510077785,0.22096775128532867,1.0
La Palma,165,168,2024-01-01,False,sarimax_exog,14.677819496096916,14.720103814089716,0.23441465566096722,1.0
La Palma,165,168,2024-01-01,False,lightgbm,23.822050817221623,23.908445004725838,0.3802489062293866,
La Palma,165,168,2024-01-01,False,lightgbm_exog,25.9336695372688,25.969034512793304,0.4139142665312048,
La Palma,168,171,2024-04-01,False,naive_estacional,3.8466666666666653,5.348881503018487,0.09857478733679326,
La Palma,168,171,2024-04-01,False,sarima,18.173339246957735,18.55024166691616,0.5259529144075881,0.3333333333333333
La Palma,168,171,2024-04-01,False,sarimax_exog,15.83287955049155,16.206280563732374,0.450459835017374,0.6666666666666666
La Palma,168,171,2024-04-01,False,lightgbm,10.267290623164646,11.634032261863835,0.2783207187895729,
La Palma,168,171,2024-04-01,False,lightgbm_exog,10.661312100067619,11.544174786736365,0.2905432407712715,
La Palma,171,174,2024-07-01,False,naive_estacional,7.186666666666667,7.762246238471611,0.1347854505760202,
La Palma,171,174,2024-07-01,False,sarima,10.532149090890485,11.711681930699285,0.20009366077215032,1.0
La Palma,171,174,2024-07-01,False,sarimax_exog,5.54319215348644,6.79381265635173,0.10328332698559332,1.0
La Palma,171,174,2024-07-01,False,lightgbm,4.237035820967319,6.1672411205575655,0.08974320792681191,
La Palma,171,174,2024-07-01,False,lightgbm_exog,7.683519696290548,9.47296879022831,0.1385962139384357,
La Palma,174,177,2024-10-01,False,naive_estacional,9.35666666666667,14.270249939413583,0.22656687803741912,
La Palma,174,177,2024-10-01,False,sarima,8.669715794500753,11.323448438878167,0.19868280655384352,0.6666666666666666
La Palma,174,177,2024-10-01,False,sarimax_exog,7.786814693084288,11.122245282493141,0.18492889473026197,0.6666666666666666
La Palma,174,177,2024-10-01,False,lightgbm,10.033724291695663,12.744692715793779,0.22895322853190936,
La Palma,174,177,2024-10-01,False,lightgbm_exog,9.78308155602537,10.464549172047088,0.20955834607498436,
La Palma,177,180,2025-01-01,False,naive_estacional,1.1100000000000019,1.4676398286591543,0.018119792707290226,
La Palma,177,180,2025-01-01,False,sarima,6.847599712617483,7.149452900264465,0.11127066535492953,1.0
La Palma,177,180,2025-01-01,False,sarimax_exog,2.605894886947091,3.539210390475768,0.042454171196269125,1.0
La Palma,177,180,2025-01-01,False,lightgbm,4.66743520586621,4.761571653215547,0.07579647554692859,
La Palma,177,180,2025-01-01,False,lightgbm_exog,4.391639107407717,5.9385884983476585,0.07099980358805044,
La Palma,180,183,2025-04-01,False,naive_estacional,4.399999999999999,5.517396729134733,0.10717734364499269,
La Palma,180,183,2025-04-01,False,sarima,9.942110580381291,11.126035410195755,0.30254125272553706,1.0
La Palma,180,183,2025-04-01,False,sarimax_exog,4.513672458490884,4.779072844241757,0.12011077040490925,1.0
La Palma,180,183,2025-04-01,False,lightgbm,11.690187582130568,12.955946850898984,0.3556545698595159,
La Palma,180,183,2025-04-01,False,lightgbm_exog,6.86050271721999,7.263915708783125,0.20059793403726647,
La Palma,183,186,2025-07-01,False,naive_estacional,12.206666666666665,12.82572934898181,0.3086551993239872,
La Palma,183,186,2025-07-01,False,sarima,14.553173932949784,15.189664454326117,0.36378761329406917,1.0
La Palma,183,186,2025-07-01,False,sarimax_exog,9.777018888334583,10.447336840066798,0.2433137311370351,1.0
La Palma,183,186,2025-07-01,False,lightgbm,11.279704902850936,12.137485300211065,0.2982053504845819,
La Palma,183,186,2025-07-01,False,lightgbm_exog,7.618153590380125,7.874577297144205,0.19994618167651232,
La Palma,186,189,2025-10-01,False,naive_estacional,6.87666666666667,7.007626797520926,0.11835457145448414,
La Palma,186,189,2025-10-01,False,sarima,5.768009586467488,6.20471132419215,0.09466129343990255,1.0
La Palma,186,189,2025-10-01,False,sarimax_exog,6.839379607189616,7.953014485437594,0.10798514176279606,1.0
La Palma,186,189,2025-10-01,False,lightgbm,7.452538236706043,7.719501589680386,0.1253231410641766,
La Palma,186,189,2025-10-01,False,lightgbm_exog,18.439054063121905,19.310878050708222,0.307907940521364,
Lanzarote,36,39,2013-01-01,False,naive_estacional,1.7000000000000028,1.791889133475248,0.040775521718928905,
Lanzarote,36,39,2013-01-01,False,sarima,3.3323974622105275,4.091382204837794,0.07750763221473293,0.6666666666666666
Lanzarote,36,39,2013-01-01,False,lightgbm,4.268980322103111,4.490196795830607,0.10287080005793742,
Lanzarote,36,39,2013-01-01,False,lightgbm_exog,2.3571953139500033,2.6707666777329258,0.05577050542508819,
Lanzarote,39,42,2013-04-01,False,naive_estacional,0.9600000000000009,1.1608043188525219,0.02541167392171434,
Lanzarote,39,42,2013-04-01,False,sarima,2.19566510217305,2.5157220893655072,0.056590530942122214,1.0
Lanzarote,39,42,2013-04-01,False,lightgbm,1.6259726848534466,1.6720089793100197,0.041437068896284596,
Lanzarote,39,42,2013-04-01,False,lightgbm_exog,1.7606424023584755,1.810138518013506,0.04561223328975156,
Lanzarote,42,45,2013-07-01,False,naive_estacional,3.9233333333333342,4.88500767655487,0.07146320913357178,
Lanzarote,42,45,2013-07-01,False,sarima,3.8807938760201757,4.986944114522245,0.07039853693406536,0.6666666666666666
Lanzarote,42,45,2013-07-01,False,lightgbm,3.1930973403229217,4.408154184246427,0.057100620934468826,
Lanzarote,42,45,2013-07-01,False,lightgbm_exog,3.347136628180351,4.309384359114099,0.060860125922995216,
Lanzarote,45,48,2013-10-01,False,naive_estacional,14.096666666666666,14.497026131819817,0.2526766547445776,
Lanzarote,45,48,2013-10-01,False,sarima,13.254215053005188,13.674381067056466,0.23741972568833003,0.0
Lanzarote,45,48,2013-10-01,False,lightgbm,11.133904211397345,11.899150106630021,0.19842638343907745,
Lanzarote,45,48,2013-10-01,False,lightgbm_exog,9.959828965715758,11.415729678514223,0.17662377819762698,
Lanzarote,48,51,2014-01-01,False,naive_estacional,15.44,15.486762088958427,0.2692779191582087,
Lanzarote,48,51,2014-01-01,False,sarima,1.31170183765105,1.536937702924463,0.023620822215948547,1.0
Lanzarote,48,51,2014-01-01,False,sarimax_exog,16.90992629718943,17.68399210110788,0.2904323926086534,0.0
Lanzarote,48,51,2014-01-01,False,lightgbm,13.582579456769245,14.09573602084958,0.23369294961542178,
Lanzarote,48,51,2014-01-01,False,lightgbm_exog,12.463376906808248,12.67450051312619,0.2158175731759052,
Lanzarote,51,54,2014-04-01,False,naive_estacional,10.633333333333333,11.730777183687929,0.20381071700532202,
Lanzarote,51,54,2014-04-01,False,sarima,6.040594254009551,7.269512506154886,0.13490035753645493,0.6666666666666666
Lanzarote,51,54,2014-04-01,False,sarimax_exog,49.05583243796639,68.30361225131443,0.9953008386938297,0.3333333333333333
Lanzarote,51,54,2014-04-01,False,lightgbm,5.291951748990113,7.401300920584278,0.1233530956533166,
Lanzarote,51,54,2014-04-01,False,lightgbm_exog,6.267218416899439,7.738919337369576,0.14054177600294915,
Lanzarote,54,57,2014-07-01,False,naive_estacional,13.72,13.847919217942698,0.21129691568277542,
Lanzarote,54,57,2014-07-01,False,sarima,3.358867063270518,3.6868088640188863,0.051055198367494704,1.0
Lanzarote,54,57,2014-07-01,False,sarimax_exog,6.146183607685565,7.596465504508718,0.09402510988579975,1.0
Lanzarote,54,57,2014-07-01,False,lightgbm,13.437320747275571,14.314296060428985,0.20265382286502187,
Lanzarote,54,57,2014-07-01,False,lightgbm_exog,12.130286571348352,13.557416885799347,0.18141525255593918,
Lanzarote,57,60,2014-10-01,False,naive_estacional,6.643333333333331,7.659375518495831,0.10498481952765172,
Lanzarote,57,60,2014-10-01,False,sarima,4.338678303457819,4.651499309322701,0.06969106554126055,1.0
Lanzarote,57,60,2014-10-01,False,sarimax_exog,5.344199824795467,7.237145366512805,0.08821012346455605,1.0
Lanzarote,57,60,2014-10-01,False,lightgbm,2.8064419853417895,3.396325654784354,0.04616417694685667,
Lanzarote,57,60,2014-10-01,False,lightgbm_exog,2.2012621782514636,2.2474522758873356,0.03566515128861559,
Lanzarote,60,63,2015-01-01,False,naive_estacional,5.730000000000004,5.773673007713551,0.09065334962669065,
Lanzarote,60,63,2015-01-01,False,sarima,1.3450724542318113,1.6085833484187024,0.020755321700415302,1.0
Lanzarote,60,63,2015-01-01,False,sarimax_exog,2.639721640772059,2.7946966840300567,0.043013414991433775,1.0
Lanzarote,60,63,2015-01-01,False,lightgbm,2.4479419870186256,3.073149067166228,0.037970573472406066,
Lanzarote,60,63,2015-01-01,False,lightgbm_exog,2.7925575484462684,3.277874943706909,0.04400042096231277,
Lanzarote,63,66,2015-04-01,False,naive_estacional,4.586666666666669,5.910425816583214,0.08829926598245004,
Lanzarote,63,66,2015-04-01,False,sarima,5.344597664530933,5.397688427751728,0.0976607786030211,1.0
Lanzarote,63,66,2015-04-01,False,sarimax_exog,8.030313884183045,8.050472705708604,0.14782460230614627,0.6666666666666666
Lanzarote,63,66,2015-04-01,False,lightgbm,3.7472993775866876,3.998298648702446,0.0677728147910029,
Lanzarote,63,66,2015-04-01,False,lightgbm_exog,5.533018168713196,5.57019494011496,0.10126675695474802,
Lanzarote,66,69,2015-07-01,False,naive_estacional,4.786666666666664,5.268832887841478,0.0662363355956622,
Lanzarote,66,69,2015-07-01,False,sarima,2.490039179954285,3.0457594575279408,0.033815814529136214,1.0
Lanzarote,66,69,2015-07-01,False,sarimax_exog,2.835725271051151,3.4544117935325738,0.039742990786157874,1.0
Lanzarote,66,69,2015-07-01,False,lightgbm,4.756292824032054,6.270496198362583,0.06383857750369973,
Lanzarote,66,69,2015-07-01,False,lightgbm_exog,6.909596562060862,7.842628719231959,0.09510509726127091,
Lanzarote,69,72,2015-10-01,False,naive_estacional,2.483333333333332,3.512990179320173,0.04152255159774105,
Lanzarote,69,72,2015-10-01,False,sarima,7.609380601175718,7.695840059504128,0.1258224177295468,0.6666666666666666
Lanzarote,69,72,2015-10-01,False,sarimax_exog,5.772509294475841,6.0272004878130865,0.09580673335375045,0.6666666666666666
Lanzarote,69,72,2015-10-01,False,lightgbm,5.123550183409567,5.78606423866894,0.0855538615415159,
Lanzarote,69,72,2015-10-01,False,lightgbm_exog,3.827897987838393,5.603978275987317,0.0643706649830179,
Lanzarote,72,75,2016-01-01,False,naive_estacional,1.8299999999999983,2.133580714823476,0.02817583756778097,
Lanzarote,72,75,2016-01-01,False,sarima,1.732107390033666,2.076148125249498,0.025657337750167365,1.0
Lanzarote,72,75,2016-01-01,False,sarimax_exog,3.2350625651526648,3.5490116553973383,0.04855442222227463,1.0
Lanzarote,72,75,2016-01-01,False,lightgbm,2.575852831902869,2.7733477206365063,0.039882377815634924,
Lanzarote,72,75,2016-01-01,False,lightgbm_exog,3.369053954331813,3.571554262938963,0.05093499799616887,
Lanzarote,75,78,2016-04-01,False,naive_estacional,4.433333333333333,4.5335343092705624,0.07595841947298874,
Lanzarote,75,78,2016-04-01,False,sarima,2.5675178691227694,2.816196301864014,0.04341448501608841,1.0
Lanzarote,75,78,2016-04-01,False,sarimax_exog,6.992353096272541,7.948304058143539,0.12111106488170799,1.0
Lanzarote,75,78,2016-04-01,False,lightgbm,2.121710235759508,2.1809630539537133,0.03628700521077362,
Lanzarote,75,78,2016-04-01,False,lightgbm_exog,1.8104150741341272,2.1299774786729193,0.0311604324244079,
Lanzarote,78,81,2016-07-01,False,naive_estacional,6.88,7.54941498837272,0.08924956438178461,
Lanzarote,78,81,2016-07-01,False,sarima,4.322281520580607,4.980474966270666,0.054918434297889084,0.6666666666666666
Lanzarote,78,81,2016-07-01,False,sarimax_exog,10.070446668670696,10.329459001035444,0.13295295240092356,0.6666666666666666
Lanzarote,78,81,2016-07-01,False,lightgbm,12.119455571867297,12.661794919032854,0.15491599796573097,
Lanzarote,78,81,2016-07-01,False,lightgbm_exog,10.9160797148229,11.908903670925042,0.13865603659865058,
Lanzarote,81,84,2016-10-01,False,naive_estacional,7.609999999999997,8.014272684820913,0.11083141413425816,
Lanzarote,81,84,2016-10-01,False,sarima,2.9547632213178616,3.150708461400926,0.043447715020281365,1.0
Lanzarote,81,84,2016-10-01,False,sarimax_exog,4.729312361637487,5.472897039039433,0.06849171035064382,0.6666666666666666
Lanzarote,81,84,2016-10-01,False,lightgbm,6.200325777085972,6.423793099571129,0.09035714324236521,
Lanzarote,81,84,2016-10-01,False,lightgbm_exog,4.812475333638839,5.455705509444369,0.07065717707556272,
Lanzarote,84,87,2017-01-01,False,naive_estacional,8.24333333333333,8.392685307258137,0.11366390493966062,
Lanzarote,84,87,2017-01-01,False,sarima,2.8569183092769825,3.188635969106169,0.039489213331781854,1.0
Lanzarote,84,87,2017-01-01,False,sarimax_exog,5.069994893674116,5.933598032811295,0.07085570454369014,0.6666666666666666
Lanzarote,84,87,2017-01-01,False,lightgbm,1.1232961372943795,1.4710206151973648,0.014907464048281416,
Lanzarote,84,87,2017-01-01,False,lightgbm_exog,3.8141405460583258,4.405024644444806,0.05328732651193304,
Lanzarote,87,90,2017-04-01,False,naive_estacional,10.670000000000002,11.117255356726618,0.150878586662235,
Lanzarote,87,90,2017-04-01,False,sarima,3.9153587684382742,4.188583857483888,0.055047352651455765,1.0
Lanzarote,87,90,2017-04-01,False,sarimax_exog,3.582022832792989,3.7047085659187045,0.05074314572479407,1.0
Lanzarote,87,90,2017-04-01,False,lightgbm,3.5252494825105103,4.392266692747001,0.04818179155815241,
Lanzarote,87,90,2017-04-01,False,lightgbm_exog,3.343992563201944,4.133531102056567,0.04565386919655557,
Lanzarote,90,93,2017-07-01,False,naive_estacional,11.936666666666673,12.196957270838773,0.13310305335069053,
Lanzarote,90,93,2017-07-01,False,sarima,6.624994890683709,7.294384687615983,0.07229884729506775,0.3333333333333333
Lanzarote,90,93,2017-07-01,False,sarimax_exog,5.27046012859095,6.005869681714859,0.05717440128015839,0.6666666666666666
Lanzarote,90,93,2017-07-01,False,lightgbm,14.160724998077137,14.649501024797742,0.15686215394894049,
Lanzarote,90,93,2017-07-01,False,lightgbm_exog,12.402681445152211,13.924519978320834,0.1347657404855592,
Lanzarote,93,96,2017-10-01,False,naive_estacional,7.826666666666668,8.07458977286153,0.10211718682315547,
Lanzarote,93,96,2017-10-01,False,sarima,4.641685507965865,4.968339049698139,0.061837881491680145,1.0
Lanzarote,93,96,2017-10-01,False,sarimax_exog,2.0988894629072328,2.2789020897420347,0.027214293920695038,1.0
Lanzarote,93,96,2017-10-01,False,lightgbm,2.8804839165768263,3.045091626997948,0.038244501204565184,
Lanzarote,93,96,2017-10-01,False,lightgbm_exog,6.36677962146651,7.993853067660524,0.08556161074561307,
Lanzarote,96,99,2018-01-01,False,naive_estacional,6.323333333333338,7.109939052715812,0.07912136412098804,
Lanzarote,96,99,2018-01-01,False,sarima,3.163041506759162,3.61399378981085,0.040018988897568504,1.0
Lanzarote,96,99,2018-01-01,False,sarimax_exog,6.462960040300582,7.185803993768681,0.08163482507369345,0.6666666666666666
Lanzarote,96,99,2018-01-01,False,lightgbm,2.7979789530282866,2.8382824694747892,0.0353635398949974,
Lanzarote,96,99,2018-01-01,False,lightgbm_exog,4.114932748127619,5.1374637102076335,0.05165588728082665,
Lanzarote,99,102,2018-04-01,False,naive_estacional,3.166666666666669,3.9236462633626923,0.046814024542790676,
Lanzarote,99,102,2018-04-01,False,sarima,6.406736149777942,6.639639127500734,0.09695918412496496,1.0
Lanzarote,99,102,2018-04-01,False,sarimax_exog,2.5456913831580152,2.974401053333557,0.037433427186948545,1.0
Lanzarote,99,102,2018-04-01,False,lightgbm,11.174813661541242,11.802601001485172,0.17090981232238267,
Lanzarote,99,102,2018-04-01,False,lightgbm_exog,13.242067623862448,14.036335680798986,0.19648359097546186,
Lanzarote,102,105,2018-07-01,False,naive_estacional,6.660000000000001,6.822028046458521,0.08117557631041618,
Lanzarote,102,105,2018-07-01,False,sarima,1.9276322232061556,2.0466656318682186,0.02342892390543352,1.0
Lanzarote,102,105,2018-07-01,False,sarimax_exog,6.381189738676734,7.256131459841782,0.07879907057181451,0.6666666666666666
Lanzarote,102,105,2018-07-01,False,lightgbm,9.169654180205754,9.905187693161928,0.11155838628733238,
Lanzarote,102,105,2018-07-01,False,lightgbm_exog,5.991941066513419,7.600472494169438,0.06926757817204411,
Lanzarote,105,108,2018-10-01,False,naive_estacional,5.953333333333333,6.741686238125691,0.0866281739667795,
Lanzarote,105,108,2018-10-01,False,sarima,3.9616967486480896,4.775878852402316,0.05833612470299534,1.0
Lanzarote,105,108,2018-10-01,False,sarimax_exog,3.1636466013671054,3.357356195565381,0.044888754143444176,1.0
Lanzarote,105,108,2018-10-01,False,lightgbm,7.431072321665411,8.444624222994399,0.10757140297559258,
Lanzarote,105,108,2018-10-01,False,lightgbm_exog,10.642985682014185,11.417807917749322,0.15193976121909802,
Lanzarote,108,111,2019-01-01,False,naive_estacional,8.466666666666669,9.424814763873792,0.12423725545093596,
Lanzarote,108,111,2019-01-01,False,sarima,3.7152329333341307,3.885633366901191,0.053642312696666604,1.0
Lanzarote,108,111,2019-01-01,False,sarimax_exog,6.600904152685918,6.736582634766347,0.09361732812316202,0.6666666666666666
Lanzarote,108,111,2019-01-01,False,lightgbm,9.901708701670733,10.924495411930865,0.14503743469939517,
Lanzarote,108,111,2019-01-01,False,lightgbm_exog,8.077260748743461,8.940585766563133,0.11853803097905453,
Lanzarote,111,114,2019-04-01,False,naive_estacional,2.6300000000000026,3.2802591361049505,0.03610602092214051,
Lanzarote,111,114,2019-04-01,False,sarima,3.5013261334864154,4.109919596568232,0.049021286827758366,1.0
Lanzarote,111,114,2019-04-01,False,sarimax_exog,3.344975777948124,3.6086621108365198,0.04753261461187513,1.0
Lanzarote,111,114,2019-04-01,False,lightgbm,5.489927379480787,6.124675280852334,0.0802399132208287,
Lanzarote,111,114,2019-04-01,False,lightgbm_exog,4.764402193054335,5.956858168755114,0.07233253080041258,
Lanzarote,114,117,2019-07-01,False,naive_estacional,5.189999999999998,5.300971609054324,0.06007257387558241,
Lanzarote,114,117,2019-07-01,False,sarima,2.5208292171717943,2.9345490387896453,0.02884379278563806,1.0
Lanzarote,114,117,2019-07-01,False,sarimax_exog,1.7355825425342932,2.5939915294442177,0.020631844380365045,1.0
Lanzarote,114,117,2019-07-01,False,lightgbm,6.241634443116358,6.269088926092672,0.07139296248737058,
Lanzarote,114,117,2019-07-01,False,lightgbm_exog,3.5091612029897967,4.276128333358602,0.038611367411439876,
Lanzarote,117,120,2019-10-01,False,naive_estacional,8.226666666666665,8.549935672272627,0.10519505496643712,
Lanzarote,117,120,2019-10-01,False,sarima,2.3932005345392233,2.579960130751617,0.03069368989027844,1.0
Lanzarote,117,120,2019-10-01,False,sarimax_exog,2.233429491003444,3.0856440968515466,0.02865733040108069,1.0
Lanzarote,117,120,2019-10-01,False,lightgbm,2.6166123748896837,2.6465443179366015,0.033516757783388675,
Lanzarote,117,120,2019-10-01,False,lightgbm_exog,3.587002737092149,3.972086686695067,0.04570774507386019,
Lanzarote,120,123,2020-01-01,True,naive_estacional,17.03666666666667,22.155487657312655,0.3573100388920419,
Lanzarote,120,123,2020-01-01,True,sarima,18.623128953864832,26.128812786402182,0.4058336860445935,0.3333333333333333
Lanzarote,120,123,2020-01-01,True,sarimax_exog,14.952614239518327,22.237444046577735,0.3343357944545249,0.6666666666666666
Lanzarote,120,123,2020-01-01,True,lightgbm,13.008523019821915,21.641331775591816,0.3050761562106537,
Lanzarote,120,123,2020-01-01,True,lightgbm_exog,16.503999079452466,24.145224624251274,0.36628490724548635,
Lanzarote,123,126,2020-07-01,True,naive_estacional,41.88666666666668,43.56704718017966,1.8186537089233468,
Lanzarote,123,126,2020-07-01,True,sarima,20.925001315719648,22.313522833132637,0.9291096593167776,0.3333333333333333
Lanzarote,123,126,2020-07-01,True,sarimax_exog,25.298597758033747,28.946237258889962,0.9913278730798085,0.3333333333333333
Lanzarote,123,126,2020-07-01,True,lightgbm,44.50323970567636,45.84232192570975,1.9327091774280933,
Lanzarote,123,126,2020-07-01,True,lightgbm_exog,30.640143728013005,32.34269142668668,1.3690398823056533,
Lanzarote,126,129,2020-10-01,True,naive_estacional,66.7,67.01856508958295,3.2200513740717223,
Lanzarote,126,129,2020-10-01,True,sarima,20.09759537859588,21.217611592313535,0.9808120563882814,0.3333333333333333
Lanzarote,126,129,2020-10-01,True,sarimax_exog,18.532565389157273,24.852174051971986,0.8746324362929897,0.6666666666666666
Lanzarote,126,129,2020-10-01,True,lightgbm,11.27917654427354,11.567530346571585,0.5397660966718675,
Lanzarote,126,129,2020-10-01,True,lightgbm_exog,9.894577144642998,9.995668260759256,0.47756742326730217,
Lanzarote,129,132,2021-01-01,True,naive_estacional,67.85333333333334,67.88902660469756,6.491364829978406,
Lanzarote,129,132,2021-01-01,True,sarima,4.119913264628119,4.963871459108209,0.41489712707153475,1.0
Lanzarote,129,132,2021-01-01,True,sarimax_exog,8.9316989868373,9.433267500239799,0.8361721222764945,1.0
Lanzarote,129,132,2021-01-01,True,lightgbm,10.135710809116942,10.309574551027438,0.9864225579707928,
Lanzarote,129,132,2021-01-01,True,lightgbm_exog,11.68001818712427,11.827456749834486,1.1285196912372422,
Lanzarote,132,135,2021-04-01,True,naive_estacional,44.21666666666667,48.16884089671801,2.5723071183542365,
Lanzarote,132,135,2021-04-01,True,sarima,2.425586043683625,2.5989073777825955,0.1402896174031031,1.0
Lanzarote,132,135,2021-04-01,True,sarimax_exog,6.937803039891446,8.635671817572579,0.3305215915871546,1.0
Lanzarote,132,135,2021-04-01,True,lightgbm,7.634755883247202,8.24740800377264,0.38333525905370874,
Lanzarote,132,135,2021-04-01,True,lightgbm_exog,5.294060357043503,5.862565435195663,0.2631896372242845,
Lanzarote,135,138,2021-07-01,False,naive_estacional,31.793333333333333,34.341599652122596,0.5229422650393859,
Lanzarote,135,138,2021-07-01,False,sarima,44.9662351376563,47.79731882626472,0.7341128914313856,0.0
Lanzarote,135,138,2021-07-01,False,sarimax_exog,41.34238038383602,44.299544060432936,0.6767604748397589,0.0
Lanzarote,135,138,2021-07-01,False,lightgbm,21.825192258750594,25.276477555934854,0.354607398697794,
Lanzarote,135,138,2021-07-01,False,lightgbm_exog,23.360453840880467,27.057890582444937,0.3902600294577046,
Lanzarote,138,141,2021-10-01,False,naive_estacional,61.35999999999999,61.81715673392514,0.7438403987251823,
Lanzarote,138,141,2021-10-01,False,sarima,6.306663283477708,6.679709689371372,0.07682361653497645,1.0
Lanzarote,138,141,2021-10-01,False,sarimax_exog,18.853228527819372,23.34269439629507,0.24684025930748457,1.0
Lanzarote,138,141,2021-10-01,False,lightgbm,16.7324804305625,18.603235822713316,0.19611503791333773,
Lanzarote,138,141,2021-10-01,False,lightgbm_exog,18.43131939965527,18.92155834494801,0.22122234256576312,
Lanzarote,141,144,2022-01-01,False,naive_estacional,66.89666666666666,68.7033781314039,0.8587626547252135,
Lanzarote,141,144,2022-01-01,False,sarima,19.20025979005933,20.85108101770076,0.23997977271695695,0.6666666666666666
Lanzarote,141,144,2022-01-01,False,sarimax_exog,18.49947287206404,19.58494613079162,0.23262727626672222,0.6666666666666666
Lanzarote,141,144,2022-01-01,False,lightgbm,20.018838241170595,21.917466001303918,0.24843801156920878,
Lanzarote,141,144,2022-01-01,False,lightgbm_exog,12.76039122357311,13.838351769036954,0.15961124623686238,
Lanzarote,144,147,2022-04-01,False,naive_estacional,65.76,66.53422327394125,0.7712981133321315,
Lanzarote,144,147,2022-04-01,False,sarima,9.47678229645589,13.47758214659462,0.12217189253218151,1.0
Lanzarote,144,147,2022-04-01,False,sarimax_exog,12.773571224670263,15.31864325017412,0.16126663027064725,1.0
Lanzarote,144,147,2022-04-01,False,lightgbm,10.320998846736623,10.650608102912052,0.12005044970439455,
Lanzarote,144,147,2022-04-01,False,lightgbm_exog,11.814481796797244,13.061391005466431,0.13615701837173297,
Lanzarote,147,150,2022-07-01,False,naive_estacional,48.199999999999996,49.796273622296944,0.44822200561863057,
Lanzarote,147,150,2022-07-01,False,sarima,26.47999389919732,27.64485454554095,0.24250637004507447,0.3333333333333333
Lanzarote,147,150,2022-07-01,False,sarimax_exog,32.50543887638468,40.122971677607396,0.3156167404760803,0.6666666666666666
Lanzarote,147,150,2022-07-01,False,lightgbm,29.700401542665187,31.550391508223317,0.2709228810513699,
Lanzarote,147,150,2022-07-01,False,lightgbm_exog,27.43086573232017,28.833535747380644,0.25109295061111464,
Lanzarote,150,153,2022-10-01,False,naive_estacional,14.266666666666666,15.431865300950063,0.148582824236877,
Lanzarote,150,153,2022-10-01,False,sarima,12.22856029783675,12.598654560926509,0.12689284592440161,1.0
Lanzarote,150,153,2022-10-01,False,sarimax_exog,10.291866441480172,12.97648815520291,0.10701613389034124,1.0
Lanzarote,150,153,2022-10-01,False,lightgbm,8.660849745643537,9.017260380974587,0.08933603830907548,
Lanzarote,150,153,2022-10-01,False,lightgbm_exog,10.24012900615081,10.808671965424091,0.10550998287944897,
Lanzarote,153,156,2023-01-01,False,naive_estacional,22.986666666666668,26.464787926601645,0.23339103327583435,
Lanzarote,153,156,2023-01-01,False,sarima,8.305621442280048,9.266087299974831,0.08376460921566675,1.0
Lanzarote,153,156,2023-01-01,False,sarimax_exog,15.601783871923042,15.936206560560786,0.1561096644453214,0.6666666666666666
Lanzarote,153,156,2023-01-01,False,lightgbm,8.620317145477955,10.608714210645509,0.08380513498381092,
Lanzarote,153,156,2023-01-01,False,lightgbm_exog,10.57943384431467,11.077301326253009,0.1043059284881569,
Lanzarote,156,159,2023-04-01,False,naive_estacional,4.476666666666669,4.591241662121481,0.05025387468046975,
Lanzarote,156,159,2023-04-01,False,sarima,10.051402907624867,11.599773697765004,0.11951897515833827,1.0
Lanzarote,156,159,2023-04-01,False,sarimax_exog,11.298913145643175,14.380121415120174,0.12675849344205703,1.0
Lanzarote,156,159,2023-04-01,False,lightgbm,10.757726776711854,16.022784113131493,0.13163073181386808,
Lanzarote,156,159,2023-04-01,False,lightgbm_exog,8.376676612633736,12.498846096411748,0.10203590207633646,
Lanzarote,159,162,2023-07-01,False,naive_estacional,4.183333333333337,4.204414346850228,0.03770988411889587,
Lanzarote,159,162,2023-07-01,False,sarima,4.788900048476303,5.114633143347342,0.044401508407875524,1.0
Lanzarote,159,162,2023-07-01,False,sarimax_exog,13.840502649915985,17.255870441728575,0.12928559445056592,1.0
Lanzarote,159,162,2023-07-01,False,lightgbm,14.18397793808569,16.58208854346481,0.12153319881013296,
Lanzarote,159,162,2023-07-01,False,lightgbm_exog,16.11308302779763,19.632524130610477,0.1370215724381231,
Lanzarote,162,165,2023-10-01,False,naive_estacional,13.220000000000004,14.607644117607288,0.11863057704555163,
Lanzarote,162,165,2023-10-01,False,sarima,6.782309532110901,6.802856165136768,0.06206776063524668,1.0
Lanzarote,162,165,2023-10-01,False,sarimax_exog,28.66539193561587,33.620488085484325,0.25811713209561854,1.0
Lanzarote,162,165,2023-10-01,False,lightgbm,8.653130408452972,8.746829205637011,0.07865402299929036,
Lanzarote,162,165,2023-10-01,False,lightgbm_exog,9.508105001400102,9.603735575708905,0.0863363903175089,
Lanzarote,165,168,2024-01-01,False,naive_estacional,16.713333333333328,17.040506643485298,0.14163430022697854,
Lanzarote,165,168,2024-01-01,False,sarima,4.385798869134959,4.574711488518322,0.0381653939466936,1.0
Lanzarote,165,168,2024-01-01,False,sarimax_exog,4.18029992660954,4.389320153632185,0.03536846408719541,1.0
Lanzarote,165,168,2024-01-01,False,lightgbm,9.575208700849686,11.560805572924908,0.0789076918316202,
Lanzarote,165,168,2024-01-01,False,lightgbm_exog,9.075169781836712,10.729975980533597,0.07495949807155287,
Lanzarote,168,171,2024-04-01,False,naive_estacional,4.236666666666665,4.491521642680424,0.04649267835599303,
Lanzarote,168,171,2024-04-01,False,sarima,20.488959942921113,20.521554016834088,0.22049211064663146,0.6666666666666666
Lanzarote,168,171,2024-04-01,False,sarimax_exog,41.75750212967456,43.80508737763571,0.45258434364812555,0.3333333333333333
Lanzarote,168,171,2024-04-01,False,lightgbm,18.105235659674644,19.781190174267785,0.1985474073560757,
Lanzarote,168,171,2024-04-01,False,lightgbm_exog,15.966629601857568,17.4262328827227,0.17431023943478804,
Lanzarote,171,174,2024-07-01,False,naive_estacional,13.35,13.885890920883206,0.10865833930779471,
Lanzarote,171,174,2024-07-01,False,sarima,7.68760086539172,8.547949301115999,0.062439241816264666,1.0
Lanzarote,171,174,2024-07-01,False,sarimax_exog,22.902480392157898,23.68303844665149,0.18712567955794332,0.6666666666666666
Lanzarote,171,174,2024-07-01,False,lightgbm,15.40614585434676,16.002443892866193,0.1219876216468616,
Lanzarote,171,174,2024-07-01,False,lightgbm_exog,19.15701309588259,20.48963217961115,0.1510347030767119,
Lanzarote,174,177,2024-10-01,False,naive_estacional,13.139999999999995,13.27954316483314,0.10716062202459588,
Lanzarote,174,177,2024-10-01,False,sarima,2.7514762990597035,3.08000114382538,0.02234147574678395,1.0
Lanzarote,174,177,2024-10-01,False,sarimax_exog,9.344455118670888,9.524123449091194,0.07577060453150296,1.0
Lanzarote,174,177,2024-10-01,False,lightgbm,3.161020038956783,3.234605557039687,0.02581738563107201,
Lanzarote,174,177,2024-10-01,False,lightgbm_exog,4.5445777997557615,5.39648164270909,0.036918392739937626,
Lanzarote,177,180,2025-01-01,False,naive_estacional,12.776666666666666,13.51901993489173,0.09857626623495434,
Lanzarote,177,180,2025-01-01,False,sarima,3.4371734507456986,3.917497939985412,0.02630666885981703,1.0
Lanzarote,177,180,2025-01-01,False,sarimax_exog,18.91682955286537,23.19503106777791,0.1441889304192352,1.0
Lanzarote,177,180,2025-01-01,False,lightgbm,5.077045199346202,5.95948577241789,0.03831937331390877,
Lanzarote,177,180,2025-01-01,False,lightgbm_exog,4.878146098690398,5.820613440339343,0.036798301289713904,
Lanzarote,180,183,2025-04-01,False,naive_estacional,12.156666666666666,12.990177058069689,0.11232735760158724,
Lanzarote,180,183,2025-04-01,False,sarima,4.922407654313773,5.3068378569294605,0.04853683414565446,1.0
Lanzarote,180,183,2025-04-01,False,sarimax_exog,24.329073211108255,26.01900846622244,0.2361595640973756,1.0
Lanzarote,180,183,2025-04-01,False,lightgbm,4.077887045388849,6.1232223713638545,0.03480791166901826,
Lanzarote,180,183,2025-04-01,False,lightgbm_exog,4.925552714255001,5.281557722451379,0.04723078608406924,
Lanzarote,183,186,2025-07-01,False,naive_estacional,8.169999999999996,9.589940910488792,0.058506777207308715,
Lanzarote,183,186,2025-07-01,False,sarima,6.117117117547863,6.722900487779117,0.04525222898387308,1.0
Lanzarote,183,186,2025-07-01,False,sarimax_exog,5.086824225763412,5.602036371009089,0.03698050534683211,1.0
Lanzarote,183,186,2025-07-01,False,lightgbm,12.376828243829513,12.448239119515675,0.09305682397419712,
Lanzarote,183,186,2025-07-01,False,lightgbm_exog,11.334634687159772,11.541873641114503,0.08492924360719094,
Lanzarote,186,189,2025-10-01,False,naive_estacional,2.8333333333333335,3.4472887897592837,0.022597521315835385,
Lanzarote,186,189,2025-10-01,False,sarima,2.82333899807656,3.1380131026006377,0.022474757910759573,1.0
Lanzarote,186,189,2025-10-01,False,sarimax_exog,24.99285845275477,27.15263645586105,0.19802171332899246,1.0
Lanzarote,186,189,2025-10-01,False,lightgbm,3.8714124046640706,4.361162746505693,0.030654469496633557,
Lanzarote,186,189,2025-10-01,False,lightgbm_exog,3.006659463075659,3.308238878462358,0.02403073833741401,
Tenerife,36,39,2013-01-01,False,naive_estacional,4.363333333333334,5.971323136458121,0.06641890208667067,
Tenerife,36,39,2013-01-01,False,sarima,2.912463129156677,3.480471208829758,0.04447910420588033,0.6666666666666666
Tenerife,36,39,2013-01-01,False,lightgbm,6.791460354129247,8.58272655331275,0.10278293990606518,
Tenerife,36,39,2013-01-01,False,lightgbm_exog,6.51834724698148,7.563116705628818,0.09934173448606864,
Tenerife,39,42,2013-04-01,False,naive_estacional,3.0166666666666657,3.4262370028939904,0.07057604434555291,
Tenerife,39,42,2013-04-01,False,sarima,5.541725220078365,8.026621654468798,0.11549731736376416,0.6666666666666666
Tenerife,39,42,2013-04-01,False,lightgbm,6.247648440118255,6.308221011738428,0.14043040655427566,
Tenerife,39,42,2013-04-01,False,lightgbm_exog,8.638345585541545,9.377607609646853,0.1931650862518656,
Tenerife,42,45,2013-07-01,False,naive_estacional,3.3533333333333317,3.547712878273361,0.06195541318023706,
Tenerife,42,45,2013-07-01,False,sarima,1.2666023871822627,1.33056529729,0.023482602551675363,1.0
Tenerife,42,45,2013-07-01,False,lightgbm,3.843751449777656,4.434448191876249,0.07276401707596682,
Tenerife,42,45,2013-07-01,False,lightgbm_exog,2.0410144631674143,2.1516103051342874,0.038344788563765074,
Tenerife,45,48,2013-10-01,False,naive_estacional,6.88333333333333,7.21313847549502,0.10633245116629357,
Tenerife,45,48,2013-10-01,False,sarima,5.2268223363841955,5.552859545989984,0.08046520174318429,0.3333333333333333
Tenerife,45,48,2013-10-01,False,lightgbm,8.744166180196501,9.5427134667107,0.13416645883784495,
Tenerife,45,48,2013-10-01,False,lightgbm_exog,8.470684859489408,9.79602916096812,0.12828766502643243,
Tenerife,48,51,2014-01-01,False,naive_estacional,7.336666666666666,7.696720080657734,0.10284734771515498,
Tenerife,48,51,2014-01-01,False,sarima,2.9987485841211026,3.790246408559869,0.042081940235170395,1.0
Tenerife,48,51,2014-01-01,False,sarimax_exog,3.475023430066367,4.294810422223216,0.04914717318147533,1.0
Tenerife,48,51,2014-01-01,False,lightgbm,8.888197272792567,9.08158924748575,0.12422700376735614,
Tenerife,48,51,2014-01-01,False,lightgbm_exog,13.583638425014835,13.752629914402211,0.19007382656153815,
Tenerife,51,54,2014-04-01,False,naive_estacional,5.046666666666664,6.3559578349765635,0.09297368769436996,
Tenerife,51,54,2014-04-01,False,sarima,4.318374228421497,4.383082795541871,0.09040743181056447,1.0
Tenerife,51,54,2014-04-01,False,sarimax_exog,5.157112759832098,5.507728928201286,0.10947466618813777,1.0
Tenerife,51,54,2014-04-01,False,lightgbm,7.269653925179857,8.654761202133491,0.16164443022683458,
Tenerife,51,54,2014-04-01,False,lightgbm_exog,6.068964493257447,7.352185734490458,0.13505285230392108,
Tenerife,54,57,2014-07-01,False,naive_estacional,3.6400000000000006,3.786748825399788,0.06292327888095596,
Tenerife,54,57,2014-07-01,False,sarima,1.7486797127035676,2.021388756328885,0.03203068926630203,1.0
Tenerife,54,57,2014-07-01,False,sarimax_exog,5.344626867953532,6.348588197996192,0.0913935173098404,1.0
Tenerife,54,57,2014-07-01,False,lightgbm,4.1380853677394995,5.181352702552064,0.07263397683599922,
Tenerife,54,57,2014-07-01,False,lightgbm_exog,2.185612116184776,2.563359025535643,0.03706057828554188,
Tenerife,57,60,2014-10-01,False,naive_estacional,3.876666666666665,4.257373995003648,0.05854664510710602,
Tenerife,57,60,2014-10-01,False,sarima,1.3903751458257598,1.4467031243632567,0.02086713363924714,1.0
Tenerife,57,60,2014-10-01,False,sarimax_exog,1.6247526675350439,1.8801206024017185,0.024617900765816454,1.0
Tenerife,57,60,2014-10-01,False,lightgbm,2.709178263198621,2.7655057438167474,0.04039498498519211,
Tenerife,57,60,2014-10-01,False,lightgbm_exog,2.9772569155534874,3.280831097400613,0.04456786177209935,
Tenerife,60,63,2015-01-01,False,naive_estacional,3.4166666666666665,3.4316808320899157,0.04569291569139792,
Tenerife,60,63,2015-01-01,False,sarima,0.5751284634024216,0.640466486246521,0.0077503438560264995,1.0
Tenerife,60,63,2015-01-01,False,sarimax_exog,0.8682041766679826,1.2474667993654593,0.011768680151158409,1.0
Tenerife,60,63,2015-01-01,False,lightgbm,3.2659843337623706,3.350429416600254,0.043574251250630046,
Tenerife,60,63,2015-01-01,False,lightgbm_exog,4.466124030862143,4.584133668165694,0.059490248799615314,
Tenerife,63,66,2015-04-01,False,naive_estacional,4.466666666666666,4.49573872313179,0.08363994040381516,
Tenerife,63,66,2015-04-01,False,sarima,1.2802854303045166,1.4550634483907077,0.022887954433591425,1.0
Tenerife,63,66,2015-04-01,False,sarimax_exog,1.7895789427360356,2.0064739575689683,0.03294467520623399,1.0
Tenerife,63,66,2015-04-01,False,lightgbm,6.661742209240695,7.098118133586635,0.12400778243418081,
Tenerife,63,66,2015-04-01,False,lightgbm_exog,5.160282811740231,5.805791802218831,0.09670653056043442,
Tenerife,66,69,2015-07-01,False,naive_estacional,9.269999999999998,9.345496241505849,0.13944630843560832,
Tenerife,66,69,2015-07-01,False,sarima,4.725336131751843,4.916141999374684,0.07022013873951267,0.6666666666666666
Tenerife,66,69,2015-07-01,False,sarimax_exog,1.7853405903874442,1.9993005369978258,0.026065604509026934,1.0
Tenerife,66,69,2015-07-01,False,lightgbm,6.956973553635128,8.903679278238883,0.10006038598075227,
Tenerife,66,69,2015-07-01,False,lightgbm_exog,5.094516696842175,6.828484990782682,0.07328581756794972,
Tenerife,69,72,2015-10-01,False,naive_estacional,9.313333333333333,9.419104699138519,0.1208517231199555,
Tenerife,69,72,2015-10-01,False,sarima,1.0830491346988538,1.3895333837630683,0.013672762221824957,1.0
Tenerife,69,72,2015-10-01,False,sarimax_exog,1.569662070772362,1.8668658858810805,0.020827023962912177,1.0
Tenerife,69,72,2015-10-01,False,lightgbm,7.225428508487795,7.727377297224318,0.09247756263116362,
Tenerife,69,72,2015-10-01,False,lightgbm_exog,7.27969833504028,7.89057224551022,0.09293773855319609,
Tenerife,72,75,2016-01-01,False,naive_estacional,12.530000000000001,12.685531128021404,0.1428245038073778,
Tenerife,72,75,2016-01-01,False,sarima,3.1475465113005754,3.7792969069595452,0.035227923150306116,1.0
Tenerife,72,75,2016-01-01,False,sarimax_exog,2.9131359200025835,3.274262113485082,0.03279330446710828,1.0
Tenerife,72,75,2016-01-01,False,lightgbm,10.502521108330319,11.032530487814974,0.11900258947115987,
Tenerife,72,75,2016-01-01,False,lightgbm_exog,10.981509722064933,11.41423899044801,0.12470233796931494,
Tenerife,75,78,2016-04-01,False,naive_estacional,11.266666666666671,11.858254508990777,0.17512514210463873,
Tenerife,75,78,2016-04-01,False,sarima,3.1755183499366026,3.910260179404045,0.04620803217706268,1.0
Tenerife,75,78,2016-04-01,False,sarimax_exog,3.0630489096657763,3.855387934699004,0.04459006856488553,0.6666666666666666
Tenerife,75,78,2016-04-01,False,lightgbm,4.9509384017905065,5.064324960957402,0.0751968624813441,
Tenerife,75,78,2016-04-01,False,lightgbm_exog,3.734091649610214,4.233113957683299,0.05635041329936583,
Tenerife,78,81,2016-07-01,False,naive_estacional,10.80666666666667,10.883482898410787,0.14060311236965353,
Tenerife,78,81,2016-07-01,False,sarima,1.186124653040963,1.2358473595986081,0.01539531854419092,1.0
Tenerife,78,81,2016-07-01,False,sarimax_exog,3.4300024954502057,4.809394237156408,0.04610578862684884,1.0
Tenerife,78,81,2016-07-01,False,lightgbm,0.552799520901066,0.5686323088678834,0.007316137251092344,
Tenerife,78,81,2016-07-01,False,lightgbm_exog,1.1877082096311444,1.2350656074420205,0.015548166082229036,
Tenerife,81,84,2016-10-01,False,naive_estacional,6.849999999999999,7.259171210728305,0.08256807110917008,
Tenerife,81,84,2016-10-01,False,sarima,1.4522630002338464,1.6436664091743423,0.017573967381012173,1.0
Tenerife,81,84,2016-10-01,False,sarimax_exog,1.426163237013493,1.5923743432056403,0.017215065695770044,1.0
Tenerife,81,84,2016-10-01,False,lightgbm,1.3512930011470796,1.60289796794295,0.016385654752105617,
Tenerife,81,84,2016-10-01,False,lightgbm_exog,1.4304771272318864,1.7867238178907683,0.017373703075582943,
Tenerife,84,87,2017-01-01,False,naive_estacional,4.88333333333333,5.183232582086201,0.053204364153371854,
Tenerife,84,87,2017-01-01,False,sarima,1.4638819916719303,1.7611171904109804,0.01577377676622561,1.0
Tenerife,84,87,2017-01-01,False,sarimax_exog,1.6705354551116756,2.2337226291471994,0.01823356219080564,1.0
Tenerife,84,87,2017-01-01,False,lightgbm,4.49489402915798,4.906039192031405,0.04837882470864241,
Tenerife,84,87,2017-01-01,False,lightgbm_exog,5.881852388645901,6.186619518944738,0.06341563232457037,
Tenerife,87,90,2017-04-01,False,naive_estacional,5.300000000000002,7.192111419233344,0.06899560353573066,
Tenerife,87,90,2017-04-01,False,sarima,3.5242269482844883,3.752129078084339,0.04922870804168556,1.0
Tenerife,87,90,2017-04-01,False,sarimax_exog,5.164435542460457,5.798712346452528,0.07026951692745591,0.6666666666666666
Tenerife,87,90,2017-04-01,False,lightgbm,8.491205213829977,8.632136581376228,0.12403251132953214,
Tenerife,87,90,2017-04-01,False,lightgbm_exog,8.950323110303657,8.99798502299797,0.13034755242784501,
Tenerife,90,93,2017-07-01,False,naive_estacional,2.4666666666666637,2.536887857198262,0.03179979534544577,
Tenerife,90,93,2017-07-01,False,sarima,2.7442718161546793,3.320746428233874,0.034081787206831436,1.0
Tenerife,90,93,2017-07-01,False,sarimax_exog,3.2267980483055916,3.7248959033657245,0.04024592568621996,1.0
Tenerife,90,93,2017-07-01,False,lightgbm,5.640098311109033,5.946861159479012,0.0729332710282486,
Tenerife,90,93,2017-07-01,False,lightgbm_exog,5.409680115802175,5.500338308620139,0.06959464640597593,
Tenerife,93,96,2017-10-01,False,naive_estacional,2.5566666666666626,2.602825387919822,0.03132811121233129,
Tenerife,93,96,2017-10-01,False,sarima,5.384263540750912,5.640162087570003,0.06591962015072078,0.6666666666666666
Tenerife,93,96,2017-10-01,False,sarimax_exog,5.440640322770562,5.808355829088824,0.06654833006114431,0.6666666666666666
Tenerife,93,96,2017-10-01,False,lightgbm,3.973579035229676,4.476775073311104,0.04941537955274727,
Tenerife,93,96,2017-10-01,False,lightgbm_exog,4.672387637895421,5.508583179618871,0.058329387062580035,
Tenerife,96,99,2018-01-01,False,naive_estacional,2.096666666666664,2.6952365387846724,0.023263504677592393,
Tenerife,96,99,2018-01-01,False,sarima,2.0447913943032083,2.739830567936583,0.022678939935005263,1.0
Tenerife,96,99,2018-01-01,False,sarimax_exog,2.3305871898308603,2.661374867806925,0.025871516309299413,1.0
Tenerife,96,99,2018-01-01,False,lightgbm,0.7777366240745351,0.8459190529592658,0.008625468445172828,
Tenerife,96,99,2018-01-01,False,lightgbm_exog,0.7488920406128111,0.7590100267977364,0.008311260248045765,
Tenerife,99,102,2018-04-01,False,naive_estacional,4.419999999999997,4.746008849549271,0.06508016744880459,
Tenerife,99,102,2018-04-01,False,sarima,2.297762543816828,2.5755315824332032,0.036054170307656314,1.0
Tenerife,99,102,2018-04-01,False,sarimax_exog,3.9276164934812243,4.613841003708078,0.06228017683242162,1.0
Tenerife,99,102,2018-04-01,False,lightgbm,7.823600051217189,8.552621525864488,0.11519623436916311,
Tenerife,99,102,2018-04-01,False,lightgbm_exog,7.653310992330489,8.238227222949858,0.11271892601036045,
Tenerife,102,105,2018-07-01,False,naive_estacional,2.2533333333333303,2.5386085427519776,0.030470447072112255,
Tenerife,102,105,2018-07-01,False,sarima,1.0676283481194513,1.321329080879198,0.013330874133070734,1.0
Tenerife,102,105,2018-07-01,False,sarimax_exog,1.8181526008062054,1.86306226266873,0.024007795470303784,1.0
Tenerife,102,105,2018-07-01,False,lightgbm,3.8821821162091035,4.243208705350127,0.052253829826984094,
Tenerife,102,105,2018-07-01,False,lightgbm_exog,3.9437049863042404,4.5548641901966604,0.05347633248097594,
Tenerife,105,108,2018-10-01,False,naive_estacional,1.5933333333333337,1.9491365609759963,0.0191074472588763,
Tenerife,105,108,2018-10-01,False,sarima,1.0208393622922547,1.2875906166463869,0.012410552242471092,1.0
Tenerife,105,108,2018-10-01,False,sarimax_exog,2.527910541002844,2.6103869016649734,0.030733002899437662,1.0
Tenerife,105,108,2018-10-01,False,lightgbm,2.8711350555481183,3.3661303181763023,0.03513450994558839,
Tenerife,105,108,2018-10-01,False,lightgbm_exog,2.6312684075130854,3.0848735261327107,0.032176728614439355,
Tenerife,108,111,2019-01-01,False,naive_estacional,2.336666666666664,3.0492239449844702,0.027071574178578608,
Tenerife,108,111,2019-01-01,False,sarima,2.7879996415158956,3.320240447926486,0.0320870692566689,1.0
Tenerife,108,111,2019-01-01,False,sarimax_exog,4.255402354695657,4.5653687739677755,0.04877446697367094,1.0
Tenerife,108,111,2019-01-01,False,lightgbm,4.367002505043284,4.696388018925573,0.05009950940497946,
Tenerife,108,111,2019-01-01,False,lightgbm_exog,4.019097209756334,4.407098543815443,0.04617296404864521,
Tenerife,111,114,2019-04-01,False,naive_estacional,0.4999999999999976,0.5408018737640113,0.0078622852483504,
Tenerife,111,114,2019-04-01,False,sarima,1.7680058109129912,2.063331873980061,0.02841073609192427,1.0
Tenerife,111,114,2019-04-01,False,sarimax_exog,1.659059049733995,1.8592458492251211,0.026442056269670583,1.0
Tenerife,111,114,2019-04-01,False,lightgbm,4.031299135890333,4.042117264383335,0.061224834379565184,
Tenerife,111,114,2019-04-01,False,lightgbm_exog,3.7006594433174365,3.7249006437634096,0.05699135416212825,
Tenerife,114,117,2019-07-01,False,naive_estacional,2.0400000000000063,2.647766354244022,0.02639467491039014,
Tenerife,114,117,2019-07-01,False,sarima,1.2941976007378788,1.598810457105502,0.016833539411706133,1.0
Tenerife,114,117,2019-07-01,False,sarimax_exog,0.8513096919385864,1.069292840744428,0.011088427305891399,1.0
Tenerife,114,117,2019-07-01,False,lightgbm,3.7937254738424286,4.212054336030163,0.050166628646414024,
Tenerife,114,117,2019-07-01,False,lightgbm_exog,3.2206858568959404,3.5722432905296393,0.04290127192275304,
Tenerife,117,120,2019-10-01,False,naive_estacional,1.5166666666666704,1.665743077428213,0.01916310316018585,
Tenerife,117,120,2019-10-01,False,sarima,1.0408663882931204,1.396483356128905,0.012615735130125996,1.0
Tenerife,117,120,2019-10-01,False,sarimax_exog,1.1757181202706353,1.550307935754651,0.014244696360814066,1.0
Tenerife,117,120,2019-10-01,False,lightgbm,1.251914424012483,1.3925633294620203,0.015671710198487798,
Tenerife,117,120,2019-10-01,False,lightgbm_exog,1.201760962968559,1.545223460071493,0.014914307325835756,
Tenerife,120,123,2020-01-01,True,naive_estacional,15.893333333333333,26.791263501372985,0.401156297597381,
Tenerife,120,123,2020-01-01,True,sarima,16.663159387680853,28.1028129020628,0.4207979300582885,0.6666666666666666
Tenerife,120,123,2020-01-01,True,sarimax_exog,16.94236910548049,29.204851027271875,0.43314566860134657,0.6666666666666666
Tenerife,120,123,2020-01-01,True,lightgbm,16.68243232953692,28.183115290513424,0.4216159925413237,
Tenerife,120,123,2020-01-01,True,lightgbm_exog,16.528167017022835,27.849038326671998,0.4170901399373887,
Tenerife,123,126,2020-07-01,True,naive_estacional,33.050000000000004,35.36035303368261,1.1044497719627016,
Tenerife,123,126,2020-07-01,True,sarima,18.042078041991132,23.471734270204653,0.6451587887798879,0.3333333333333333
Tenerife,123,126,2020-07-01,True,sarimax_exog,24.579974900016627,27.95800353129103,0.8461063273246857,0.3333333333333333
Tenerife,123,126,2020-07-01,True,lightgbm,32.47407425786804,34.13389965635865,1.0767960293901802,
Tenerife,123,126,2020-07-01,True,lightgbm_exog,30.473390988344036,32.805375289320025,1.0192466800266877,
Tenerife,126,129,2020-10-01,True,naive_estacional,44.26,44.7422179453217,1.5469822692154336,
Tenerife,126,129,2020-10-01,True,sarima,16.40165670402548,17.595290476535215,0.5893172067418089,0.3333333333333333
Tenerife,126,129,2020-10-01,True,sarimax_exog,8.317016635590102,9.423729214501986,0.2927583890244649,1.0
Tenerife,126,129,2020-10-01,True,lightgbm,5.739690290283075,6.367748415826837,0.2091975368979592,
Tenerife,126,129,2020-10-01,True,lightgbm_exog,4.226467900549083,5.28939884803419,0.16492486781099325,
Tenerife,129,132,2021-01-01,True,naive_estacional,53.879999999999995,54.0258203701403,2.1911258924887105,
Tenerife,129,132,2021-01-01,True,sarima,16.140877376649712,16.711201708449966,0.6841751981931644,0.3333333333333333
Tenerife,129,132,2021-01-01,True,sarimax_exog,12.023583832913012,13.03372840865417,0.5256718512930405,0.6666666666666666
Tenerife,129,132,2021-01-01,True,lightgbm,7.844871359137308,9.202990283528955,0.3607331305249735,
Tenerife,129,132,2021-01-01,True,lightgbm_exog,11.742619998969715,13.372129755858326,0.5316848885279428,
Tenerife,132,135,2021-04-01,True,naive_estacional,37.343333333333334,43.27324462066601,1.0258830899664793,
Tenerife,132,135,2021-04-01,True,sarima,13.146462477251355,19.645592081385985,0.3969856461016172,0.6666666666666666
Tenerife,132,135,2021-04-01,True,sarimax_exog,6.610321562736419,6.992125563601539,0.18509502481315931,1.0
Tenerife,132,135,2021-04-01,True,lightgbm,8.691264131875704,8.77080501388298,0.24892056832727683,
Tenerife,132,135,2021-04-01,True,lightgbm_exog,9.443987246115736,9.512669665308964,0.2666143437175558,
Tenerife,135,138,2021-07-01,False,naive_estacional,24.396666666666665,25.69482762477045,0.41980781805896994,
Tenerife,135,138,2021-07-01,False,sarima,45.88158620241347,47.66610383508902,0.7786878417784459,0.0
Tenerife,135,138,2021-07-01,False,sarimax_exog,58.9282417710065,66.31248638916205,0.9676329435827831,0.0
Tenerife,135,138,2021-07-01,False,lightgbm,11.983587980945536,13.375837959922729,0.20080505930904036,
Tenerife,135,138,2021-07-01,False,lightgbm_exog,19.46765797600586,20.25316860031465,0.33010566095333144,
Tenerife,138,141,2021-10-01,False,naive_estacional,54.276666666666664,55.03585104275212,0.6377894303851782,
Tenerife,138,141,2021-10-01,False,sarima,13.109455317400702,14.165984113360958,0.15318219759254947,0.6666666666666666
Tenerife,138,141,2021-10-01,False,sarimax_exog,18.680092343869923,18.750625130810572,0.22166539920508047,0.6666666666666666
Tenerife,138,141,2021-10-01,False,lightgbm,21.508145400264272,22.00799224918581,0.25197202030232074,
Tenerife,138,141,2021-10-01,False,lightgbm_exog,23.225588493532317,23.46882837340107,0.2730621995249204,
Tenerife,141,144,2022-01-01,False,naive_estacional,58.0,58.315255865568034,0.6904393262843613,
Tenerife,141,144,2022-01-01,False,sarima,8.454416957265968,8.657656055699587,0.10328035517166402,1.0
Tenerife,141,144,2022-01-01,False,sarimax_exog,4.714019274418807,5.213622953092737,0.06095602937350612,1.0
Tenerife,141,144,2022-01-01,False,lightgbm,20.35236671155936,23.21535534111999,0.2266199566673026,
Tenerife,141,144,2022-01-01,False,lightgbm_exog,17.067258308169595,20.681118827049875,0.18534161695137794,
Tenerife,144,147,2022-04-01,False,naive_estacional,43.20666666666667,44.72283309451672,0.5411835312380148,
Tenerife,144,147,2022-04-01,False,sarima,14.04390586831937,20.242060877567237,0.19947193268426314,0.6666666666666666
Tenerife,144,147,2022-04-01,False,sarimax_exog,11.81780193335184,17.375472023248243,0.17069520201657132,0.6666666666666666
Tenerife,144,147,2022-04-01,False,lightgbm,5.714584742475954,9.240807727378176,0.06209173751043672,
Tenerife,144,147,2022-04-01,False,lightgbm_exog,8.700466632853036,10.416089752018241,0.10363891868199243,
Tenerife,147,150,2022-07-01,False,naive_estacional,31.51,32.716756664844794,0.35238443301513644,
Tenerife,147,150,2022-07-01,False,sarima,16.236201964610554,17.08019584523511,0.17936921618888213,1.0
Tenerife,147,150,2022-07-01,False,sarimax_exog,14.519864228533825,18.883368423612637,0.16697338689278451,0.6666666666666666
Tenerife,147,150,2022-07-01,False,lightgbm,14.432814229679815,15.116603585539268,0.15965065983452653,
Tenerife,147,150,2022-07-01,False,lightgbm_exog,16.036595926382986,17.062241610613533,0.17682602078629842,
Tenerife,150,153,2022-10-01,False,naive_estacional,15.63,17.862148993518854,0.15161838113244966,
Tenerife,150,153,2022-10-01,False,sarima,4.697468178608631,6.732148048546492,0.0446997164392462,1.0
Tenerife,150,153,2022-10-01,False,sarimax_exog,10.013003517897525,10.695467748392447,0.10139494172866508,1.0
Tenerife,150,153,2022-10-01,False,lightgbm,21.68950484749173,22.563641438971242,0.21616702834343485,
Tenerife,150,153,2022-10-01,False,lightgbm_exog,20.523333680654876,21.65047243157135,0.2017595101976413,
Tenerife,153,156,2023-01-01,False,naive_estacional,24.433333333333326,26.621649084908313,0.2252334386969559,
Tenerife,153,156,2023-01-01,False,sarima,5.857759212005732,6.4955098098250135,0.05436362940934935,1.0
Tenerife,153,156,2023-01-01,False,sarimax_exog,7.447389765380062,7.562561296161023,0.06882828116855631,1.0
Tenerife,153,156,2023-01-01,False,lightgbm,13.462060206399196,14.236192759128386,0.12277276123622811,
Tenerife,153,156,2023-01-01,False,lightgbm_exog,21.381995554939675,21.85932993175996,0.1969404762576882,
Tenerife,156,159,2023-04-01,False,naive_estacional,6.763333333333335,7.500597753957129,0.08356901119717379,
Tenerife,156,159,2023-04-01,False,sarima,14.590446489508105,15.507180203791759,0.1764088013060432,1.0
Tenerife,156,159,2023-04-01,False,sarimax_exog,9.820785945761509,11.447135924485206,0.11604576659892944,1.0
Tenerife,156,159,2023-04-01,False,lightgbm,15.6637183182257,17.58103138227999,0.18889665115832419,
Tenerife,156,159,2023-04-01,False,lightgbm_exog,19.51584481626456,20.913349054442065,0.23589360687514435,
Tenerife,159,162,2023-07-01,False,naive_estacional,12.02666666666667,12.10711085822433,0.11889757938314126,
Tenerife,159,162,2023-07-01,False,sarima,8.83308308227899,9.554098811110482,0.08578741371534386,1.0
Tenerife,159,162,2023-07-01,False,sarimax_exog,9.030712282612734,10.064318580956302,0.0878278601486404,1.0
Tenerife,159,162,2023-07-01,False,lightgbm,6.8613719655670735,7.310399089597238,0.06949744074805879,
Tenerife,159,162,2023-07-01,False,lightgbm_exog,8.536645496566848,8.807053792034159,0.08428750673537172,
Tenerife,162,165,2023-10-01,False,naive_estacional,16.263333333333335,16.508645209909464,0.13882002719674894,
Tenerife,162,165,2023-10-01,False,sarima,7.990404445765814,9.03611372032312,0.06628937730495599,1.0
Tenerife,162,165,2023-10-01,False,sarimax_exog,6.661923600434183,8.078415675621235,0.05473100600203007,1.0
Tenerife,162,165,2023-10-01,False,lightgbm,12.632802955046543,14.370009720502338,0.10490813384804287,
Tenerife,162,165,2023-10-01,False,lightgbm_exog,15.636554514893982,15.879874170984834,0.1330846369255109,
Tenerife,165,168,2024-01-01,False,naive_estacional,21.850000000000005,21.95378251387826,0.16696337873949163,
Tenerife,165,168,2024-01-01,False,sarima,6.54247942795412,6.715238395197957,0.05030012413945944,1.0
Tenerife,165,168,2024-01-01,False,sarimax_exog,11.298912777723222,11.377340066327372,0.08625252272489574,1.0
Tenerife,165,168,2024-01-01,False,lightgbm,22.595972063170265,23.104393784226744,0.1717523449913362,
Tenerife,165,168,2024-01-01,False,lightgbm_exog,22.62212632693408,23.095006242433424,0.17206536845650722,
Tenerife,168,171,2024-04-01,False,naive_estacional,6.969999999999999,7.108176043589991,0.07560422044100056,
Tenerife,168,171,2024-04-01,False,sarima,24.4927705702638,24.53875178620334,0.26914238285476566,0.3333333333333333
Tenerife,168,171,2024-04-01,False,sarimax_exog,14.9597044452539,14.993616156888484,0.16268157482844747,0.6666666666666666
Tenerife,168,171,2024-04-01,False,lightgbm,16.49213091192144,20.44722680197256,0.1789494298204003,
Tenerife,168,171,2024-04-01,False,lightgbm_exog,17.85484223003874,21.030987021215296,0.19741285227111657,
Tenerife,171,174,2024-07-01,False,naive_estacional,8.9,9.05541090545684,0.08111969724482238,
Tenerife,171,174,2024-07-01,False,sarima,7.749767949719076,7.788103894635878,0.07026788615595966,1.0
Tenerife,171,174,2024-07-01,False,sarimax_exog,13.438448762105518,14.056311318316297,0.12240207569207452,1.0
Tenerife,171,174,2024-07-01,False,lightgbm,5.293392725547553,5.64770043468074,0.047635695195554606,
Tenerife,171,174,2024-07-01,False,lightgbm_exog,4.759505882661102,5.954488388227916,0.04477146223794618,
Tenerife,174,177,2024-10-01,False,naive_estacional,8.87666666666666,8.909749341779108,0.07113835649034424,
Tenerife,174,177,2024-10-01,False,sarima,1.9284036309106511,2.166302275496757,0.01507490745511602,1.0
Tenerife,174,177,2024-10-01,False,sarimax_exog,5.059239199599006,5.119138625024539,0.04010902918129632,1.0
Tenerife,174,177,2024-10-01,False,lightgbm,7.753211384086498,8.021324496733328,0.06140336388585574,
Tenerife,174,177,2024-10-01,False,lightgbm_exog,8.797413957922336,9.539236708595748,0.06854339669986123,
Tenerife,177,180,2025-01-01,False,naive_estacional,3.4366666666666674,4.355123419605923,0.026027552295477388,
Tenerife,177,180,2025-01-01,False,sarima,5.522172685547076,6.570412147260644,0.04178149591533136,1.0
Tenerife,177,180,2025-01-01,False,sarimax_exog,9.319664883222922,11.61463053450287,0.07057216122581376,1.0
Tenerife,177,180,2025-01-01,False,lightgbm,2.394183811248458,2.456544164437651,0.018115164654641806,
Tenerife,177,180,2025-01-01,False,lightgbm_exog,3.6672908909708135,4.297512890437886,0.0273894291406145,
Tenerife,180,183,2025-04-01,False,naive_estacional,7.413333333333331,7.86668502822716,0.07282899449600065,
Tenerife,180,183,2025-04-01,False,sarima,2.552847114489211,3.164805891959208,0.026592254434278356,1.0
Tenerife,180,183,2025-04-01,False,sarimax_exog,11.736654920772475,12.44242888755681,0.1192562718826818,1.0
Tenerife,180,183,2025-04-01,False,lightgbm,3.731440706014292,5.0460358066964455,0.03433005489730715,
Tenerife,180,183,2025-04-01,False,lightgbm_exog,6.352529318474917,7.509194597294209,0.060340779855940885,
Tenerife,183,186,2025-07-01,False,naive_estacional,4.583333333333324,4.9449941017827905,0.03952666775634726,
Tenerife,183,186,2025-07-01,False,sarima,1.706788226994097,2.533502493561347,0.015695333662267663,1.0
Tenerife,183,186,2025-07-01,False,sarimax_exog,8.747470740916208,9.414637024804609,0.07754339727975972,1.0
Tenerife,183,186,2025-07-01,False,lightgbm,3.996703680878516,4.766580530782253,0.03624673089854976,
Tenerife,183,186,2025-07-01,False,lightgbm_exog,5.196396801784393,6.795749704622072,0.04707650243924991,
Tenerife,186,189,2025-10-01,False,naive_estacional,4.65333333333334,4.843339068590322,0.03581501576041939,
Tenerife,186,189,2025-10-01,False,sarima,3.577922607028507,3.9817614189996764,0.0271931567381824,1.0
Tenerife,186,189,2025-10-01,False,sarimax_exog,6.052964734865995,6.453453700539765,0.04600037111021312,1.0
Tenerife,186,189,2025-10-01,False,lightgbm,5.570034169613199,6.502593580999371,0.04357506078844934,
Tenerife,186,189,2025-10-01,False,lightgbm_exog,5.861813025969728,6.558179508111781,0.04575560091971583,
