fecha,valor,serie,serie_nombre
1999-01-01 00:00:00+01:00,10406167.0,nacional_pernoctaciones,Nacional. Pernoctaciones. Total categorías. Total.
1999-02-01 00:00:00+01:00,11451100.0,nacional_pernoctaciones,Nacional. Pernoctaciones. Total categorías. Total.
1999-03-01 00:00:00+01:00,14212113.0,nacional_pernoctaciones,Nacional. Pernoctaciones. Total categorías. Total.
1999-04-01 00:00:00+02:00,17472798.0,nacional_pernoctaciones,Nacional. Pernoctaciones. Total categorías. Total.
1999-05-01 00:00:00+02:00,21966528.0,nacional_pernoctaciones,Nacional. Pernoctaciones. Total categorías. Total.
1999-06-01 00:00:00+02:00,24313223.0,nacional_pernoctaciones,Nacional. Pernoctaciones. Total categorías. Total.
1999-07-01 00:00:00+02:00,28531434.0,nacional_pernoctaciones,Nacional. Pernoctaciones. Total categorías. Total.
1999-08-01 00:00:00+02:00,31967269.0,nacional_pernoctaciones,Nacional. Pernoctaciones. Total categorías. Total.
1999-09-01 00:00:00+02:00,26750512.0,nacional_pernoctaciones,Nacional. Pernoctaciones. Total categorías. Total.
1999-10-01 00:00:00+02:00,21402806.0,nacional_pernoctaciones,Nacional. Pernoctaciones. Total categorías. Total.
1999-11-01 00:00:00+01:00,11875758.0,nacional_pernoctaciones,Nacional. Pernoctaciones. Total categorías. Total.
1999-12-01 00:00:00+01:00,10189931.0,nacional_pernoctaciones,Nacional. Pernoctaciones. Total categorías. Total.
2000-01-01 00:00:00+01:00,9828017.0,nacional_pernoctaciones,Nacional. Pernoctaciones. Total categorías. Total.
2000-02-01 00:00:00+01:00,11453033.0,nacional_pernoctaciones,Nacional. Pernoctaciones. Total categorías. Total.
2000-03-01 00:00:00+01:00,14537790.0,nacional_pernoctaciones,Nacional. Pernoctaciones. Total categorías. Total.
2000-04-01 00:00:00+02:00,18006005.0,nacional_pernoctaciones,Nacional. Pernoctaciones. Total categorías. Total.
2000-05-01 00:00:00+02:00,20998662.0,nacional_pernoctaciones,Nacional. Pernoctaciones. Total categorías. Total.
2000-06-01 00:00:00+02:00,24084087.0,nacional_pernoctaciones,Nacional. Pernoctaciones. Total categorías. Total.
2000-07-01 00:00:00+02:00,28181545.0,nacional_pernoctaciones,Nacional. Pernoctaciones. Total categorías. Total.
2000-08-01 00:00:00+02:00,31282474.0,nacional_pernoctaciones,Nacional. Pernoctaciones. Total categorías. Total.
2000-09-01 00:00:00+02:00,26175432.0,nacional_pernoctaciones,Nacional. Pernoctaciones. Total categorías. Total.
2000-10-01 00:00:00+02:00,20400125.0,nacional_pernoctaciones,Nacional. Pernoctaciones. Total categorías. Total.
2000-11-01 00:00:00+01:00,11871141.0,nacional_pernoctaciones,Nacional. Pernoctaciones. Total categorías. Total.
2000-12-01 00:00:00+01:00,10325261.0,nacional_pernoctaciones,Nacional. Pernoctaciones. Total categorías. Total.
2001-01-01 00:00:00+01:00,10132886.0,nacional_pernoctaciones,Nacional. Pernoctaciones. Total categorías. Total.
2001-02-01 00:00:00+01:00,11753586.0,nacional_pernoctaciones,Nacional. Pernoctaciones. Total categorías. Total.
2001-03-01 00:00:00+01:00,14516657.0,nacional_pernoctaciones,Nacional. Pernoctaciones. Total categorías. Total.
2001-04-01 00:00:00+02:00,18085751.0,nacional_pernoctaciones,Nacional. Pernoctaciones. Total categorías. Total.
2001-05-01 00:00:00+02:00,21063744.0,nacional_pernoctaciones,Nacional. Pernoctaciones. Total categorías. Total.
2001-06-01 00:00:00+02:00,23896573.0,nacional_pernoctaciones,Nacional. Pernoctaciones. Total categorías. Total.
2001-07-01 00:00:00+02:00,28657024.0,nacional_pernoctaciones,Nacional. Pernoctaciones. Total categorías. Total.
2001-08-01 00:00:00+02:00,32004309.0,nacional_pernoctaciones,Nacional. Pernoctaciones. Total categorías. Total.
2001-09-01 00:00:00+02:00,26584837.0,nacional_pernoctaciones,Nacional. Pernoctaciones. Total categorías. Total.
2001-10-01 00:00:00+02:00,20014768.0,nacional_pernoctaciones,Nacional. Pernoctaciones. Total categorías. Total.
2001-11-01 00:00:00+01:00,11920037.0,nacional_pernoctaciones,Nacional. Pernoctaciones. Total categorías. Total.
2001-12-01 00:00:00+01:00,10051397.0,nacional_pernoctaciones,Nacional. Pernoctaciones. Total categorías. Total.
2002-01-01 00:00:00+01:00,9797644.0,nacional_pernoctaciones,Nacional. Pernoctaciones. Total categorías. Total.
2002-02-01 00:00:00+01:00,11501625.0,nacional_pernoctaciones,Nacional. Pernoctaciones. Total categorías. Total.
2002-03-01 00:00:00+01:00,15746849.0,nacional_pernoctaciones,Nacional. Pernoctaciones. Total categorías. Total.
2002-04-01 00:00:00+02:00,15757341.0,nacional_pernoctaciones,Nacional. Pernoctaciones. Total categorías. Total.
2002-05-01 00:00:00+02:00,20427391.0,nacional_pernoctaciones,Nacional. Pernoctaciones. Total categorías. Total.
2002-06-01 00:00:00+02:00,22781459.0,nacional_pernoctaciones,Nacional. Pernoctaciones. Total categorías. Total.
2002-07-01 00:00:00+02:00,27712422.0,nacional_pernoctaciones,Nacional. Pernoctaciones. Total categorías. Total.
2002-08-01 00:00:00+02:00,32147463.0,nacional_pernoctaciones,Nacional. Pernoctaciones. Total categorías. Total.
2002-09-01 00:00:00+02:00,25483036.0,nacional_pernoctaciones,Nacional. Pernoctaciones. Total categorías. Total.
2002-10-01 00:00:00+02:00,19395671.0,nacional_pernoctaciones,Nacional. Pernoctaciones. Total categorías. Total.
2002-11-01 00:00:00+01:00,11536070.0,nacional_pernoctaciones,Nacional. Pernoctaciones. Total categorías. Total.
2002-12-01 00:00:00+01:00,10267810.0,nacional_pernoctaciones,Nacional. Pernoctaciones. Total categorías. Total.
2003-01-01 00:00:00+01:00,10088783.0,nacional_pernoctaciones,Nacional. Pernoctaciones. Total categorías. Total.
2003-02-01 00:00:00+01:00,11135676.0,nacional_pernoctaciones,Nacional. Pernoctaciones. Total categorías. Total.
2003-03-01 00:00:00+01:00,14414114.0,nacional_pernoctaciones,Nacional. Pernoctaciones. Total categorías. Total.
2003-04-01 00:00:00+02:00,17483719.0,nacional_pernoctaciones,Nacional. Pernoctaciones. Total categorías. Total.
2003-05-01 00:00:00+02:00,20977540.0,nacional_pernoctaciones,Nacional. Pernoctaciones. Total categorías. Total.
2003-06-01 00:00:00+02:00,24047255.0,nacional_pernoctaciones,Nacional. Pernoctaciones. Total categorías. Total.
2003-07-01 00:00:00+02:00,28557092.0,nacional_pernoctaciones,Nacional. Pernoctaciones. Total categorías. Total.
2003-08-01 00:00:00+02:00,33851008.0,nacional_pernoctaciones,Nacional. Pernoctaciones. Total categorías. Total.
2003-09-01 00:00:00+02:00,25943815.0,nacional_pernoctaciones,Nacional. Pernoctaciones. Total categorías. Total.
2003-10-01 00:00:00+02:00,19635547.0,nacional_pernoctaciones,Nacional. Pernoctaciones. Total categorías. Total.
2003-11-01 00:00:00+01:00,11600240.0,nacional_pernoctaciones,Nacional. Pernoctaciones. Total categorías. Total.
2003-12-01 00:00:00+01:00,10426118.0,nacional_pernoctaciones,Nacional. Pernoctaciones. Total categorías. Total.
2004-01-01 00:00:00+01:00,10404685.0,nacional_pernoctaciones,Nacional. Pernoctaciones. Total categorías. Total.
2004-02-01 00:00:00+01:00,12278676.0,nacional_pernoctaciones,Nacional. Pernoctaciones. Total categorías. Total.
2004-03-01 00:00:00+01:00,14731784.0,nacional_pernoctaciones,Nacional. Pernoctaciones. Total categorías. Total.
2004-04-01 00:00:00+02:00,17537681.0,nacional_pernoctaciones,Nacional. Pernoctaciones. Total categorías. Total.
2004-05-01 00:00:00+02:00,20624722.0,nacional_pernoctaciones,Nacional. Pernoctaciones. Total categorías. Total.
2004-06-01 00:00:00+02:00,23776940.0,nacional_pernoctaciones,Nacional. Pernoctaciones. Total categorías. Total.
2004-07-01 00:00:00+02:00,29131986.0,nacional_pernoctaciones,Nacional. Pernoctaciones. Total categorías. Total.
2004-08-01 00:00:00+02:00,34472302.0,nacional_pernoctaciones,Nacional. Pernoctaciones. Total categorías. Total.
2004-09-01 00:00:00+02:00,26878757.0,nacional_pernoctaciones,Nacional. Pernoctaciones. Total categorías. Total.
2004-10-01 00:00:00+02:00,21180295.0,nacional_pernoctaciones,Nacional. Pernoctaciones. Total categorías. Total.
2004-11-01 00:00:00+01:00,12294550.0,nacional_pernoctaciones,Nacional. Pernoctaciones. Total categorías. Total.
2004-12-01 00:00:00+01:00,11384786.0,nacional_pernoctaciones,Nacional. Pernoctaciones. Total categorías. Total.
2005-01-01 00:00:00+01:00,11088055.0,nacional_pernoctaciones,Nacional. Pernoctaciones. Total categorías. Total.
2005-02-01 00:00:00+01:00,12430710.0,nacional_pernoctaciones,Nacional. Pernoctaciones. Total categorías. Total.
2005-03-01 00:00:00+01:00,16184767.0,nacional_pernoctaciones,Nacional. Pernoctaciones. Total categorías. Total.
2005-04-01 00:00:00+02:00,16480644.0,nacional_pernoctaciones,Nacional. Pernoctaciones. Total categorías. Total.
2005-05-01 00:00:00+02:00,22318874.0,nacional_pernoctaciones,Nacional. Pernoctaciones. Total categorías. Total.
2005-06-01 00:00:00+02:00,25042689.0,nacional_pernoctaciones,Nacional. Pernoctaciones. Total categorías. Total.
2005-07-01 00:00:00+02:00,31022067.0,nacional_pernoctaciones,Nacional. Pernoctaciones. Total categorías. Total.
2005-08-01 00:00:00+02:00,35857571.0,nacional_pernoctaciones,Nacional. Pernoctaciones. Total categorías. Total.
2005-09-01 00:00:00+02:00,28313666.0,nacional_pernoctaciones,Nacional. Pernoctaciones. Total categorías. Total.
2005-10-01 00:00:00+02:00,22163277.0,nacional_pernoctaciones,Nacional. Pernoctaciones. Total categorías. Total.
2005-11-01 00:00:00+01:00,13162420.0,nacional_pernoctaciones,Nacional. Pernoctaciones. Total categorías. Total.
2005-12-01 00:00:00+01:00,11572418.0,nacional_pernoctaciones,Nacional. Pernoctaciones. Total categorías. Total.
2006-01-01 00:00:00+01:00,12075662.0,nacional_pernoctaciones,Nacional. Pernoctaciones. Total categorías. Total.
2006-02-01 00:00:00+01:00,13221070.0,nacional_pernoctaciones,Nacional. Pernoctaciones. Total categorías. Total.
2006-03-01 00:00:00+01:00,16370344.0,nacional_pernoctaciones,Nacional. Pernoctaciones. Total categorías. Total.
2006-04-01 00:00:00+02:00,21185887.0,nacional_pernoctaciones,Nacional. Pernoctaciones. Total categorías. Total.
2006-05-01 00:00:00+02:00,23734897.0,nacional_pernoctaciones,Nacional. Pernoctaciones. Total categorías. Total.
2006-06-01 00:00:00+02:00,27996368.0,nacional_pernoctaciones,Nacional. Pernoctaciones. Total categorías. Total.
2006-07-01 00:00:00+02:00,34105558.0,nacional_pernoctaciones,Nacional. Pernoctaciones. Total categorías. Total.
2006-08-01 00:00:00+02:00,37636214.0,nacional_pernoctaciones,Nacional. Pernoctaciones. Total categorías. Total.
2006-09-01 00:00:00+02:00,29918731.0,nacional_pernoctaciones,Nacional. Pernoctaciones. Total categorías. Total.
2006-10-01 00:00:00+02:00,23372257.0,nacional_pernoctaciones,Nacional. Pernoctaciones. Total categorías. Total.
2006-11-01 00:00:00+01:00,14269663.0,nacional_pernoctaciones,Nacional. Pernoctaciones. Total categorías. Total.
2006-12-01 00:00:00+01:00,13141207.0,nacional_pernoctaciones,Nacional. Pernoctaciones. Total categorías. Total.
2007-01-01 00:00:00+01:00,12356394.0,nacional_pernoctaciones,Nacional. Pernoctaciones. Total categorías. Total.
2007-02-01 00:00:00+01:00,13555040.0,nacional_pernoctaciones,Nacional. Pernoctaciones. Total categorías. Total.
2007-03-01 00:00:00+01:00,17428802.0,nacional_pernoctaciones,Nacional. Pernoctaciones. Total categorías. Total.
2007-04-01 00:00:00+02:00,21690169.0,nacional_pernoctaciones,Nacional. Pernoctaciones. Total categorías. Total.
2007-05-01 00:00:00+02:00,23486608.0,nacional_pernoctaciones,Nacional. Pernoctaciones. Total categorías. Total.
2007-06-01 00:00:00+02:00,28459008.0,nacional_pernoctaciones,Nacional. Pernoctaciones. Total categorías. Total.
2007-07-01 00:00:00+02:00,34315590.0,nacional_pernoctaciones,Nacional. Pernoctaciones. Total categorías. Total.
2007-08-01 00:00:00+02:00,38132493.0,nacional_pernoctaciones,Nacional. Pernoctaciones. Total categorías. Total.
2007-09-01 00:00:00+02:00,30142242.0,nacional_pernoctaciones,Nacional. Pernoctaciones. Total categorías. Total.
2007-10-01 00:00:00+02:00,23476804.0,nacional_pernoctaciones,Nacional. Pernoctaciones. Total categorías. Total.
2007-11-01 00:00:00+01:00,15289839.0,nacional_pernoctaciones,Nacional. Pernoctaciones. Total categorías. Total.
2007-12-01 00:00:00+01:00,13356493.0,nacional_pernoctaciones,Nacional. Pernoctaciones. Total categorías. Total.
2008-01-01 00:00:00+01:00,12710146.0,nacional_pernoctaciones,Nacional. Pernoctaciones. Total categorías. Total.
2008-02-01 00:00:00+01:00,14831691.0,nacional_pernoctaciones,Nacional. Pernoctaciones. Total categorías. Total.
2008-03-01 00:00:00+01:00,19216126.0,nacional_pernoctaciones,Nacional. Pernoctaciones. Total categorías. Total.
2008-04-01 00:00:00+02:00,19300764.0,nacional_pernoctaciones,Nacional. Pernoctaciones. Total categorías. Total.
2008-05-01 00:00:00+02:00,25060656.0,nacional_pernoctaciones,Nacional. Pernoctaciones. Total categorías. Total.
2008-06-01 00:00:00+02:00,27737509.0,nacional_pernoctaciones,Nacional. Pernoctaciones. Total categorías. Total.
2008-07-01 00:00:00+02:00,34559658.0,nacional_pernoctaciones,Nacional. Pernoctaciones. Total categorías. Total.
2008-08-01 00:00:00+02:00,37945216.0,nacional_pernoctaciones,Nacional. Pernoctaciones. Total categorías. Total.
2008-09-01 00:00:00+02:00,29305643.0,nacional_pernoctaciones,Nacional. Pernoctaciones. Total categorías. Total.
2008-10-01 00:00:00+02:00,22253202.0,nacional_pernoctaciones,Nacional. Pernoctaciones. Total categorías. Total.
2008-11-01 00:00:00+01:00,13685099.0,nacional_pernoctaciones,Nacional. Pernoctaciones. Total categorías. Total.
2008-12-01 00:00:00+01:00,11946130.0,nacional_pernoctaciones,Nacional. Pernoctaciones. Total categorías. Total.
2009-01-01 00:00:00+01:00,11203819.0,nacional_pernoctaciones,Nacional. Pernoctaciones. Total categorías. Total.
2009-02-01 00:00:00+01:00,12527991.0,nacional_pernoctaciones,Nacional. Pernoctaciones. Total categorías. Total.
2009-03-01 00:00:00+01:00,15536341.0,nacional_pernoctaciones,Nacional. Pernoctaciones. Total categorías. Total.
2009-04-01 00:00:00+02:00,19591068.0,nacional_pernoctaciones,Nacional. Pernoctaciones. Total categorías. Total.
2009-05-01 00:00:00+02:00,22661503.0,nacional_pernoctaciones,Nacional. Pernoctaciones. Total categorías. Total.
2009-06-01 00:00:00+02:00,26082353.0,nacional_pernoctaciones,Nacional. Pernoctaciones. Total categorías. Total.
2009-07-01 00:00:00+02:00,32764251.0,nacional_pernoctaciones,Nacional. Pernoctaciones. Total categorías. Total.
2009-08-01 00:00:00+02:00,36192581.0,nacional_pernoctaciones,Nacional. Pernoctaciones. Total categorías. Total.
2009-09-01 00:00:00+02:00,27387006.0,nacional_pernoctaciones,Nacional. Pernoctaciones. Total categorías. Total.
2009-10-01 00:00:00+02:00,21752259.0,nacional_pernoctaciones,Nacional. Pernoctaciones. Total categorías. Total.
2009-11-01 00:00:00+01:00,13255271.0,nacional_pernoctaciones,Nacional. Pernoctaciones. Total categorías. Total.
2009-12-01 00:00:00+01:00,12030368.0,nacional_pernoctaciones,Nacional. Pernoctaciones. Total categorías. Total.
2010-01-01 00:00:00+01:00,11308373.0,nacional_pernoctaciones,Nacional. Pernoctaciones. Total categorías. Total.
2010-02-01 00:00:00+01:00,13108750.0,nacional_pernoctaciones,Nacional. Pernoctaciones. Total categorías. Total.
2010-03-01 00:00:00+01:00,16752851.0,nacional_pernoctaciones,Nacional. Pernoctaciones. Total categorías. Total.
2010-04-01 00:00:00+02:00,19843019.0,nacional_pernoctaciones,Nacional. Pernoctaciones. Total categorías. Total.
2010-05-01 00:00:00+02:00,23982979.0,nacional_pernoctaciones,Nacional. Pernoctaciones. Total categorías. Total.
2010-06-01 00:00:00+02:00,27357010.0,nacional_pernoctaciones,Nacional. Pernoctaciones. Total categorías. Total.
2010-07-01 00:00:00+02:00,34909440.0,nacional_pernoctaciones,Nacional. Pernoctaciones. Total categorías. Total.
2010-08-01 00:00:00+02:00,39085826.0,nacional_pernoctaciones,Nacional. Pernoctaciones. Total categorías. Total.
2010-09-01 00:00:00+02:00,29696355.0,nacional_pernoctaciones,Nacional. Pernoctaciones. Total categorías. Total.
2010-10-01 00:00:00+02:00,23976893.0,nacional_pernoctaciones,Nacional. Pernoctaciones. Total categorías. Total.
2010-11-01 00:00:00+01:00,14363392.0,nacional_pernoctaciones,Nacional. Pernoctaciones. Total categorías. Total.
2010-12-01 00:00:00+01:00,12778595.0,nacional_pernoctaciones,Nacional. Pernoctaciones. Total categorías. Total.
2011-01-01 00:00:00+01:00,12183118.0,nacional_pernoctaciones,Nacional. Pernoctaciones. Total categorías. Total.
2011-02-01 00:00:00+01:00,14238644.0,nacional_pernoctaciones,Nacional. Pernoctaciones. Total categorías. Total.
2011-03-01 00:00:00+01:00,18086818.0,nacional_pernoctaciones,Nacional. Pernoctaciones. Total categorías. Total.
2011-04-01 00:00:00+02:00,22618769.0,nacional_pernoctaciones,Nacional. Pernoctaciones. Total categorías. Total.
2011-05-01 00:00:00+02:00,24670723.0,nacional_pernoctaciones,Nacional. Pernoctaciones. Total categorías. Total.
2011-06-01 00:00:00+02:00,30704218.0,nacional_pernoctaciones,Nacional. Pernoctaciones. Total categorías. Total.
2011-07-01 00:00:00+02:00,37980214.0,nacional_pernoctaciones,Nacional. Pernoctaciones. Total categorías. Total.
2011-08-01 00:00:00+02:00,41694917.0,nacional_pernoctaciones,Nacional. Pernoctaciones. Total categorías. Total.
2011-09-01 00:00:00+02:00,32099863.0,nacional_pernoctaciones,Nacional. Pernoctaciones. Total categorías. Total.
2011-10-01 00:00:00+02:00,24764256.0,nacional_pernoctaciones,Nacional. Pernoctaciones. Total categorías. Total.
2011-11-01 00:00:00+01:00,14674921.0,nacional_pernoctaciones,Nacional. Pernoctaciones. Total categorías. Total.
2011-12-01 00:00:00+01:00,13044798.0,nacional_pernoctaciones,Nacional. Pernoctaciones. Total categorías. Total.
2012-01-01 00:00:00+01:00,12600203.0,nacional_pernoctaciones,Nacional. Pernoctaciones. Total categorías. Total.
2012-02-01 00:00:00+01:00,14163457.0,nacional_pernoctaciones,Nacional. Pernoctaciones. Total categorías. Total.
2012-03-01 00:00:00+01:00,17393498.0,nacional_pernoctaciones,Nacional. Pernoctaciones. Total categorías. Total.
2012-04-01 00:00:00+02:00,21445224.0,nacional_pernoctaciones,Nacional. Pernoctaciones. Total categorías. Total.
2012-05-01 00:00:00+02:00,24628932.0,nacional_pernoctaciones,Nacional. Pernoctaciones. Total categorías. Total.
2012-06-01 00:00:00+02:00,30243838.0,nacional_pernoctaciones,Nacional. Pernoctaciones. Total categorías. Total.
2012-07-01 00:00:00+02:00,37395658.0,nacional_pernoctaciones,Nacional. Pernoctaciones. Total categorías. Total.
2012-08-01 00:00:00+02:00,40581091.0,nacional_pernoctaciones,Nacional. Pernoctaciones. Total categorías. Total.
2012-09-01 00:00:00+02:00,32045387.0,nacional_pernoctaciones,Nacional. Pernoctaciones. Total categorías. Total.
2012-10-01 00:00:00+02:00,23909187.0,nacional_pernoctaciones,Nacional. Pernoctaciones. Total categorías. Total.
2012-11-01 00:00:00+01:00,13854509.0,nacional_pernoctaciones,Nacional. Pernoctaciones. Total categorías. Total.
2012-12-01 00:00:00+01:00,12398564.0,nacional_pernoctaciones,Nacional. Pernoctaciones. Total categorías. Total.
2013-01-01 00:00:00+01:00,11887105.0,nacional_pernoctaciones,Nacional. Pernoctaciones. Total categorías. Total.
2013-02-01 00:00:00+01:00,13104722.0,nacional_pernoctaciones,Nacional. Pernoctaciones. Total categorías. Total.
2013-03-01 00:00:00+01:00,18815829.0,nacional_pernoctaciones,Nacional. Pernoctaciones. Total categorías. Total.
2013-04-01 00:00:00+02:00,19135958.0,nacional_pernoctaciones,Nacional. Pernoctaciones. Total categorías. Total.
2013-05-01 00:00:00+02:00,26359256.0,nacional_pernoctaciones,Nacional. Pernoctaciones. Total categorías. Total.
2013-06-01 00:00:00+02:00,30808604.0,nacional_pernoctaciones,Nacional. Pernoctaciones. Total categorías. Total.
2013-07-01 00:00:00+02:00,37670863.0,nacional_pernoctaciones,Nacional. Pernoctaciones. Total categorías. Total.
2013-08-01 00:00:00+02:00,41900828.0,nacional_pernoctaciones,Nacional. Pernoctaciones. Total categorías. Total.
2013-09-01 00:00:00+02:00,32647844.0,nacional_pernoctaciones,Nacional. Pernoctaciones. Total categorías. Total.
2013-10-01 00:00:00+02:00,25015770.0,nacional_pernoctaciones,Nacional. Pernoctaciones. Total categorías. Total.
2013-11-01 00:00:00+01:00,15087587.0,nacional_pernoctaciones,Nacional. Pernoctaciones. Total categorías. Total.
2013-12-01 00:00:00+01:00,13595795.0,nacional_pernoctaciones,Nacional. Pernoctaciones. Total categorías. Total.
2014-01-01 00:00:00+01:00,12807505.0,nacional_pernoctaciones,Nacional. Pernoctaciones. Total categorías. Total.
2014-02-01 00:00:00+01:00,13875208.0,nacional_pernoctaciones,Nacional. Pernoctaciones. Total categorías. Total.
2014-03-01 00:00:00+01:00,18129451.0,nacional_pernoctaciones,Nacional. Pernoctaciones. Total categorías. Total.
2014-04-01 00:00:00+02:00,22298622.0,nacional_pernoctaciones,Nacional. Pernoctaciones. Total categorías. Total.
2014-05-01 00:00:00+02:00,26691702.0,nacional_pernoctaciones,Nacional. Pernoctaciones. Total categorías. Total.
2014-06-01 00:00:00+02:00,31567799.0,nacional_pernoctaciones,Nacional. Pernoctaciones. Total categorías. Total.
2014-07-01 00:00:00+02:00,37641540.0,nacional_pernoctaciones,Nacional. Pernoctaciones. Total categorías. Total.
2014-08-01 00:00:00+02:00,42991384.0,nacional_pernoctaciones,Nacional. Pernoctaciones. Total categorías. Total.
2014-09-01 00:00:00+02:00,33858937.0,nacional_pernoctaciones,Nacional. Pernoctaciones. Total categorías. Total.
2014-10-01 00:00:00+02:00,26243441.0,nacional_pernoctaciones,Nacional. Pernoctaciones. Total categorías. Total.
2014-11-01 00:00:00+01:00,15113125.0,nacional_pernoctaciones,Nacional. Pernoctaciones. Total categorías. Total.
2014-12-01 00:00:00+01:00,14041916.0,nacional_pernoctaciones,Nacional. Pernoctaciones. Total categorías. Total.
2015-01-01 00:00:00+01:00,13342087.0,nacional_pernoctaciones,Nacional. Pernoctaciones. Total categorías. Total.
2015-02-01 00:00:00+01:00,14513335.0,nacional_pernoctaciones,Nacional. Pernoctaciones. Total categorías. Total.
2015-03-01 00:00:00+01:00,18596568.0,nacional_pernoctaciones,Nacional. Pernoctaciones. Total categorías. Total.
2015-04-01 00:00:00+02:00,23087381.0,nacional_pernoctaciones,Nacional. Pernoctaciones. Total categorías. Total.
2015-05-01 00:00:00+02:00,28041622.0,nacional_pernoctaciones,Nacional. Pernoctaciones. Total categorías. Total.
2015-06-01 00:00:00+02:00,32092513.0,nacional_pernoctaciones,Nacional. Pernoctaciones. Total categorías. Total.
2015-07-01 00:00:00+02:00,39850064.0,nacional_pernoctaciones,Nacional. Pernoctaciones. Total categorías. Total.
2015-08-01 00:00:00+02:00,44813404.0,nacional_pernoctaciones,Nacional. Pernoctaciones. Total categorías. Total.
2015-09-01 00:00:00+02:00,34918861.0,nacional_pernoctaciones,Nacional. Pernoctaciones. Total categorías. Total.
2015-10-01 00:00:00+02:00,28073790.0,nacional_pernoctaciones,Nacional. Pernoctaciones. Total categorías. Total.
2015-11-01 00:00:00+01:00,15862738.0,nacional_pernoctaciones,Nacional. Pernoctaciones. Total categorías. Total.
2015-12-01 00:00:00+01:00,15043365.0,nacional_pernoctaciones,Nacional. Pernoctaciones. Total categorías. Total.
2016-01-01 00:00:00+01:00,14470851.0,nacional_pernoctaciones,Nacional. Pernoctaciones. Total categorías. Total.
2016-02-01 00:00:00+01:00,16379849.0,nacional_pernoctaciones,Nacional. Pernoctaciones. Total categorías. Total.
2016-03-01 00:00:00+01:00,22022933.0,nacional_pernoctaciones,Nacional. Pernoctaciones. Total categorías. Total.
2016-04-01 00:00:00+02:00,23056973.0,nacional_pernoctaciones,Nacional. Pernoctaciones. Total categorías. Total.
2016-05-01 00:00:00+02:00,30401275.0,nacional_pernoctaciones,Nacional. Pernoctaciones. Total categorías. Total.
2016-06-01 00:00:00+02:00,34430872.0,nacional_pernoctaciones,Nacional. Pernoctaciones. Total categorías. Total.
2016-07-01 00:00:00+02:00,42948946.0,nacional_pernoctaciones,Nacional. Pernoctaciones. Total categorías. Total.
2016-08-01 00:00:00+02:00,46502956.0,nacional_pernoctaciones,Nacional. Pernoctaciones. Total categorías. Total.
2016-09-01 00:00:00+02:00,37218422.0,nacional_pernoctaciones,Nacional. Pernoctaciones. Total categorías. Total.
2016-10-01 00:00:00+02:00,30587997.0,nacional_pernoctaciones,Nacional. Pernoctaciones. Total categorías. Total.
2016-11-01 00:00:00+01:00,17134705.0,nacional_pernoctaciones,Nacional. Pernoctaciones. Total categorías. Total.
2016-12-01 00:00:00+01:00,16013165.0,nacional_pernoctaciones,Nacional. Pernoctaciones. Total categorías. Total.
2017-01-01 00:00:00+01:00,15200690.0,nacional_pernoctaciones,Nacional. Pernoctaciones. Total categorías. Total.
2017-02-01 00:00:00+01:00,16346534.0,nacional_pernoctaciones,Nacional. Pernoctaciones. Total categorías. Total.
2017-03-01 00:00:00+01:00,20508641.0,nacional_pernoctaciones,Nacional. Pernoctaciones. Total categorías. Total.
2017-04-01 00:00:00+02:00,27549426.0,nacional_pernoctaciones,Nacional. Pernoctaciones. Total categorías. Total.
2017-05-01 00:00:00+02:00,31439920.0,nacional_pernoctaciones,Nacional. Pernoctaciones. Total categorías. Total.
2017-06-01 00:00:00+02:00,36646402.0,nacional_pernoctaciones,Nacional. Pernoctaciones. Total categorías. Total.
2017-07-01 00:00:00+02:00,43624461.0,nacional_pernoctaciones,Nacional. Pernoctaciones. Total categorías. Total.
2017-08-01 00:00:00+02:00,46657187.0,nacional_pernoctaciones,Nacional. Pernoctaciones. Total categorías. Total.
2017-09-01 00:00:00+02:00,37961599.0,nacional_pernoctaciones,Nacional. Pernoctaciones. Total categorías. Total.
2017-10-01 00:00:00+02:00,30898617.0,nacional_pernoctaciones,Nacional. Pernoctaciones. Total categorías. Total.
2017-11-01 00:00:00+01:00,17537436.0,nacional_pernoctaciones,Nacional. Pernoctaciones. Total categorías. Total.
2017-12-01 00:00:00+01:00,16211799.0,nacional_pernoctaciones,Nacional. Pernoctaciones. Total categorías. Total.
2018-01-01 00:00:00+01:00,15395882.0,nacional_pernoctaciones,Nacional. Pernoctaciones. Total categorías. Total.
2018-02-01 00:00:00+01:00,16527859.0,nacional_pernoctaciones,Nacional. Pernoctaciones. Total categorías. Total.
2018-03-01 00:00:00+01:00,21918931.0,nacional_pernoctaciones,Nacional. Pernoctaciones. Total categorías. Total.
2018-04-01 00:00:00+02:00,25207350.0,nacional_pernoctaciones,Nacional. Pernoctaciones. Total categorías. Total.
2018-05-01 00:00:00+02:00,31921157.0,nacional_pernoctaciones,Nacional. Pernoctaciones. Total categorías. Total.
2018-06-01 00:00:00+02:00,36168465.0,nacional_pernoctaciones,Nacional. Pernoctaciones. Total categorías. Total.
2018-07-01 00:00:00+02:00,42717096.0,nacional_pernoctaciones,Nacional. Pernoctaciones. Total categorías. Total.
2018-08-01 00:00:00+02:00,46306240.0,nacional_pernoctaciones,Nacional. Pernoctaciones. Total categorías. Total.
2018-09-01 00:00:00+02:00,37768667.0,nacional_pernoctaciones,Nacional. Pernoctaciones. Total categorías. Total.
2018-10-01 00:00:00+02:00,31132356.0,nacional_pernoctaciones,Nacional. Pernoctaciones. Total categorías. Total.
2018-11-01 00:00:00+01:00,18261076.0,nacional_pernoctaciones,Nacional. Pernoctaciones. Total categorías. Total.
2018-12-01 00:00:00+01:00,16655848.0,nacional_pernoctaciones,Nacional. Pernoctaciones. Total categorías. Total.
2019-01-01 00:00:00+01:00,15506154.0,nacional_pernoctaciones,Nacional. Pernoctaciones. Total categorías. Total.
2019-02-01 00:00:00+01:00,16589486.0,nacional_pernoctaciones,Nacional. Pernoctaciones. Total categorías. Total.
2019-03-01 00:00:00+01:00,21520914.0,nacional_pernoctaciones,Nacional. Pernoctaciones. Total categorías. Total.
2019-04-01 00:00:00+02:00,26808982.0,nacional_pernoctaciones,Nacional. Pernoctaciones. Total categorías. Total.
2019-05-01 00:00:00+02:00,31905788.0,nacional_pernoctaciones,Nacional. Pernoctaciones. Total categorías. Total.
2019-06-01 00:00:00+02:00,37163185.0,nacional_pernoctaciones,Nacional. Pernoctaciones. Total categorías. Total.
2019-07-01 00:00:00+02:00,43199530.0,nacional_pernoctaciones,Nacional. Pernoctaciones. Total categorías. Total.
2019-08-01 00:00:00+02:00,47059511.0,nacional_pernoctaciones,Nacional. Pernoctaciones. Total categorías. Total.
2019-09-01 00:00:00+02:00,37572668.0,nacional_pernoctaciones,Nacional. Pernoctaciones. Total categorías. Total.
2019-10-01 00:00:00+02:00,30363238.0,nacional_pernoctaciones,Nacional. Pernoctaciones. Total categorías. Total.
2019-11-01 00:00:00+01:00,18339394.0,nacional_pernoctaciones,Nacional. Pernoctaciones. Total categorías. Total.
2019-12-01 00:00:00+01:00,16966744.0,nacional_pernoctaciones,Nacional. Pernoctaciones. Total categorías. Total.
2020-01-01 00:00:00+01:00,15968171.0,nacional_pernoctaciones,Nacional. Pernoctaciones. Total categorías. Total.
2020-02-01 00:00:00+01:00,17614206.0,nacional_pernoctaciones,Nacional. Pernoctaciones. Total categorías. Total.
2020-03-01 00:00:00+01:00,8372820.0,nacional_pernoctaciones,Nacional. Pernoctaciones. Total categorías. Total.
2020-04-01 00:00:00+02:00,0.0,nacional_pernoctaciones,Nacional. Pernoctaciones. Total categorías. Total.
2020-05-01 00:00:00+02:00,271149.0,nacional_pernoctaciones,Nacional. Pernoctaciones. Total categorías. Total.
2020-06-01 00:00:00+02:00,1870057.0,nacional_pernoctaciones,Nacional. Pernoctaciones. Total categorías. Total.
2020-07-01 00:00:00+02:00,11731245.0,nacional_pernoctaciones,Nacional. Pernoctaciones. Total categorías. Total.
2020-08-01 00:00:00+02:00,16927211.0,nacional_pernoctaciones,Nacional. Pernoctaciones. Total categorías. Total.
2020-09-01 00:00:00+02:00,8219094.0,nacional_pernoctaciones,Nacional. Pernoctaciones. Total categorías. Total.
2020-10-01 00:00:00+02:00,5128825.0,nacional_pernoctaciones,Nacional. Pernoctaciones. Total categorías. Total.
2020-11-01 00:00:00+01:00,2874269.0,nacional_pernoctaciones,Nacional. Pernoctaciones. Total categorías. Total.
2020-12-01 00:00:00+01:00,3245991.0,nacional_pernoctaciones,Nacional. Pernoctaciones. Total categorías. Total.
2021-01-01 00:00:00+01:00,2459473.0,nacional_pernoctaciones,Nacional. Pernoctaciones. Total categorías. Total.
2021-02-01 00:00:00+01:00,2436961.0,nacional_pernoctaciones,Nacional. Pernoctaciones. Total categorías. Total.
2021-03-01 00:00:00+01:00,3588559.0,nacional_pernoctaciones,Nacional. Pernoctaciones. Total categorías. Total.
2021-04-01 00:00:00+02:00,4142415.0,nacional_pernoctaciones,Nacional. Pernoctaciones. Total categorías. Total.
2021-05-01 00:00:00+02:00,7342738.0,nacional_pernoctaciones,Nacional. Pernoctaciones. Total categorías. Total.
2021-06-01 00:00:00+02:00,14259621.0,nacional_pernoctaciones,Nacional. Pernoctaciones. Total categorías. Total.
2021-07-01 00:00:00+02:00,26351353.0,nacional_pernoctaciones,Nacional. Pernoctaciones. Total categorías. Total.
2021-08-01 00:00:00+02:00,34460041.0,nacional_pernoctaciones,Nacional. Pernoctaciones. Total categorías. Total.
2021-09-01 00:00:00+02:00,25679512.0,nacional_pernoctaciones,Nacional. Pernoctaciones. Total categorías. Total.
2021-10-01 00:00:00+02:00,23935219.0,nacional_pernoctaciones,Nacional. Pernoctaciones. Total categorías. Total.
2021-11-01 00:00:00+01:00,14930647.0,nacional_pernoctaciones,Nacional. Pernoctaciones. Total categorías. Total.
2021-12-01 00:00:00+01:00,13220155.0,nacional_pernoctaciones,Nacional. Pernoctaciones. Total categorías. Total.
2022-01-01 00:00:00+01:00,10598385.0,nacional_pernoctaciones,Nacional. Pernoctaciones. Total categorías. Total.
2022-02-01 00:00:00+01:00,13623546.0,nacional_pernoctaciones,Nacional. Pernoctaciones. Total categorías. Total.
2022-03-01 00:00:00+01:00,17632648.0,nacional_pernoctaciones,Nacional. Pernoctaciones. Total categorías. Total.
2022-04-01 00:00:00+02:00,25197638.0,nacional_pernoctaciones,Nacional. Pernoctaciones. Total categorías. Total.
2022-05-01 00:00:00+02:00,29785395.0,nacional_pernoctaciones,Nacional. Pernoctaciones. Total categorías. Total.
2022-06-01 00:00:00+02:00,35111326.0,nacional_pernoctaciones,Nacional. Pernoctaciones. Total categorías. Total.
2022-07-01 00:00:00+02:00,42121775.0,nacional_pernoctaciones,Nacional. Pernoctaciones. Total categorías. Total.
2022-08-01 00:00:00+02:00,46140100.0,nacional_pernoctaciones,Nacional. Pernoctaciones. Total categorías. Total.
2022-09-01 00:00:00+02:00,35999861.0,nacional_pernoctaciones,Nacional. Pernoctaciones. Total categorías. Total.
2022-10-01 00:00:00+02:00,29865924.0,nacional_pernoctaciones,Nacional. Pernoctaciones. Total categorías. Total.
2022-11-01 00:00:00+01:00,17661676.0,nacional_pernoctaciones,Nacional. Pernoctaciones. Total categorías. Total.
2022-12-01 00:00:00+01:00,16627833.0,nacional_pernoctaciones,Nacional. Pernoctaciones. Total categorías. Total.
2023-01-01 00:00:00+01:00,15472477.0,nacional_pernoctaciones,Nacional. Pernoctaciones. Total categorías. Total.
2023-02-01 00:00:00+01:00,16816547.0,nacional_pernoctaciones,Nacional. Pernoctaciones. Total categorías. Total.
2023-03-01 00:00:00+01:00,20597741.0,nacional_pernoctaciones,Nacional. Pernoctaciones. Total categorías. Total.
2023-04-01 00:00:00+02:00,28046754.0,nacional_pernoctaciones,Nacional. Pernoctaciones. Total categorías. Total.
2023-05-01 00:00:00+02:00,32187667.0,nacional_pernoctaciones,Nacional. Pernoctaciones. Total categorías. Total.
2023-06-01 00:00:00+02:00,36255025.0,nacional_pernoctaciones,Nacional. Pernoctaciones. Total categorías. Total.
2023-07-01 00:00:00+02:00,43109417.0,nacional_pernoctaciones,Nacional. Pernoctaciones. Total categorías. Total.
2023-08-01 00:00:00+02:00,46695607.0,nacional_pernoctaciones,Nacional. Pernoctaciones. Total categorías. Total.
2023-09-01 00:00:00+02:00,37980229.0,nacional_pernoctaciones,Nacional. Pernoctaciones. Total categorías. Total.
2023-10-01 00:00:00+02:00,32415687.0,nacional_pernoctaciones,Nacional. Pernoctaciones. Total categorías. Total.
2023-11-01 00:00:00+01:00,19023828.0,nacional_pernoctaciones,Nacional. Pernoctaciones. Total categorías. Total.
2023-12-01 00:00:00+01:00,17913857.0,nacional_pernoctaciones,Nacional. Pernoctaciones. Total categorías. Total.
2024-01-01 00:00:00+01:00,16491597.0,nacional_pernoctaciones,Nacional. Pernoctaciones. Total categorías. Total.
2024-02-01 00:00:00+01:00,18581766.0,nacional_pernoctaciones,Nacional. Pernoctaciones. Total categorías. Total.
2024-03-01 00:00:00+01:00,24520234.0,nacional_pernoctaciones,Nacional. Pernoctaciones. Total categorías. Total.
2024-04-01 00:00:00+02:00,27099375.0,nacional_pernoctaciones,Nacional. Pernoctaciones. Total categorías. Total.
2024-05-01 00:00:00+02:00,35701080.0,nacional_pernoctaciones,Nacional. Pernoctaciones. Total categorías. Total.
2024-06-01 00:00:00+02:00,38185201.0,nacional_pernoctaciones,Nacional. Pernoctaciones. Total categorías. Total.
2024-07-01 00:00:00+02:00,43918939.0,nacional_pernoctaciones,Nacional. Pernoctaciones. Total categorías. Total.
2024-08-01 00:00:00+02:00,47760600.0,nacional_pernoctaciones,Nacional. Pernoctaciones. Total categorías. Total.
2024-09-01 00:00:00+02:00,38965938.0,nacional_pernoctaciones,Nacional. Pernoctaciones. Total categorías. Total.
2024-10-01 00:00:00+02:00,33836772.0,nacional_pernoctaciones,Nacional. Pernoctaciones. Total categorías. Total.
2024-11-01 00:00:00+01:00,19978052.0,nacional_pernoctaciones,Nacional. Pernoctaciones. Total categorías. Total.
2024-12-01 00:00:00+01:00,18025526.0,nacional_pernoctaciones,Nacional. Pernoctaciones. Total categorías. Total.
2025-01-01 00:00:00+01:00,16830947.0,nacional_pernoctaciones,Nacional. Pernoctaciones. Total categorías. Total.
2025-02-01 00:00:00+01:00,18373966.0,nacional_pernoctaciones,Nacional. Pernoctaciones. Total categorías. Total.
2025-03-01 00:00:00+01:00,22393743.0,nacional_pernoctaciones,Nacional. Pernoctaciones. Total categorías. Total.
2025-04-01 00:00:00+02:00,28957925.0,nacional_pernoctaciones,Nacional. Pernoctaciones. Total categorías. Total.
2025-05-01 00:00:00+02:00,35418451.0,nacional_pernoctaciones,Nacional. Pernoctaciones. Total categorías. Total.
2025-06-01 00:00:00+02:00,38982683.0,nacional_pernoctaciones,Nacional. Pernoctaciones. Total categorías. Total.
2025-07-01 00:00:00+02:00,44691923.0,nacional_pernoctaciones,Nacional. Pernoctaciones. Total categorías. Total.
2025-08-01 00:00:00+02:00,48181913.0,nacional_pernoctaciones,Nacional. Pernoctaciones. Total categorías. Total.
2025-09-01 00:00:00+02:00,39420118.0,nacional_pernoctaciones,Nacional. Pernoctaciones. Total categorías. Total.
2025-10-01 00:00:00+02:00,34281206.0,nacional_pernoctaciones,Nacional. Pernoctaciones. Total categorías. Total.
2025-11-01 00:00:00+01:00,20301411.0,nacional_pernoctaciones,Nacional. Pernoctaciones. Total categorías. Total.
2025-12-01 00:00:00+01:00,18546462.0,nacional_pernoctaciones,Nacional. Pernoctaciones. Total categorías. Total.
2026-01-01 00:00:00+01:00,17395903.0,nacional_pernoctaciones,Nacional. Pernoctaciones. Total categorías. Total.
2026-02-01 00:00:00+01:00,18564904.0,nacional_pernoctaciones,Nacional. Pernoctaciones. Total categorías. Total.
2026-03-01 00:00:00+01:00,23606982.0,nacional_pernoctaciones,Nacional. Pernoctaciones. Total categorías. Total.
2026-04-01 00:00:00+02:00,29285688.0,nacional_pernoctaciones,Nacional. Pernoctaciones. Total categorías. Total.
2026-05-01 00:00:00+02:00,36318101.0,nacional_pernoctaciones,Nacional. Pernoctaciones. Total categorías. Total.
1999-01-01 00:00:00+01:00,3254725.0,canarias_pernoctaciones,Canarias. Pernoctaciones. Total.
1999-02-01 00:00:00+01:00,3199715.0,canarias_pernoctaciones,Canarias. Pernoctaciones. Total.
1999-03-01 00:00:00+01:00,3485060.0,canarias_pernoctaciones,Canarias. Pernoctaciones. Total.
1999-04-01 00:00:00+02:00,3281809.0,canarias_pernoctaciones,Canarias. Pernoctaciones. Total.
1999-05-01 00:00:00+02:00,3106804.0,canarias_pernoctaciones,Canarias. Pernoctaciones. Total.
1999-06-01 00:00:00+02:00,3015603.0,canarias_pernoctaciones,Canarias. Pernoctaciones. Total.
1999-07-01 00:00:00+02:00,3459816.0,canarias_pernoctaciones,Canarias. Pernoctaciones. Total.
1999-08-01 00:00:00+02:00,3974728.0,canarias_pernoctaciones,Canarias. Pernoctaciones. Total.
1999-09-01 00:00:00+02:00,3386534.0,canarias_pernoctaciones,Canarias. Pernoctaciones. Total.
1999-10-01 00:00:00+02:00,3616176.0,canarias_pernoctaciones,Canarias. Pernoctaciones. Total.
1999-11-01 00:00:00+01:00,3483544.0,canarias_pernoctaciones,Canarias. Pernoctaciones. Total.
1999-12-01 00:00:00+01:00,2899829.0,canarias_pernoctaciones,Canarias. Pernoctaciones. Total.
2000-01-01 00:00:00+01:00,2830457.0,canarias_pernoctaciones,Canarias. Pernoctaciones. Total.
2000-02-01 00:00:00+01:00,3052883.0,canarias_pernoctaciones,Canarias. Pernoctaciones. Total.
2000-03-01 00:00:00+01:00,3345660.0,canarias_pernoctaciones,Canarias. Pernoctaciones. Total.
2000-04-01 00:00:00+02:00,3102165.0,canarias_pernoctaciones,Canarias. Pernoctaciones. Total.
2000-05-01 00:00:00+02:00,2800074.0,canarias_pernoctaciones,Canarias. Pernoctaciones. Total.
2000-06-01 00:00:00+02:00,2841638.0,canarias_pernoctaciones,Canarias. Pernoctaciones. Total.
2000-07-01 00:00:00+02:00,3305479.0,canarias_pernoctaciones,Canarias. Pernoctaciones. Total.
2000-08-01 00:00:00+02:00,3717689.0,canarias_pernoctaciones,Canarias. Pernoctaciones. Total.
2000-09-01 00:00:00+02:00,3208768.0,canarias_pernoctaciones,Canarias. Pernoctaciones. Total.
2000-10-01 00:00:00+02:00,3387986.0,canarias_pernoctaciones,Canarias. Pernoctaciones. Total.
2000-11-01 00:00:00+01:00,3245059.0,canarias_pernoctaciones,Canarias. Pernoctaciones. Total.
2000-12-01 00:00:00+01:00,2913024.0,canarias_pernoctaciones,Canarias. Pernoctaciones. Total.
2001-01-01 00:00:00+01:00,2967965.0,canarias_pernoctaciones,Canarias. Pernoctaciones. Total.
2001-02-01 00:00:00+01:00,3026704.0,canarias_pernoctaciones,Canarias. Pernoctaciones. Total.
2001-03-01 00:00:00+01:00,3394424.0,canarias_pernoctaciones,Canarias. Pernoctaciones. Total.
2001-04-01 00:00:00+02:00,3060353.0,canarias_pernoctaciones,Canarias. Pernoctaciones. Total.
2001-05-01 00:00:00+02:00,2863636.0,canarias_pernoctaciones,Canarias. Pernoctaciones. Total.
2001-06-01 00:00:00+02:00,2840656.0,canarias_pernoctaciones,Canarias. Pernoctaciones. Total.
2001-07-01 00:00:00+02:00,3326895.0,canarias_pernoctaciones,Canarias. Pernoctaciones. Total.
2001-08-01 00:00:00+02:00,3733719.0,canarias_pernoctaciones,Canarias. Pernoctaciones. Total.
2001-09-01 00:00:00+02:00,3239175.0,canarias_pernoctaciones,Canarias. Pernoctaciones. Total.
2001-10-01 00:00:00+02:00,3307829.0,canarias_pernoctaciones,Canarias. Pernoctaciones. Total.
2001-11-01 00:00:00+01:00,3177427.0,canarias_pernoctaciones,Canarias. Pernoctaciones. Total.
2001-12-01 00:00:00+01:00,2841415.0,canarias_pernoctaciones,Canarias. Pernoctaciones. Total.
2002-01-01 00:00:00+01:00,3023100.0,canarias_pernoctaciones,Canarias. Pernoctaciones. Total.
2002-02-01 00:00:00+01:00,3042858.0,canarias_pernoctaciones,Canarias. Pernoctaciones. Total.
2002-03-01 00:00:00+01:00,3402276.0,canarias_pernoctaciones,Canarias. Pernoctaciones. Total.
2002-04-01 00:00:00+02:00,2904209.0,canarias_pernoctaciones,Canarias. Pernoctaciones. Total.
2002-05-01 00:00:00+02:00,2544480.0,canarias_pernoctaciones,Canarias. Pernoctaciones. Total.
2002-06-01 00:00:00+02:00,2599180.0,canarias_pernoctaciones,Canarias. Pernoctaciones. Total.
2002-07-01 00:00:00+02:00,3187602.0,canarias_pernoctaciones,Canarias. Pernoctaciones. Total.
2002-08-01 00:00:00+02:00,3770993.0,canarias_pernoctaciones,Canarias. Pernoctaciones. Total.
2002-09-01 00:00:00+02:00,3185886.0,canarias_pernoctaciones,Canarias. Pernoctaciones. Total.
2002-10-01 00:00:00+02:00,3147445.0,canarias_pernoctaciones,Canarias. Pernoctaciones. Total.
2002-11-01 00:00:00+01:00,3051525.0,canarias_pernoctaciones,Canarias. Pernoctaciones. Total.
2002-12-01 00:00:00+01:00,2888316.0,canarias_pernoctaciones,Canarias. Pernoctaciones. Total.
2003-01-01 00:00:00+01:00,3148353.0,canarias_pernoctaciones,Canarias. Pernoctaciones. Total.
2003-02-01 00:00:00+01:00,3034649.0,canarias_pernoctaciones,Canarias. Pernoctaciones. Total.
2003-03-01 00:00:00+01:00,3341794.0,canarias_pernoctaciones,Canarias. Pernoctaciones. Total.
2003-04-01 00:00:00+02:00,3113897.0,canarias_pernoctaciones,Canarias. Pernoctaciones. Total.
2003-05-01 00:00:00+02:00,2866419.0,canarias_pernoctaciones,Canarias. Pernoctaciones. Total.
2003-06-01 00:00:00+02:00,2826621.0,canarias_pernoctaciones,Canarias. Pernoctaciones. Total.
2003-07-01 00:00:00+02:00,3358231.0,canarias_pernoctaciones,Canarias. Pernoctaciones. Total.
2003-08-01 00:00:00+02:00,4179793.0,canarias_pernoctaciones,Canarias. Pernoctaciones. Total.
2003-09-01 00:00:00+02:00,3225080.0,canarias_pernoctaciones,Canarias. Pernoctaciones. Total.
2003-10-01 00:00:00+02:00,3242393.0,canarias_pernoctaciones,Canarias. Pernoctaciones. Total.
2003-11-01 00:00:00+01:00,3002148.0,canarias_pernoctaciones,Canarias. Pernoctaciones. Total.
2003-12-01 00:00:00+01:00,2827376.0,canarias_pernoctaciones,Canarias. Pernoctaciones. Total.
2004-01-01 00:00:00+01:00,3156037.0,canarias_pernoctaciones,Canarias. Pernoctaciones. Total.
2004-02-01 00:00:00+01:00,3116115.0,canarias_pernoctaciones,Canarias. Pernoctaciones. Total.
2004-03-01 00:00:00+01:00,3245708.0,canarias_pernoctaciones,Canarias. Pernoctaciones. Total.
2004-04-01 00:00:00+02:00,2915032.0,canarias_pernoctaciones,Canarias. Pernoctaciones. Total.
2004-05-01 00:00:00+02:00,2595483.0,canarias_pernoctaciones,Canarias. Pernoctaciones. Total.
2004-06-01 00:00:00+02:00,2689743.0,canarias_pernoctaciones,Canarias. Pernoctaciones. Total.
2004-07-01 00:00:00+02:00,3346072.0,canarias_pernoctaciones,Canarias. Pernoctaciones. Total.
2004-08-01 00:00:00+02:00,4174486.0,canarias_pernoctaciones,Canarias. Pernoctaciones. Total.
2004-09-01 00:00:00+02:00,3289071.0,canarias_pernoctaciones,Canarias. Pernoctaciones. Total.
2004-10-01 00:00:00+02:00,3319934.0,canarias_pernoctaciones,Canarias. Pernoctaciones. Total.
2004-11-01 00:00:00+01:00,3199556.0,canarias_pernoctaciones,Canarias. Pernoctaciones. Total.
2004-12-01 00:00:00+01:00,2960075.0,canarias_pernoctaciones,Canarias. Pernoctaciones. Total.
2005-01-01 00:00:00+01:00,3363138.0,canarias_pernoctaciones,Canarias. Pernoctaciones. Total.
2005-02-01 00:00:00+01:00,3086421.0,canarias_pernoctaciones,Canarias. Pernoctaciones. Total.
2005-03-01 00:00:00+01:00,3245525.0,canarias_pernoctaciones,Canarias. Pernoctaciones. Total.
2005-04-01 00:00:00+02:00,2804804.0,canarias_pernoctaciones,Canarias. Pernoctaciones. Total.
2005-05-01 00:00:00+02:00,2582447.0,canarias_pernoctaciones,Canarias. Pernoctaciones. Total.
2005-06-01 00:00:00+02:00,2699865.0,canarias_pernoctaciones,Canarias. Pernoctaciones. Total.
2005-07-01 00:00:00+02:00,3469212.0,canarias_pernoctaciones,Canarias. Pernoctaciones. Total.
2005-08-01 00:00:00+02:00,4233244.0,canarias_pernoctaciones,Canarias. Pernoctaciones. Total.
2005-09-01 00:00:00+02:00,3306629.0,canarias_pernoctaciones,Canarias. Pernoctaciones. Total.
2005-10-01 00:00:00+02:00,3425031.0,canarias_pernoctaciones,Canarias. Pernoctaciones. Total.
2005-11-01 00:00:00+01:00,3348402.0,canarias_pernoctaciones,Canarias. Pernoctaciones. Total.
2005-12-01 00:00:00+01:00,2987169.0,canarias_pernoctaciones,Canarias. Pernoctaciones. Total.
2006-01-01 00:00:00+01:00,3740912.0,canarias_pernoctaciones,Canarias. Pernoctaciones. Total.
2006-02-01 00:00:00+01:00,3429101.0,canarias_pernoctaciones,Canarias. Pernoctaciones. Total.
2006-03-01 00:00:00+01:00,3926625.0,canarias_pernoctaciones,Canarias. Pernoctaciones. Total.
2006-04-01 00:00:00+02:00,3891608.0,canarias_pernoctaciones,Canarias. Pernoctaciones. Total.
2006-05-01 00:00:00+02:00,3351154.0,canarias_pernoctaciones,Canarias. Pernoctaciones. Total.
2006-06-01 00:00:00+02:00,3549446.0,canarias_pernoctaciones,Canarias. Pernoctaciones. Total.
2006-07-01 00:00:00+02:00,4542752.0,canarias_pernoctaciones,Canarias. Pernoctaciones. Total.
2006-08-01 00:00:00+02:00,5113923.0,canarias_pernoctaciones,Canarias. Pernoctaciones. Total.
2006-09-01 00:00:00+02:00,4114972.0,canarias_pernoctaciones,Canarias. Pernoctaciones. Total.
2006-10-01 00:00:00+02:00,4087622.0,canarias_pernoctaciones,Canarias. Pernoctaciones. Total.
2006-11-01 00:00:00+01:00,3795314.0,canarias_pernoctaciones,Canarias. Pernoctaciones. Total.
2006-12-01 00:00:00+01:00,3628961.0,canarias_pernoctaciones,Canarias. Pernoctaciones. Total.
2007-01-01 00:00:00+01:00,3849385.0,canarias_pernoctaciones,Canarias. Pernoctaciones. Total.
2007-02-01 00:00:00+01:00,3565749.0,canarias_pernoctaciones,Canarias. Pernoctaciones. Total.
2007-03-01 00:00:00+01:00,4157043.0,canarias_pernoctaciones,Canarias. Pernoctaciones. Total.
2007-04-01 00:00:00+02:00,3933000.0,canarias_pernoctaciones,Canarias. Pernoctaciones. Total.
2007-05-01 00:00:00+02:00,3258757.0,canarias_pernoctaciones,Canarias. Pernoctaciones. Total.
2007-06-01 00:00:00+02:00,3705539.0,canarias_pernoctaciones,Canarias. Pernoctaciones. Total.
2007-07-01 00:00:00+02:00,4651273.0,canarias_pernoctaciones,Canarias. Pernoctaciones. Total.
2007-08-01 00:00:00+02:00,5223189.0,canarias_pernoctaciones,Canarias. Pernoctaciones. Total.
2007-09-01 00:00:00+02:00,4068148.0,canarias_pernoctaciones,Canarias. Pernoctaciones. Total.
2007-10-01 00:00:00+02:00,4105091.0,canarias_pernoctaciones,Canarias. Pernoctaciones. Total.
2007-11-01 00:00:00+01:00,4054800.0,canarias_pernoctaciones,Canarias. Pernoctaciones. Total.
2007-12-01 00:00:00+01:00,3864067.0,canarias_pernoctaciones,Canarias. Pernoctaciones. Total.
2008-01-01 00:00:00+01:00,3991178.0,canarias_pernoctaciones,Canarias. Pernoctaciones. Total.
2008-02-01 00:00:00+01:00,4004943.0,canarias_pernoctaciones,Canarias. Pernoctaciones. Total.
2008-03-01 00:00:00+01:00,4304810.0,canarias_pernoctaciones,Canarias. Pernoctaciones. Total.
2008-04-01 00:00:00+02:00,3910836.0,canarias_pernoctaciones,Canarias. Pernoctaciones. Total.
2008-05-01 00:00:00+02:00,3679402.0,canarias_pernoctaciones,Canarias. Pernoctaciones. Total.
2008-06-01 00:00:00+02:00,3852750.0,canarias_pernoctaciones,Canarias. Pernoctaciones. Total.
2008-07-01 00:00:00+02:00,4746892.0,canarias_pernoctaciones,Canarias. Pernoctaciones. Total.
2008-08-01 00:00:00+02:00,5257962.0,canarias_pernoctaciones,Canarias. Pernoctaciones. Total.
2008-09-01 00:00:00+02:00,4082556.0,canarias_pernoctaciones,Canarias. Pernoctaciones. Total.
2008-10-01 00:00:00+02:00,4009443.0,canarias_pernoctaciones,Canarias. Pernoctaciones. Total.
2008-11-01 00:00:00+01:00,3942859.0,canarias_pernoctaciones,Canarias. Pernoctaciones. Total.
2008-12-01 00:00:00+01:00,3616719.0,canarias_pernoctaciones,Canarias. Pernoctaciones. Total.
2009-01-01 00:00:00+01:00,3789452.0,canarias_pernoctaciones,Canarias. Pernoctaciones. Total.
2009-02-01 00:00:00+01:00,3433707.0,canarias_pernoctaciones,Canarias. Pernoctaciones. Total.
2009-03-01 00:00:00+01:00,3791794.0,canarias_pernoctaciones,Canarias. Pernoctaciones. Total.
2009-04-01 00:00:00+02:00,3622527.0,canarias_pernoctaciones,Canarias. Pernoctaciones. Total.
2009-05-01 00:00:00+02:00,3055173.0,canarias_pernoctaciones,Canarias. Pernoctaciones. Total.
2009-06-01 00:00:00+02:00,3448890.0,canarias_pernoctaciones,Canarias. Pernoctaciones. Total.
2009-07-01 00:00:00+02:00,4379068.0,canarias_pernoctaciones,Canarias. Pernoctaciones. Total.
2009-08-01 00:00:00+02:00,4747211.0,canarias_pernoctaciones,Canarias. Pernoctaciones. Total.
2009-09-01 00:00:00+02:00,3687859.0,canarias_pernoctaciones,Canarias. Pernoctaciones. Total.
2009-10-01 00:00:00+02:00,3753330.0,canarias_pernoctaciones,Canarias. Pernoctaciones. Total.
2009-11-01 00:00:00+01:00,3771633.0,canarias_pernoctaciones,Canarias. Pernoctaciones. Total.
2009-12-01 00:00:00+01:00,3689390.0,canarias_pernoctaciones,Canarias. Pernoctaciones. Total.
2010-01-01 00:00:00+01:00,3966161.0,canarias_pernoctaciones,Canarias. Pernoctaciones. Total.
2010-02-01 00:00:00+01:00,3765424.0,canarias_pernoctaciones,Canarias. Pernoctaciones. Total.
2010-03-01 00:00:00+01:00,4134102.0,canarias_pernoctaciones,Canarias. Pernoctaciones. Total.
2010-04-01 00:00:00+02:00,3692084.0,canarias_pernoctaciones,Canarias. Pernoctaciones. Total.
2010-05-01 00:00:00+02:00,3337512.0,canarias_pernoctaciones,Canarias. Pernoctaciones. Total.
2010-06-01 00:00:00+02:00,3606909.0,canarias_pernoctaciones,Canarias. Pernoctaciones. Total.
2010-07-01 00:00:00+02:00,4668500.0,canarias_pernoctaciones,Canarias. Pernoctaciones. Total.
2010-08-01 00:00:00+02:00,5330271.0,canarias_pernoctaciones,Canarias. Pernoctaciones. Total.
2010-09-01 00:00:00+02:00,4329176.0,canarias_pernoctaciones,Canarias. Pernoctaciones. Total.
2010-10-01 00:00:00+02:00,4543083.0,canarias_pernoctaciones,Canarias. Pernoctaciones. Total.
2010-11-01 00:00:00+01:00,4476982.0,canarias_pernoctaciones,Canarias. Pernoctaciones. Total.
2010-12-01 00:00:00+01:00,4146417.0,canarias_pernoctaciones,Canarias. Pernoctaciones. Total.
2011-01-01 00:00:00+01:00,4715607.0,canarias_pernoctaciones,Canarias. Pernoctaciones. Total.
2011-02-01 00:00:00+01:00,4755010.0,canarias_pernoctaciones,Canarias. Pernoctaciones. Total.
2011-03-01 00:00:00+01:00,5378950.0,canarias_pernoctaciones,Canarias. Pernoctaciones. Total.
2011-04-01 00:00:00+02:00,4818453.0,canarias_pernoctaciones,Canarias. Pernoctaciones. Total.
2011-05-01 00:00:00+02:00,3943066.0,canarias_pernoctaciones,Canarias. Pernoctaciones. Total.
2011-06-01 00:00:00+02:00,4271309.0,canarias_pernoctaciones,Canarias. Pernoctaciones. Total.
2011-07-01 00:00:00+02:00,5419067.0,canarias_pernoctaciones,Canarias. Pernoctaciones. Total.
2011-08-01 00:00:00+02:00,6018289.0,canarias_pernoctaciones,Canarias. Pernoctaciones. Total.
2011-09-01 00:00:00+02:00,4797614.0,canarias_pernoctaciones,Canarias. Pernoctaciones. Total.
2011-10-01 00:00:00+02:00,4979745.0,canarias_pernoctaciones,Canarias. Pernoctaciones. Total.
2011-11-01 00:00:00+01:00,4891105.0,canarias_pernoctaciones,Canarias. Pernoctaciones. Total.
2011-12-01 00:00:00+01:00,4506956.0,canarias_pernoctaciones,Canarias. Pernoctaciones. Total.
2012-01-01 00:00:00+01:00,5017928.0,canarias_pernoctaciones,Canarias. Pernoctaciones. Total.
2012-02-01 00:00:00+01:00,4733598.0,canarias_pernoctaciones,Canarias. Pernoctaciones. Total.
2012-03-01 00:00:00+01:00,4871305.0,canarias_pernoctaciones,Canarias. Pernoctaciones. Total.
2012-04-01 00:00:00+02:00,4340823.0,canarias_pernoctaciones,Canarias. Pernoctaciones. Total.
2012-05-01 00:00:00+02:00,3925855.0,canarias_pernoctaciones,Canarias. Pernoctaciones. Total.
2012-06-01 00:00:00+02:00,4348243.0,canarias_pernoctaciones,Canarias. Pernoctaciones. Total.
2012-07-01 00:00:00+02:00,5324308.0,canarias_pernoctaciones,Canarias. Pernoctaciones. Total.
2012-08-01 00:00:00+02:00,5705421.0,canarias_pernoctaciones,Canarias. Pernoctaciones. Total.
2012-09-01 00:00:00+02:00,4753476.0,canarias_pernoctaciones,Canarias. Pernoctaciones. Total.
2012-10-01 00:00:00+02:00,4971526.0,canarias_pernoctaciones,Canarias. Pernoctaciones. Total.
2012-11-01 00:00:00+01:00,4679555.0,canarias_pernoctaciones,Canarias. Pernoctaciones. Total.
2012-12-01 00:00:00+01:00,4544274.0,canarias_pernoctaciones,Canarias. Pernoctaciones. Total.
2013-01-01 00:00:00+01:00,4921448.0,canarias_pernoctaciones,Canarias. Pernoctaciones. Total.
2013-02-01 00:00:00+01:00,4577825.0,canarias_pernoctaciones,Canarias. Pernoctaciones. Total.
2013-03-01 00:00:00+01:00,5127811.0,canarias_pernoctaciones,Canarias. Pernoctaciones. Total.
2013-04-01 00:00:00+02:00,4254909.0,canarias_pernoctaciones,Canarias. Pernoctaciones. Total.
2013-05-01 00:00:00+02:00,4185257.0,canarias_pernoctaciones,Canarias. Pernoctaciones. Total.
2013-06-01 00:00:00+02:00,4471959.0,canarias_pernoctaciones,Canarias. Pernoctaciones. Total.
2013-07-01 00:00:00+02:00,5428770.0,canarias_pernoctaciones,Canarias. Pernoctaciones. Total.
2013-08-01 00:00:00+02:00,5844001.0,canarias_pernoctaciones,Canarias. Pernoctaciones. Total.
2013-09-01 00:00:00+02:00,4849631.0,canarias_pernoctaciones,Canarias. Pernoctaciones. Total.
2013-10-01 00:00:00+02:00,5251853.0,canarias_pernoctaciones,Canarias. Pernoctaciones. Total.
2013-11-01 00:00:00+01:00,5254683.0,canarias_pernoctaciones,Canarias. Pernoctaciones. Total.
2013-12-01 00:00:00+01:00,5151817.0,canarias_pernoctaciones,Canarias. Pernoctaciones. Total.
2014-01-01 00:00:00+01:00,5469828.0,canarias_pernoctaciones,Canarias. Pernoctaciones. Total.
2014-02-01 00:00:00+01:00,5034240.0,canarias_pernoctaciones,Canarias. Pernoctaciones. Total.
2014-03-01 00:00:00+01:00,5868889.0,canarias_pernoctaciones,Canarias. Pernoctaciones. Total.
2014-04-01 00:00:00+02:00,4934625.0,canarias_pernoctaciones,Canarias. Pernoctaciones. Total.
2014-05-01 00:00:00+02:00,4404958.0,canarias_pernoctaciones,Canarias. Pernoctaciones. Total.
2014-06-01 00:00:00+02:00,4737833.0,canarias_pernoctaciones,Canarias. Pernoctaciones. Total.
2014-07-01 00:00:00+02:00,5805977.0,canarias_pernoctaciones,Canarias. Pernoctaciones. Total.
2014-08-01 00:00:00+02:00,6360924.0,canarias_pernoctaciones,Canarias. Pernoctaciones. Total.
2014-09-01 00:00:00+02:00,5212974.0,canarias_pernoctaciones,Canarias. Pernoctaciones. Total.
2014-10-01 00:00:00+02:00,5514028.0,canarias_pernoctaciones,Canarias. Pernoctaciones. Total.
2014-11-01 00:00:00+01:00,5201845.0,canarias_pernoctaciones,Canarias. Pernoctaciones. Total.
2014-12-01 00:00:00+01:00,4971004.0,canarias_pernoctaciones,Canarias. Pernoctaciones. Total.
2015-01-01 00:00:00+01:00,5313318.0,canarias_pernoctaciones,Canarias. Pernoctaciones. Total.
2015-02-01 00:00:00+01:00,4976572.0,canarias_pernoctaciones,Canarias. Pernoctaciones. Total.
2015-03-01 00:00:00+01:00,5297029.0,canarias_pernoctaciones,Canarias. Pernoctaciones. Total.
2015-04-01 00:00:00+02:00,4826420.0,canarias_pernoctaciones,Canarias. Pernoctaciones. Total.
2015-05-01 00:00:00+02:00,4585602.0,canarias_pernoctaciones,Canarias. Pernoctaciones. Total.
2015-06-01 00:00:00+02:00,4782804.0,canarias_pernoctaciones,Canarias. Pernoctaciones. Total.
2015-07-01 00:00:00+02:00,5962170.0,canarias_pernoctaciones,Canarias. Pernoctaciones. Total.
2015-08-01 00:00:00+02:00,6522706.0,canarias_pernoctaciones,Canarias. Pernoctaciones. Total.
2015-09-01 00:00:00+02:00,5288940.0,canarias_pernoctaciones,Canarias. Pernoctaciones. Total.
2015-10-01 00:00:00+02:00,5626067.0,canarias_pernoctaciones,Canarias. Pernoctaciones. Total.
2015-11-01 00:00:00+01:00,5391325.0,canarias_pernoctaciones,Canarias. Pernoctaciones. Total.
2015-12-01 00:00:00+01:00,5266659.0,canarias_pernoctaciones,Canarias. Pernoctaciones. Total.
2016-01-01 00:00:00+01:00,5512214.0,canarias_pernoctaciones,Canarias. Pernoctaciones. Total.
2016-02-01 00:00:00+01:00,5447785.0,canarias_pernoctaciones,Canarias. Pernoctaciones. Total.
2016-03-01 00:00:00+01:00,5956876.0,canarias_pernoctaciones,Canarias. Pernoctaciones. Total.
2016-04-01 00:00:00+02:00,5303835.0,canarias_pernoctaciones,Canarias. Pernoctaciones. Total.
2016-05-01 00:00:00+02:00,5178261.0,canarias_pernoctaciones,Canarias. Pernoctaciones. Total.
2016-06-01 00:00:00+02:00,5436486.0,canarias_pernoctaciones,Canarias. Pernoctaciones. Total.
2016-07-01 00:00:00+02:00,6613722.0,canarias_pernoctaciones,Canarias. Pernoctaciones. Total.
2016-08-01 00:00:00+02:00,7014090.0,canarias_pernoctaciones,Canarias. Pernoctaciones. Total.
2016-09-01 00:00:00+02:00,5811546.0,canarias_pernoctaciones,Canarias. Pernoctaciones. Total.
2016-10-01 00:00:00+02:00,6137042.0,canarias_pernoctaciones,Canarias. Pernoctaciones. Total.
2016-11-01 00:00:00+01:00,5683971.0,canarias_pernoctaciones,Canarias. Pernoctaciones. Total.
2016-12-01 00:00:00+01:00,5606991.0,canarias_pernoctaciones,Canarias. Pernoctaciones. Total.
2017-01-01 00:00:00+01:00,5858214.0,canarias_pernoctaciones,Canarias. Pernoctaciones. Total.
2017-02-01 00:00:00+01:00,5431297.0,canarias_pernoctaciones,Canarias. Pernoctaciones. Total.
2017-03-01 00:00:00+01:00,5849571.0,canarias_pernoctaciones,Canarias. Pernoctaciones. Total.
2017-04-01 00:00:00+02:00,5861018.0,canarias_pernoctaciones,Canarias. Pernoctaciones. Total.
2017-05-01 00:00:00+02:00,5252323.0,canarias_pernoctaciones,Canarias. Pernoctaciones. Total.
2017-06-01 00:00:00+02:00,5654437.0,canarias_pernoctaciones,Canarias. Pernoctaciones. Total.
2017-07-01 00:00:00+02:00,6703140.0,canarias_pernoctaciones,Canarias. Pernoctaciones. Total.
2017-08-01 00:00:00+02:00,7040351.0,canarias_pernoctaciones,Canarias. Pernoctaciones. Total.
2017-09-01 00:00:00+02:00,5938904.0,canarias_pernoctaciones,Canarias. Pernoctaciones. Total.
2017-10-01 00:00:00+02:00,6241786.0,canarias_pernoctaciones,Canarias. Pernoctaciones. Total.
2017-11-01 00:00:00+01:00,5722846.0,canarias_pernoctaciones,Canarias. Pernoctaciones. Total.
2017-12-01 00:00:00+01:00,5463327.0,canarias_pernoctaciones,Canarias. Pernoctaciones. Total.
2018-01-01 00:00:00+01:00,5736288.0,canarias_pernoctaciones,Canarias. Pernoctaciones. Total.
2018-02-01 00:00:00+01:00,5385244.0,canarias_pernoctaciones,Canarias. Pernoctaciones. Total.
2018-03-01 00:00:00+01:00,5892291.0,canarias_pernoctaciones,Canarias. Pernoctaciones. Total.
2018-04-01 00:00:00+02:00,5343609.0,canarias_pernoctaciones,Canarias. Pernoctaciones. Total.
2018-05-01 00:00:00+02:00,5161813.0,canarias_pernoctaciones,Canarias. Pernoctaciones. Total.
2018-06-01 00:00:00+02:00,5438607.0,canarias_pernoctaciones,Canarias. Pernoctaciones. Total.
2018-07-01 00:00:00+02:00,6395243.0,canarias_pernoctaciones,Canarias. Pernoctaciones. Total.
2018-08-01 00:00:00+02:00,6878964.0,canarias_pernoctaciones,Canarias. Pernoctaciones. Total.
2018-09-01 00:00:00+02:00,5832939.0,canarias_pernoctaciones,Canarias. Pernoctaciones. Total.
2018-10-01 00:00:00+02:00,6148394.0,canarias_pernoctaciones,Canarias. Pernoctaciones. Total.
2018-11-01 00:00:00+01:00,5495397.0,canarias_pernoctaciones,Canarias. Pernoctaciones. Total.
2018-12-01 00:00:00+01:00,5299654.0,canarias_pernoctaciones,Canarias. Pernoctaciones. Total.
2019-01-01 00:00:00+01:00,5558651.0,canarias_pernoctaciones,Canarias. Pernoctaciones. Total.
2019-02-01 00:00:00+01:00,5104651.0,canarias_pernoctaciones,Canarias. Pernoctaciones. Total.
2019-03-01 00:00:00+01:00,5717829.0,canarias_pernoctaciones,Canarias. Pernoctaciones. Total.
2019-04-01 00:00:00+02:00,5471123.0,canarias_pernoctaciones,Canarias. Pernoctaciones. Total.
2019-05-01 00:00:00+02:00,4952913.0,canarias_pernoctaciones,Canarias. Pernoctaciones. Total.
2019-06-01 00:00:00+02:00,5433216.0,canarias_pernoctaciones,Canarias. Pernoctaciones. Total.
2019-07-01 00:00:00+02:00,6270690.0,canarias_pernoctaciones,Canarias. Pernoctaciones. Total.
2019-08-01 00:00:00+02:00,6637972.0,canarias_pernoctaciones,Canarias. Pernoctaciones. Total.
2019-09-01 00:00:00+02:00,5616699.0,canarias_pernoctaciones,Canarias. Pernoctaciones. Total.
2019-10-01 00:00:00+02:00,5723223.0,canarias_pernoctaciones,Canarias. Pernoctaciones. Total.
2019-11-01 00:00:00+01:00,5389054.0,canarias_pernoctaciones,Canarias. Pernoctaciones. Total.
2019-12-01 00:00:00+01:00,5407003.0,canarias_pernoctaciones,Canarias. Pernoctaciones. Total.
2020-01-01 00:00:00+01:00,5585568.0,canarias_pernoctaciones,Canarias. Pernoctaciones. Total.
2020-02-01 00:00:00+01:00,5375990.0,canarias_pernoctaciones,Canarias. Pernoctaciones. Total.
2020-03-01 00:00:00+01:00,2646136.0,canarias_pernoctaciones,Canarias. Pernoctaciones. Total.
2020-04-01 00:00:00+02:00,0.0,canarias_pernoctaciones,Canarias. Pernoctaciones. Total.
2020-05-01 00:00:00+02:00,6045.0,canarias_pernoctaciones,Canarias. Pernoctaciones. Total.
2020-06-01 00:00:00+02:00,29970.0,canarias_pernoctaciones,Canarias. Pernoctaciones. Total.
2020-07-01 00:00:00+02:00,1039258.0,canarias_pernoctaciones,Canarias. Pernoctaciones. Total.
2020-08-01 00:00:00+02:00,1962136.0,canarias_pernoctaciones,Canarias. Pernoctaciones. Total.
2020-09-01 00:00:00+02:00,959931.0,canarias_pernoctaciones,Canarias. Pernoctaciones. Total.
2020-10-01 00:00:00+02:00,748849.0,canarias_pernoctaciones,Canarias. Pernoctaciones. Total.
2020-11-01 00:00:00+01:00,780724.0,canarias_pernoctaciones,Canarias. Pernoctaciones. Total.
2020-12-01 00:00:00+01:00,947498.0,canarias_pernoctaciones,Canarias. Pernoctaciones. Total.
2021-01-01 00:00:00+01:00,442191.0,canarias_pernoctaciones,Canarias. Pernoctaciones. Total.
2021-02-01 00:00:00+01:00,369907.0,canarias_pernoctaciones,Canarias. Pernoctaciones. Total.
2021-03-01 00:00:00+01:00,530590.0,canarias_pernoctaciones,Canarias. Pernoctaciones. Total.
2021-04-01 00:00:00+02:00,618665.0,canarias_pernoctaciones,Canarias. Pernoctaciones. Total.
2021-05-01 00:00:00+02:00,857369.0,canarias_pernoctaciones,Canarias. Pernoctaciones. Total.
2021-06-01 00:00:00+02:00,1454196.0,canarias_pernoctaciones,Canarias. Pernoctaciones. Total.
2021-07-01 00:00:00+02:00,2910469.0,canarias_pernoctaciones,Canarias. Pernoctaciones. Total.
2021-08-01 00:00:00+02:00,4405191.0,canarias_pernoctaciones,Canarias. Pernoctaciones. Total.
2021-09-01 00:00:00+02:00,4070808.0,canarias_pernoctaciones,Canarias. Pernoctaciones. Total.
2021-10-01 00:00:00+02:00,5086242.0,canarias_pernoctaciones,Canarias. Pernoctaciones. Total.
2021-11-01 00:00:00+01:00,5014821.0,canarias_pernoctaciones,Canarias. Pernoctaciones. Total.
2021-12-01 00:00:00+01:00,4400112.0,canarias_pernoctaciones,Canarias. Pernoctaciones. Total.
2022-01-01 00:00:00+01:00,3852818.0,canarias_pernoctaciones,Canarias. Pernoctaciones. Total.
2022-02-01 00:00:00+01:00,4309818.0,canarias_pernoctaciones,Canarias. Pernoctaciones. Total.
2022-03-01 00:00:00+01:00,5313518.0,canarias_pernoctaciones,Canarias. Pernoctaciones. Total.
2022-04-01 00:00:00+02:00,5354728.0,canarias_pernoctaciones,Canarias. Pernoctaciones. Total.
2022-05-01 00:00:00+02:00,4864172.0,canarias_pernoctaciones,Canarias. Pernoctaciones. Total.
2022-06-01 00:00:00+02:00,5247608.0,canarias_pernoctaciones,Canarias. Pernoctaciones. Total.
2022-07-01 00:00:00+02:00,6135261.0,canarias_pernoctaciones,Canarias. Pernoctaciones. Total.
2022-08-01 00:00:00+02:00,6745851.0,canarias_pernoctaciones,Canarias. Pernoctaciones. Total.
2022-09-01 00:00:00+02:00,5601930.0,canarias_pernoctaciones,Canarias. Pernoctaciones. Total.
2022-10-01 00:00:00+02:00,5895262.0,canarias_pernoctaciones,Canarias. Pernoctaciones. Total.
2022-11-01 00:00:00+01:00,5524185.0,canarias_pernoctaciones,Canarias. Pernoctaciones. Total.
2022-12-01 00:00:00+01:00,5619237.0,canarias_pernoctaciones,Canarias. Pernoctaciones. Total.
2023-01-01 00:00:00+01:00,5705808.0,canarias_pernoctaciones,Canarias. Pernoctaciones. Total.
2023-02-01 00:00:00+01:00,5483287.0,canarias_pernoctaciones,Canarias. Pernoctaciones. Total.
2023-03-01 00:00:00+01:00,5800802.0,canarias_pernoctaciones,Canarias. Pernoctaciones. Total.
2023-04-01 00:00:00+02:00,5539132.0,canarias_pernoctaciones,Canarias. Pernoctaciones. Total.
2023-05-01 00:00:00+02:00,5146775.0,canarias_pernoctaciones,Canarias. Pernoctaciones. Total.
2023-06-01 00:00:00+02:00,5445601.0,canarias_pernoctaciones,Canarias. Pernoctaciones. Total.
2023-07-01 00:00:00+02:00,6291686.0,canarias_pernoctaciones,Canarias. Pernoctaciones. Total.
2023-08-01 00:00:00+02:00,6528461.0,canarias_pernoctaciones,Canarias. Pernoctaciones. Total.
2023-09-01 00:00:00+02:00,5848227.0,canarias_pernoctaciones,Canarias. Pernoctaciones. Total.
2023-10-01 00:00:00+02:00,6196320.0,canarias_pernoctaciones,Canarias. Pernoctaciones. Total.
2023-11-01 00:00:00+01:00,5940879.0,canarias_pernoctaciones,Canarias. Pernoctaciones. Total.
2023-12-01 00:00:00+01:00,5827194.0,canarias_pernoctaciones,Canarias. Pernoctaciones. Total.
2024-01-01 00:00:00+01:00,6128443.0,canarias_pernoctaciones,Canarias. Pernoctaciones. Total.
2024-02-01 00:00:00+01:00,5955648.0,canarias_pernoctaciones,Canarias. Pernoctaciones. Total.
2024-03-01 00:00:00+01:00,6382046.0,canarias_pernoctaciones,Canarias. Pernoctaciones. Total.
2024-04-01 00:00:00+02:00,5589807.0,canarias_pernoctaciones,Canarias. Pernoctaciones. Total.
2024-05-01 00:00:00+02:00,5419971.0,canarias_pernoctaciones,Canarias. Pernoctaciones. Total.
2024-06-01 00:00:00+02:00,5694371.0,canarias_pernoctaciones,Canarias. Pernoctaciones. Total.
2024-07-01 00:00:00+02:00,6394760.0,canarias_pernoctaciones,Canarias. Pernoctaciones. Total.
2024-08-01 00:00:00+02:00,6875312.0,canarias_pernoctaciones,Canarias. Pernoctaciones. Total.
2024-09-01 00:00:00+02:00,5974213.0,canarias_pernoctaciones,Canarias. Pernoctaciones. Total.
2024-10-01 00:00:00+02:00,6440956.0,canarias_pernoctaciones,Canarias. Pernoctaciones. Total.
2024-11-01 00:00:00+01:00,6072981.0,canarias_pernoctaciones,Canarias. Pernoctaciones. Total.
2024-12-01 00:00:00+01:00,5966000.0,canarias_pernoctaciones,Canarias. Pernoctaciones. Total.
2025-01-01 00:00:00+01:00,6248911.0,canarias_pernoctaciones,Canarias. Pernoctaciones. Total.
2025-02-01 00:00:00+01:00,5951354.0,canarias_pernoctaciones,Canarias. Pernoctaciones. Total.
2025-03-01 00:00:00+01:00,6146735.0,canarias_pernoctaciones,Canarias. Pernoctaciones. Total.
2025-04-01 00:00:00+02:00,5749725.0,canarias_pernoctaciones,Canarias. Pernoctaciones. Total.
2025-05-01 00:00:00+02:00,5352406.0,canarias_pernoctaciones,Canarias. Pernoctaciones. Total.
2025-06-01 00:00:00+02:00,5673334.0,canarias_pernoctaciones,Canarias. Pernoctaciones. Total.
2025-07-01 00:00:00+02:00,6552626.0,canarias_pernoctaciones,Canarias. Pernoctaciones. Total.
2025-08-01 00:00:00+02:00,7076919.0,canarias_pernoctaciones,Canarias. Pernoctaciones. Total.
2025-09-01 00:00:00+02:00,5828528.0,canarias_pernoctaciones,Canarias. Pernoctaciones. Total.
2025-10-01 00:00:00+02:00,6395927.0,canarias_pernoctaciones,Canarias. Pernoctaciones. Total.
2025-11-01 00:00:00+01:00,5978209.0,canarias_pernoctaciones,Canarias. Pernoctaciones. Total.
2025-12-01 00:00:00+01:00,5872704.0,canarias_pernoctaciones,Canarias. Pernoctaciones. Total.
2026-01-01 00:00:00+01:00,6163457.0,canarias_pernoctaciones,Canarias. Pernoctaciones. Total.
2026-02-01 00:00:00+01:00,5960164.0,canarias_pernoctaciones,Canarias. Pernoctaciones. Total.
2026-03-01 00:00:00+01:00,6291067.0,canarias_pernoctaciones,Canarias. Pernoctaciones. Total.
2026-04-01 00:00:00+02:00,5495508.0,canarias_pernoctaciones,Canarias. Pernoctaciones. Total.
2026-05-01 00:00:00+02:00,5444114.0,canarias_pernoctaciones,Canarias. Pernoctaciones. Total.
1999-01-01 00:00:00+01:00,1679646.0,las_palmas_pernoctaciones,Las Palmas. Pernoctaciones. Total.
1999-02-01 00:00:00+01:00,1712178.0,las_palmas_pernoctaciones,Las Palmas. Pernoctaciones. Total.
1999-03-01 00:00:00+01:00,1873012.0,las_palmas_pernoctaciones,Las Palmas. Pernoctaciones. Total.
1999-04-01 00:00:00+02:00,1744203.0,las_palmas_pernoctaciones,Las Palmas. Pernoctaciones. Total.
1999-05-01 00:00:00+02:00,1680756.0,las_palmas_pernoctaciones,Las Palmas. Pernoctaciones. Total.
1999-06-01 00:00:00+02:00,1681910.0,las_palmas_pernoctaciones,Las Palmas. Pernoctaciones. Total.
1999-07-01 00:00:00+02:00,1819733.0,las_palmas_pernoctaciones,Las Palmas. Pernoctaciones. Total.
1999-08-01 00:00:00+02:00,2066305.0,las_palmas_pernoctaciones,Las Palmas. Pernoctaciones. Total.
1999-09-01 00:00:00+02:00,1806308.0,las_palmas_pernoctaciones,Las Palmas. Pernoctaciones. Total.
1999-10-01 00:00:00+02:00,1941436.0,las_palmas_pernoctaciones,Las Palmas. Pernoctaciones. Total.
1999-11-01 00:00:00+01:00,1925199.0,las_palmas_pernoctaciones,Las Palmas. Pernoctaciones. Total.
1999-12-01 00:00:00+01:00,1550535.0,las_palmas_pernoctaciones,Las Palmas. Pernoctaciones. Total.
2000-01-01 00:00:00+01:00,1496212.0,las_palmas_pernoctaciones,Las Palmas. Pernoctaciones. Total.
2000-02-01 00:00:00+01:00,1573025.0,las_palmas_pernoctaciones,Las Palmas. Pernoctaciones. Total.
2000-03-01 00:00:00+01:00,1804259.0,las_palmas_pernoctaciones,Las Palmas. Pernoctaciones. Total.
2000-04-01 00:00:00+02:00,1691438.0,las_palmas_pernoctaciones,Las Palmas. Pernoctaciones. Total.
2000-05-01 00:00:00+02:00,1538244.0,las_palmas_pernoctaciones,Las Palmas. Pernoctaciones. Total.
2000-06-01 00:00:00+02:00,1569894.0,las_palmas_pernoctaciones,Las Palmas. Pernoctaciones. Total.
2000-07-01 00:00:00+02:00,1835230.0,las_palmas_pernoctaciones,Las Palmas. Pernoctaciones. Total.
2000-08-01 00:00:00+02:00,2023157.0,las_palmas_pernoctaciones,Las Palmas. Pernoctaciones. Total.
2000-09-01 00:00:00+02:00,1752406.0,las_palmas_pernoctaciones,Las Palmas. Pernoctaciones. Total.
2000-10-01 00:00:00+02:00,1860927.0,las_palmas_pernoctaciones,Las Palmas. Pernoctaciones. Total.
2000-11-01 00:00:00+01:00,1741910.0,las_palmas_pernoctaciones,Las Palmas. Pernoctaciones. Total.
2000-12-01 00:00:00+01:00,1553662.0,las_palmas_pernoctaciones,Las Palmas. Pernoctaciones. Total.
2001-01-01 00:00:00+01:00,1555164.0,las_palmas_pernoctaciones,Las Palmas. Pernoctaciones. Total.
2001-02-01 00:00:00+01:00,1532323.0,las_palmas_pernoctaciones,Las Palmas. Pernoctaciones. Total.
2001-03-01 00:00:00+01:00,1732759.0,las_palmas_pernoctaciones,Las Palmas. Pernoctaciones. Total.
2001-04-01 00:00:00+02:00,1596982.0,las_palmas_pernoctaciones,Las Palmas. Pernoctaciones. Total.
2001-05-01 00:00:00+02:00,1468129.0,las_palmas_pernoctaciones,Las Palmas. Pernoctaciones. Total.
2001-06-01 00:00:00+02:00,1481435.0,las_palmas_pernoctaciones,Las Palmas. Pernoctaciones. Total.
2001-07-01 00:00:00+02:00,1712521.0,las_palmas_pernoctaciones,Las Palmas. Pernoctaciones. Total.
2001-08-01 00:00:00+02:00,1909225.0,las_palmas_pernoctaciones,Las Palmas. Pernoctaciones. Total.
2001-09-01 00:00:00+02:00,1697380.0,las_palmas_pernoctaciones,Las Palmas. Pernoctaciones. Total.
2001-10-01 00:00:00+02:00,1704021.0,las_palmas_pernoctaciones,Las Palmas. Pernoctaciones. Total.
2001-11-01 00:00:00+01:00,1630926.0,las_palmas_pernoctaciones,Las Palmas. Pernoctaciones. Total.
2001-12-01 00:00:00+01:00,1452966.0,las_palmas_pernoctaciones,Las Palmas. Pernoctaciones. Total.
2002-01-01 00:00:00+01:00,1470413.0,las_palmas_pernoctaciones,Las Palmas. Pernoctaciones. Total.
2002-02-01 00:00:00+01:00,1465839.0,las_palmas_pernoctaciones,Las Palmas. Pernoctaciones. Total.
2002-03-01 00:00:00+01:00,1728882.0,las_palmas_pernoctaciones,Las Palmas. Pernoctaciones. Total.
2002-04-01 00:00:00+02:00,1507077.0,las_palmas_pernoctaciones,Las Palmas. Pernoctaciones. Total.
2002-05-01 00:00:00+02:00,1356261.0,las_palmas_pernoctaciones,Las Palmas. Pernoctaciones. Total.
2002-06-01 00:00:00+02:00,1420542.0,las_palmas_pernoctaciones,Las Palmas. Pernoctaciones. Total.
2002-07-01 00:00:00+02:00,1657923.0,las_palmas_pernoctaciones,Las Palmas. Pernoctaciones. Total.
2002-08-01 00:00:00+02:00,1892643.0,las_palmas_pernoctaciones,Las Palmas. Pernoctaciones. Total.
2002-09-01 00:00:00+02:00,1611522.0,las_palmas_pernoctaciones,Las Palmas. Pernoctaciones. Total.
2002-10-01 00:00:00+02:00,1609439.0,las_palmas_pernoctaciones,Las Palmas. Pernoctaciones. Total.
2002-11-01 00:00:00+01:00,1580470.0,las_palmas_pernoctaciones,Las Palmas. Pernoctaciones. Total.
2002-12-01 00:00:00+01:00,1462806.0,las_palmas_pernoctaciones,Las Palmas. Pernoctaciones. Total.
2003-01-01 00:00:00+01:00,1612402.0,las_palmas_pernoctaciones,Las Palmas. Pernoctaciones. Total.
2003-02-01 00:00:00+01:00,1477511.0,las_palmas_pernoctaciones,Las Palmas. Pernoctaciones. Total.
2003-03-01 00:00:00+01:00,1700115.0,las_palmas_pernoctaciones,Las Palmas. Pernoctaciones. Total.
2003-04-01 00:00:00+02:00,1550781.0,las_palmas_pernoctaciones,Las Palmas. Pernoctaciones. Total.
2003-05-01 00:00:00+02:00,1463089.0,las_palmas_pernoctaciones,Las Palmas. Pernoctaciones. Total.
2003-06-01 00:00:00+02:00,1419741.0,las_palmas_pernoctaciones,Las Palmas. Pernoctaciones. Total.
2003-07-01 00:00:00+02:00,1628681.0,las_palmas_pernoctaciones,Las Palmas. Pernoctaciones. Total.
2003-08-01 00:00:00+02:00,2060207.0,las_palmas_pernoctaciones,Las Palmas. Pernoctaciones. Total.
2003-09-01 00:00:00+02:00,1593110.0,las_palmas_pernoctaciones,Las Palmas. Pernoctaciones. Total.
2003-10-01 00:00:00+02:00,1618814.0,las_palmas_pernoctaciones,Las Palmas. Pernoctaciones. Total.
2003-11-01 00:00:00+01:00,1509415.0,las_palmas_pernoctaciones,Las Palmas. Pernoctaciones. Total.
2003-12-01 00:00:00+01:00,1400171.0,las_palmas_pernoctaciones,Las Palmas. Pernoctaciones. Total.
2004-01-01 00:00:00+01:00,1530383.0,las_palmas_pernoctaciones,Las Palmas. Pernoctaciones. Total.
2004-02-01 00:00:00+01:00,1475699.0,las_palmas_pernoctaciones,Las Palmas. Pernoctaciones. Total.
2004-03-01 00:00:00+01:00,1604791.0,las_palmas_pernoctaciones,Las Palmas. Pernoctaciones. Total.
2004-04-01 00:00:00+02:00,1372856.0,las_palmas_pernoctaciones,Las Palmas. Pernoctaciones. Total.
2004-05-01 00:00:00+02:00,1292156.0,las_palmas_pernoctaciones,Las Palmas. Pernoctaciones. Total.
2004-06-01 00:00:00+02:00,1315770.0,las_palmas_pernoctaciones,Las Palmas. Pernoctaciones. Total.
2004-07-01 00:00:00+02:00,1607106.0,las_palmas_pernoctaciones,Las Palmas. Pernoctaciones. Total.
2004-08-01 00:00:00+02:00,2035930.0,las_palmas_pernoctaciones,Las Palmas. Pernoctaciones. Total.
2004-09-01 00:00:00+02:00,1590480.0,las_palmas_pernoctaciones,Las Palmas. Pernoctaciones. Total.
2004-10-01 00:00:00+02:00,1630484.0,las_palmas_pernoctaciones,Las Palmas. Pernoctaciones. Total.
2004-11-01 00:00:00+01:00,1572903.0,las_palmas_pernoctaciones,Las Palmas. Pernoctaciones. Total.
2004-12-01 00:00:00+01:00,1452574.0,las_palmas_pernoctaciones,Las Palmas. Pernoctaciones. Total.
2005-01-01 00:00:00+01:00,1589213.0,las_palmas_pernoctaciones,Las Palmas. Pernoctaciones. Total.
2005-02-01 00:00:00+01:00,1410493.0,las_palmas_pernoctaciones,Las Palmas. Pernoctaciones. Total.
2005-03-01 00:00:00+01:00,1571405.0,las_palmas_pernoctaciones,Las Palmas. Pernoctaciones. Total.
2005-04-01 00:00:00+02:00,1363735.0,las_palmas_pernoctaciones,Las Palmas. Pernoctaciones. Total.
2005-05-01 00:00:00+02:00,1241073.0,las_palmas_pernoctaciones,Las Palmas. Pernoctaciones. Total.
2005-06-01 00:00:00+02:00,1284535.0,las_palmas_pernoctaciones,Las Palmas. Pernoctaciones. Total.
2005-07-01 00:00:00+02:00,1683544.0,las_palmas_pernoctaciones,Las Palmas. Pernoctaciones. Total.
2005-08-01 00:00:00+02:00,2029663.0,las_palmas_pernoctaciones,Las Palmas. Pernoctaciones. Total.
2005-09-01 00:00:00+02:00,1622594.0,las_palmas_pernoctaciones,Las Palmas. Pernoctaciones. Total.
2005-10-01 00:00:00+02:00,1658895.0,las_palmas_pernoctaciones,Las Palmas. Pernoctaciones. Total.
2005-11-01 00:00:00+01:00,1648260.0,las_palmas_pernoctaciones,Las Palmas. Pernoctaciones. Total.
2005-12-01 00:00:00+01:00,1389222.0,las_palmas_pernoctaciones,Las Palmas. Pernoctaciones. Total.
2006-01-01 00:00:00+01:00,1943607.0,las_palmas_pernoctaciones,Las Palmas. Pernoctaciones. Total.
2006-02-01 00:00:00+01:00,1729289.0,las_palmas_pernoctaciones,Las Palmas. Pernoctaciones. Total.
2006-03-01 00:00:00+01:00,2098326.0,las_palmas_pernoctaciones,Las Palmas. Pernoctaciones. Total.
2006-04-01 00:00:00+02:00,2097772.0,las_palmas_pernoctaciones,Las Palmas. Pernoctaciones. Total.
2006-05-01 00:00:00+02:00,1815941.0,las_palmas_pernoctaciones,Las Palmas. Pernoctaciones. Total.
2006-06-01 00:00:00+02:00,1916653.0,las_palmas_pernoctaciones,Las Palmas. Pernoctaciones. Total.
2006-07-01 00:00:00+02:00,2499225.0,las_palmas_pernoctaciones,Las Palmas. Pernoctaciones. Total.
2006-08-01 00:00:00+02:00,2759658.0,las_palmas_pernoctaciones,Las Palmas. Pernoctaciones. Total.
2006-09-01 00:00:00+02:00,2201249.0,las_palmas_pernoctaciones,Las Palmas. Pernoctaciones. Total.
2006-10-01 00:00:00+02:00,2199866.0,las_palmas_pernoctaciones,Las Palmas. Pernoctaciones. Total.
2006-11-01 00:00:00+01:00,1996183.0,las_palmas_pernoctaciones,Las Palmas. Pernoctaciones. Total.
2006-12-01 00:00:00+01:00,1870750.0,las_palmas_pernoctaciones,Las Palmas. Pernoctaciones. Total.
2007-01-01 00:00:00+01:00,1997034.0,las_palmas_pernoctaciones,Las Palmas. Pernoctaciones. Total.
2007-02-01 00:00:00+01:00,1822005.0,las_palmas_pernoctaciones,Las Palmas. Pernoctaciones. Total.
2007-03-01 00:00:00+01:00,2203104.0,las_palmas_pernoctaciones,Las Palmas. Pernoctaciones. Total.
2007-04-01 00:00:00+02:00,2089846.0,las_palmas_pernoctaciones,Las Palmas. Pernoctaciones. Total.
2007-05-01 00:00:00+02:00,1799467.0,las_palmas_pernoctaciones,Las Palmas. Pernoctaciones. Total.
2007-06-01 00:00:00+02:00,2030869.0,las_palmas_pernoctaciones,Las Palmas. Pernoctaciones. Total.
2007-07-01 00:00:00+02:00,2532575.0,las_palmas_pernoctaciones,Las Palmas. Pernoctaciones. Total.
2007-08-01 00:00:00+02:00,2849489.0,las_palmas_pernoctaciones,Las Palmas. Pernoctaciones. Total.
2007-09-01 00:00:00+02:00,2256491.0,las_palmas_pernoctaciones,Las Palmas. Pernoctaciones. Total.
2007-10-01 00:00:00+02:00,2264307.0,las_palmas_pernoctaciones,Las Palmas. Pernoctaciones. Total.
2007-11-01 00:00:00+01:00,2192682.0,las_palmas_pernoctaciones,Las Palmas. Pernoctaciones. Total.
2007-12-01 00:00:00+01:00,2050206.0,las_palmas_pernoctaciones,Las Palmas. Pernoctaciones. Total.
2008-01-01 00:00:00+01:00,2077413.0,las_palmas_pernoctaciones,Las Palmas. Pernoctaciones. Total.
2008-02-01 00:00:00+01:00,2066418.0,las_palmas_pernoctaciones,Las Palmas. Pernoctaciones. Total.
2008-03-01 00:00:00+01:00,2289890.0,las_palmas_pernoctaciones,Las Palmas. Pernoctaciones. Total.
2008-04-01 00:00:00+02:00,2044913.0,las_palmas_pernoctaciones,Las Palmas. Pernoctaciones. Total.
2008-05-01 00:00:00+02:00,2056046.0,las_palmas_pernoctaciones,Las Palmas. Pernoctaciones. Total.
2008-06-01 00:00:00+02:00,2193713.0,las_palmas_pernoctaciones,Las Palmas. Pernoctaciones. Total.
2008-07-01 00:00:00+02:00,2693927.0,las_palmas_pernoctaciones,Las Palmas. Pernoctaciones. Total.
2008-08-01 00:00:00+02:00,2980725.0,las_palmas_pernoctaciones,Las Palmas. Pernoctaciones. Total.
2008-09-01 00:00:00+02:00,2291276.0,las_palmas_pernoctaciones,Las Palmas. Pernoctaciones. Total.
2008-10-01 00:00:00+02:00,2241192.0,las_palmas_pernoctaciones,Las Palmas. Pernoctaciones. Total.
2008-11-01 00:00:00+01:00,2217417.0,las_palmas_pernoctaciones,Las Palmas. Pernoctaciones. Total.
2008-12-01 00:00:00+01:00,1941801.0,las_palmas_pernoctaciones,Las Palmas. Pernoctaciones. Total.
2009-01-01 00:00:00+01:00,2017732.0,las_palmas_pernoctaciones,Las Palmas. Pernoctaciones. Total.
2009-02-01 00:00:00+01:00,1795145.0,las_palmas_pernoctaciones,Las Palmas. Pernoctaciones. Total.
2009-03-01 00:00:00+01:00,2079714.0,las_palmas_pernoctaciones,Las Palmas. Pernoctaciones. Total.
2009-04-01 00:00:00+02:00,1999100.0,las_palmas_pernoctaciones,Las Palmas. Pernoctaciones. Total.
2009-05-01 00:00:00+02:00,1723914.0,las_palmas_pernoctaciones,Las Palmas. Pernoctaciones. Total.
2009-06-01 00:00:00+02:00,1971592.0,las_palmas_pernoctaciones,Las Palmas. Pernoctaciones. Total.
2009-07-01 00:00:00+02:00,2552128.0,las_palmas_pernoctaciones,Las Palmas. Pernoctaciones. Total.
2009-08-01 00:00:00+02:00,2739997.0,las_palmas_pernoctaciones,Las Palmas. Pernoctaciones. Total.
2009-09-01 00:00:00+02:00,2154783.0,las_palmas_pernoctaciones,Las Palmas. Pernoctaciones. Total.
2009-10-01 00:00:00+02:00,2145755.0,las_palmas_pernoctaciones,Las Palmas. Pernoctaciones. Total.
2009-11-01 00:00:00+01:00,2173100.0,las_palmas_pernoctaciones,Las Palmas. Pernoctaciones. Total.
2009-12-01 00:00:00+01:00,2059760.0,las_palmas_pernoctaciones,Las Palmas. Pernoctaciones. Total.
2010-01-01 00:00:00+01:00,2182314.0,las_palmas_pernoctaciones,Las Palmas. Pernoctaciones. Total.
2010-02-01 00:00:00+01:00,2094255.0,las_palmas_pernoctaciones,Las Palmas. Pernoctaciones. Total.
2010-03-01 00:00:00+01:00,2380090.0,las_palmas_pernoctaciones,Las Palmas. Pernoctaciones. Total.
2010-04-01 00:00:00+02:00,2093407.0,las_palmas_pernoctaciones,Las Palmas. Pernoctaciones. Total.
2010-05-01 00:00:00+02:00,1932817.0,las_palmas_pernoctaciones,Las Palmas. Pernoctaciones. Total.
2010-06-01 00:00:00+02:00,2098037.0,las_palmas_pernoctaciones,Las Palmas. Pernoctaciones. Total.
2010-07-01 00:00:00+02:00,2822497.0,las_palmas_pernoctaciones,Las Palmas. Pernoctaciones. Total.
2010-08-01 00:00:00+02:00,3192300.0,las_palmas_pernoctaciones,Las Palmas. Pernoctaciones. Total.
2010-09-01 00:00:00+02:00,2697459.0,las_palmas_pernoctaciones,Las Palmas. Pernoctaciones. Total.
2010-10-01 00:00:00+02:00,2748312.0,las_palmas_pernoctaciones,Las Palmas. Pernoctaciones. Total.
2010-11-01 00:00:00+01:00,2681150.0,las_palmas_pernoctaciones,Las Palmas. Pernoctaciones. Total.
2010-12-01 00:00:00+01:00,2411338.0,las_palmas_pernoctaciones,Las Palmas. Pernoctaciones. Total.
2011-01-01 00:00:00+01:00,2722879.0,las_palmas_pernoctaciones,Las Palmas. Pernoctaciones. Total.
2011-02-01 00:00:00+01:00,2814073.0,las_palmas_pernoctaciones,Las Palmas. Pernoctaciones. Total.
2011-03-01 00:00:00+01:00,3223954.0,las_palmas_pernoctaciones,Las Palmas. Pernoctaciones. Total.
2011-04-01 00:00:00+02:00,2841137.0,las_palmas_pernoctaciones,Las Palmas. Pernoctaciones. Total.
2011-05-01 00:00:00+02:00,2325424.0,las_palmas_pernoctaciones,Las Palmas. Pernoctaciones. Total.
2011-06-01 00:00:00+02:00,2593321.0,las_palmas_pernoctaciones,Las Palmas. Pernoctaciones. Total.
2011-07-01 00:00:00+02:00,3327249.0,las_palmas_pernoctaciones,Las Palmas. Pernoctaciones. Total.
2011-08-01 00:00:00+02:00,3711294.0,las_palmas_pernoctaciones,Las Palmas. Pernoctaciones. Total.
2011-09-01 00:00:00+02:00,2906936.0,las_palmas_pernoctaciones,Las Palmas. Pernoctaciones. Total.
2011-10-01 00:00:00+02:00,3010181.0,las_palmas_pernoctaciones,Las Palmas. Pernoctaciones. Total.
2011-11-01 00:00:00+01:00,2903021.0,las_palmas_pernoctaciones,Las Palmas. Pernoctaciones. Total.
2011-12-01 00:00:00+01:00,2594817.0,las_palmas_pernoctaciones,Las Palmas. Pernoctaciones. Total.
2012-01-01 00:00:00+01:00,2850253.0,las_palmas_pernoctaciones,Las Palmas. Pernoctaciones. Total.
2012-02-01 00:00:00+01:00,2693779.0,las_palmas_pernoctaciones,Las Palmas. Pernoctaciones. Total.
2012-03-01 00:00:00+01:00,2831662.0,las_palmas_pernoctaciones,Las Palmas. Pernoctaciones. Total.
2012-04-01 00:00:00+02:00,2482479.0,las_palmas_pernoctaciones,Las Palmas. Pernoctaciones. Total.
2012-05-01 00:00:00+02:00,2261685.0,las_palmas_pernoctaciones,Las Palmas. Pernoctaciones. Total.
2012-06-01 00:00:00+02:00,2559763.0,las_palmas_pernoctaciones,Las Palmas. Pernoctaciones. Total.
2012-07-01 00:00:00+02:00,3230955.0,las_palmas_pernoctaciones,Las Palmas. Pernoctaciones. Total.
2012-08-01 00:00:00+02:00,3523528.0,las_palmas_pernoctaciones,Las Palmas. Pernoctaciones. Total.
2012-09-01 00:00:00+02:00,2850534.0,las_palmas_pernoctaciones,Las Palmas. Pernoctaciones. Total.
2012-10-01 00:00:00+02:00,3000901.0,las_palmas_pernoctaciones,Las Palmas. Pernoctaciones. Total.
2012-11-01 00:00:00+01:00,2761203.0,las_palmas_pernoctaciones,Las Palmas. Pernoctaciones. Total.
2012-12-01 00:00:00+01:00,2614716.0,las_palmas_pernoctaciones,Las Palmas. Pernoctaciones. Total.
2013-01-01 00:00:00+01:00,2784880.0,las_palmas_pernoctaciones,Las Palmas. Pernoctaciones. Total.
2013-02-01 00:00:00+01:00,2603112.0,las_palmas_pernoctaciones,Las Palmas. Pernoctaciones. Total.
2013-03-01 00:00:00+01:00,2979161.0,las_palmas_pernoctaciones,Las Palmas. Pernoctaciones. Total.
2013-04-01 00:00:00+02:00,2433594.0,las_palmas_pernoctaciones,Las Palmas. Pernoctaciones. Total.
2013-05-01 00:00:00+02:00,2439419.0,las_palmas_pernoctaciones,Las Palmas. Pernoctaciones. Total.
2013-06-01 00:00:00+02:00,2675405.0,las_palmas_pernoctaciones,Las Palmas. Pernoctaciones. Total.
2013-07-01 00:00:00+02:00,3339162.0,las_palmas_pernoctaciones,Las Palmas. Pernoctaciones. Total.
2013-08-01 00:00:00+02:00,3539482.0,las_palmas_pernoctaciones,Las Palmas. Pernoctaciones. Total.
2013-09-01 00:00:00+02:00,2924666.0,las_palmas_pernoctaciones,Las Palmas. Pernoctaciones. Total.
2013-10-01 00:00:00+02:00,3140392.0,las_palmas_pernoctaciones,Las Palmas. Pernoctaciones. Total.
2013-11-01 00:00:00+01:00,3080400.0,las_palmas_pernoctaciones,Las Palmas. Pernoctaciones. Total.
2013-12-01 00:00:00+01:00,3026776.0,las_palmas_pernoctaciones,Las Palmas. Pernoctaciones. Total.
2014-01-01 00:00:00+01:00,3186820.0,las_palmas_pernoctaciones,Las Palmas. Pernoctaciones. Total.
2014-02-01 00:00:00+01:00,2924082.0,las_palmas_pernoctaciones,Las Palmas. Pernoctaciones. Total.
2014-03-01 00:00:00+01:00,3516172.0,las_palmas_pernoctaciones,Las Palmas. Pernoctaciones. Total.
2014-04-01 00:00:00+02:00,2966382.0,las_palmas_pernoctaciones,Las Palmas. Pernoctaciones. Total.
2014-05-01 00:00:00+02:00,2656570.0,las_palmas_pernoctaciones,Las Palmas. Pernoctaciones. Total.
2014-06-01 00:00:00+02:00,2911847.0,las_palmas_pernoctaciones,Las Palmas. Pernoctaciones. Total.
2014-07-01 00:00:00+02:00,3636690.0,las_palmas_pernoctaciones,Las Palmas. Pernoctaciones. Total.
2014-08-01 00:00:00+02:00,3957017.0,las_palmas_pernoctaciones,Las Palmas. Pernoctaciones. Total.
2014-09-01 00:00:00+02:00,3220002.0,las_palmas_pernoctaciones,Las Palmas. Pernoctaciones. Total.
2014-10-01 00:00:00+02:00,3358802.0,las_palmas_pernoctaciones,Las Palmas. Pernoctaciones. Total.
2014-11-01 00:00:00+01:00,3130180.0,las_palmas_pernoctaciones,Las Palmas. Pernoctaciones. Total.
2014-12-01 00:00:00+01:00,2939548.0,las_palmas_pernoctaciones,Las Palmas. Pernoctaciones. Total.
2015-01-01 00:00:00+01:00,3138808.0,las_palmas_pernoctaciones,Las Palmas. Pernoctaciones. Total.
2015-02-01 00:00:00+01:00,2932160.0,las_palmas_pernoctaciones,Las Palmas. Pernoctaciones. Total.
2015-03-01 00:00:00+01:00,3203087.0,las_palmas_pernoctaciones,Las Palmas. Pernoctaciones. Total.
2015-04-01 00:00:00+02:00,2933087.0,las_palmas_pernoctaciones,Las Palmas. Pernoctaciones. Total.
2015-05-01 00:00:00+02:00,2851569.0,las_palmas_pernoctaciones,Las Palmas. Pernoctaciones. Total.
2015-06-01 00:00:00+02:00,3033811.0,las_palmas_pernoctaciones,Las Palmas. Pernoctaciones. Total.
2015-07-01 00:00:00+02:00,3825347.0,las_palmas_pernoctaciones,Las Palmas. Pernoctaciones. Total.
2015-08-01 00:00:00+02:00,4080069.0,las_palmas_pernoctaciones,Las Palmas. Pernoctaciones. Total.
2015-09-01 00:00:00+02:00,3296237.0,las_palmas_pernoctaciones,Las Palmas. Pernoctaciones. Total.
2015-10-01 00:00:00+02:00,3520790.0,las_palmas_pernoctaciones,Las Palmas. Pernoctaciones. Total.
2015-11-01 00:00:00+01:00,3315181.0,las_palmas_pernoctaciones,Las Palmas. Pernoctaciones. Total.
2015-12-01 00:00:00+01:00,3220138.0,las_palmas_pernoctaciones,Las Palmas. Pernoctaciones. Total.
2016-01-01 00:00:00+01:00,3322102.0,las_palmas_pernoctaciones,Las Palmas. Pernoctaciones. Total.
2016-02-01 00:00:00+01:00,3285535.0,las_palmas_pernoctaciones,Las Palmas. Pernoctaciones. Total.
2016-03-01 00:00:00+01:00,3657266.0,las_palmas_pernoctaciones,Las Palmas. Pernoctaciones. Total.
2016-04-01 00:00:00+02:00,3259300.0,las_palmas_pernoctaciones,Las Palmas. Pernoctaciones. Total.
2016-05-01 00:00:00+02:00,3225907.0,las_palmas_pernoctaciones,Las Palmas. Pernoctaciones. Total.
2016-06-01 00:00:00+02:00,3404937.0,las_palmas_pernoctaciones,Las Palmas. Pernoctaciones. Total.
2016-07-01 00:00:00+02:00,4148685.0,las_palmas_pernoctaciones,Las Palmas. Pernoctaciones. Total.
2016-08-01 00:00:00+02:00,4380677.0,las_palmas_pernoctaciones,Las Palmas. Pernoctaciones. Total.
2016-09-01 00:00:00+02:00,3620933.0,las_palmas_pernoctaciones,Las Palmas. Pernoctaciones. Total.
2016-10-01 00:00:00+02:00,3852018.0,las_palmas_pernoctaciones,Las Palmas. Pernoctaciones. Total.
2016-11-01 00:00:00+01:00,3491991.0,las_palmas_pernoctaciones,Las Palmas. Pernoctaciones. Total.
2016-12-01 00:00:00+01:00,3397366.0,las_palmas_pernoctaciones,Las Palmas. Pernoctaciones. Total.
2017-01-01 00:00:00+01:00,3558257.0,las_palmas_pernoctaciones,Las Palmas. Pernoctaciones. Total.
2017-02-01 00:00:00+01:00,3272458.0,las_palmas_pernoctaciones,Las Palmas. Pernoctaciones. Total.
2017-03-01 00:00:00+01:00,3629806.0,las_palmas_pernoctaciones,Las Palmas. Pernoctaciones. Total.
2017-04-01 00:00:00+02:00,3639398.0,las_palmas_pernoctaciones,Las Palmas. Pernoctaciones. Total.
2017-05-01 00:00:00+02:00,3269594.0,las_palmas_pernoctaciones,Las Palmas. Pernoctaciones. Total.
2017-06-01 00:00:00+02:00,3563100.0,las_palmas_pernoctaciones,Las Palmas. Pernoctaciones. Total.
2017-07-01 00:00:00+02:00,4212626.0,las_palmas_pernoctaciones,Las Palmas. Pernoctaciones. Total.
2017-08-01 00:00:00+02:00,4472241.0,las_palmas_pernoctaciones,Las Palmas. Pernoctaciones. Total.
2017-09-01 00:00:00+02:00,3749871.0,las_palmas_pernoctaciones,Las Palmas. Pernoctaciones. Total.
2017-10-01 00:00:00+02:00,3968231.0,las_palmas_pernoctaciones,Las Palmas. Pernoctaciones. Total.
2017-11-01 00:00:00+01:00,3561711.0,las_palmas_pernoctaciones,Las Palmas. Pernoctaciones. Total.
2017-12-01 00:00:00+01:00,3400562.0,las_palmas_pernoctaciones,Las Palmas. Pernoctaciones. Total.
2018-01-01 00:00:00+01:00,3527699.0,las_palmas_pernoctaciones,Las Palmas. Pernoctaciones. Total.
2018-02-01 00:00:00+01:00,3317180.0,las_palmas_pernoctaciones,Las Palmas. Pernoctaciones. Total.
2018-03-01 00:00:00+01:00,3669449.0,las_palmas_pernoctaciones,Las Palmas. Pernoctaciones. Total.
2018-04-01 00:00:00+02:00,3288504.0,las_palmas_pernoctaciones,Las Palmas. Pernoctaciones. Total.
2018-05-01 00:00:00+02:00,3208591.0,las_palmas_pernoctaciones,Las Palmas. Pernoctaciones. Total.
2018-06-01 00:00:00+02:00,3376034.0,las_palmas_pernoctaciones,Las Palmas. Pernoctaciones. Total.
2018-07-01 00:00:00+02:00,4009388.0,las_palmas_pernoctaciones,Las Palmas. Pernoctaciones. Total.
2018-08-01 00:00:00+02:00,4321680.0,las_palmas_pernoctaciones,Las Palmas. Pernoctaciones. Total.
2018-09-01 00:00:00+02:00,3623156.0,las_palmas_pernoctaciones,Las Palmas. Pernoctaciones. Total.
2018-10-01 00:00:00+02:00,3829550.0,las_palmas_pernoctaciones,Las Palmas. Pernoctaciones. Total.
2018-11-01 00:00:00+01:00,3354633.0,las_palmas_pernoctaciones,Las Palmas. Pernoctaciones. Total.
2018-12-01 00:00:00+01:00,3150563.0,las_palmas_pernoctaciones,Las Palmas. Pernoctaciones. Total.
2019-01-01 00:00:00+01:00,3289235.0,las_palmas_pernoctaciones,Las Palmas. Pernoctaciones. Total.
2019-02-01 00:00:00+01:00,3018129.0,las_palmas_pernoctaciones,Las Palmas. Pernoctaciones. Total.
2019-03-01 00:00:00+01:00,3445602.0,las_palmas_pernoctaciones,Las Palmas. Pernoctaciones. Total.
2019-04-01 00:00:00+02:00,3320774.0,las_palmas_pernoctaciones,Las Palmas. Pernoctaciones. Total.
2019-05-01 00:00:00+02:00,2985413.0,las_palmas_pernoctaciones,Las Palmas. Pernoctaciones. Total.
2019-06-01 00:00:00+02:00,3292491.0,las_palmas_pernoctaciones,Las Palmas. Pernoctaciones. Total.
2019-07-01 00:00:00+02:00,3816560.0,las_palmas_pernoctaciones,Las Palmas. Pernoctaciones. Total.
2019-08-01 00:00:00+02:00,4028468.0,las_palmas_pernoctaciones,Las Palmas. Pernoctaciones. Total.
2019-09-01 00:00:00+02:00,3384471.0,las_palmas_pernoctaciones,Las Palmas. Pernoctaciones. Total.
2019-10-01 00:00:00+02:00,3465779.0,las_palmas_pernoctaciones,Las Palmas. Pernoctaciones. Total.
2019-11-01 00:00:00+01:00,3199769.0,las_palmas_pernoctaciones,Las Palmas. Pernoctaciones. Total.
2019-12-01 00:00:00+01:00,3216267.0,las_palmas_pernoctaciones,Las Palmas. Pernoctaciones. Total.
2020-01-01 00:00:00+01:00,3296814.0,las_palmas_pernoctaciones,Las Palmas. Pernoctaciones. Total.
2020-02-01 00:00:00+01:00,3201312.0,las_palmas_pernoctaciones,Las Palmas. Pernoctaciones. Total.
2020-03-01 00:00:00+01:00,1677797.0,las_palmas_pernoctaciones,Las Palmas. Pernoctaciones. Total.
2020-04-01 00:00:00+02:00,0.0,las_palmas_pernoctaciones,Las Palmas. Pernoctaciones. Total.
2020-05-01 00:00:00+02:00,5189.0,las_palmas_pernoctaciones,Las Palmas. Pernoctaciones. Total.
2020-06-01 00:00:00+02:00,19882.0,las_palmas_pernoctaciones,Las Palmas. Pernoctaciones. Total.
2020-07-01 00:00:00+02:00,725103.0,las_palmas_pernoctaciones,Las Palmas. Pernoctaciones. Total.
2020-08-01 00:00:00+02:00,1334648.0,las_palmas_pernoctaciones,Las Palmas. Pernoctaciones. Total.
2020-09-01 00:00:00+02:00,562363.0,las_palmas_pernoctaciones,Las Palmas. Pernoctaciones. Total.
2020-10-01 00:00:00+02:00,454470.0,las_palmas_pernoctaciones,Las Palmas. Pernoctaciones. Total.
2020-11-01 00:00:00+01:00,493216.0,las_palmas_pernoctaciones,Las Palmas. Pernoctaciones. Total.
2020-12-01 00:00:00+01:00,603731.0,las_palmas_pernoctaciones,Las Palmas. Pernoctaciones. Total.
2021-01-01 00:00:00+01:00,288406.0,las_palmas_pernoctaciones,Las Palmas. Pernoctaciones. Total.
2021-02-01 00:00:00+01:00,205401.0,las_palmas_pernoctaciones,Las Palmas. Pernoctaciones. Total.
2021-03-01 00:00:00+01:00,303126.0,las_palmas_pernoctaciones,Las Palmas. Pernoctaciones. Total.
2021-04-01 00:00:00+02:00,360882.0,las_palmas_pernoctaciones,Las Palmas. Pernoctaciones. Total.
2021-05-01 00:00:00+02:00,520798.0,las_palmas_pernoctaciones,Las Palmas. Pernoctaciones. Total.
2021-06-01 00:00:00+02:00,953758.0,las_palmas_pernoctaciones,Las Palmas. Pernoctaciones. Total.
2021-07-01 00:00:00+02:00,1894211.0,las_palmas_pernoctaciones,Las Palmas. Pernoctaciones. Total.
2021-08-01 00:00:00+02:00,2799507.0,las_palmas_pernoctaciones,Las Palmas. Pernoctaciones. Total.
2021-09-01 00:00:00+02:00,2549754.0,las_palmas_pernoctaciones,Las Palmas. Pernoctaciones. Total.
2021-10-01 00:00:00+02:00,3168913.0,las_palmas_pernoctaciones,Las Palmas. Pernoctaciones. Total.
2021-11-01 00:00:00+01:00,3107657.0,las_palmas_pernoctaciones,Las Palmas. Pernoctaciones. Total.
2021-12-01 00:00:00+01:00,2709717.0,las_palmas_pernoctaciones,Las Palmas. Pernoctaciones. Total.
2022-01-01 00:00:00+01:00,2307570.0,las_palmas_pernoctaciones,Las Palmas. Pernoctaciones. Total.
2022-02-01 00:00:00+01:00,2522740.0,las_palmas_pernoctaciones,Las Palmas. Pernoctaciones. Total.
2022-03-01 00:00:00+01:00,3215741.0,las_palmas_pernoctaciones,Las Palmas. Pernoctaciones. Total.
2022-04-01 00:00:00+02:00,3229362.0,las_palmas_pernoctaciones,Las Palmas. Pernoctaciones. Total.
2022-05-01 00:00:00+02:00,2939053.0,las_palmas_pernoctaciones,Las Palmas. Pernoctaciones. Total.
2022-06-01 00:00:00+02:00,3219233.0,las_palmas_pernoctaciones,Las Palmas. Pernoctaciones. Total.
2022-07-01 00:00:00+02:00,3847562.0,las_palmas_pernoctaciones,Las Palmas. Pernoctaciones. Total.
2022-08-01 00:00:00+02:00,4230250.0,las_palmas_pernoctaciones,Las Palmas. Pernoctaciones. Total.
2022-09-01 00:00:00+02:00,3458145.0,las_palmas_pernoctaciones,Las Palmas. Pernoctaciones. Total.
2022-10-01 00:00:00+02:00,3621493.0,las_palmas_pernoctaciones,Las Palmas. Pernoctaciones. Total.
2022-11-01 00:00:00+01:00,3326579.0,las_palmas_pernoctaciones,Las Palmas. Pernoctaciones. Total.
2022-12-01 00:00:00+01:00,3377764.0,las_palmas_pernoctaciones,Las Palmas. Pernoctaciones. Total.
2023-01-01 00:00:00+01:00,3451190.0,las_palmas_pernoctaciones,Las Palmas. Pernoctaciones. Total.
2023-02-01 00:00:00+01:00,3323321.0,las_palmas_pernoctaciones,Las Palmas. Pernoctaciones. Total.
2023-03-01 00:00:00+01:00,3561404.0,las_palmas_pernoctaciones,Las Palmas. Pernoctaciones. Total.
2023-04-01 00:00:00+02:00,3385177.0,las_palmas_pernoctaciones,Las Palmas. Pernoctaciones. Total.
2023-05-01 00:00:00+02:00,3133924.0,las_palmas_pernoctaciones,Las Palmas. Pernoctaciones. Total.
2023-06-01 00:00:00+02:00,3361707.0,las_palmas_pernoctaciones,Las Palmas. Pernoctaciones. Total.
2023-07-01 00:00:00+02:00,3929879.0,las_palmas_pernoctaciones,Las Palmas. Pernoctaciones. Total.
2023-08-01 00:00:00+02:00,4100978.0,las_palmas_pernoctaciones,Las Palmas. Pernoctaciones. Total.
2023-09-01 00:00:00+02:00,3657643.0,las_palmas_pernoctaciones,Las Palmas. Pernoctaciones. Total.
2023-10-01 00:00:00+02:00,3850081.0,las_palmas_pernoctaciones,Las Palmas. Pernoctaciones. Total.
2023-11-01 00:00:00+01:00,3646539.0,las_palmas_pernoctaciones,Las Palmas. Pernoctaciones. Total.
2023-12-01 00:00:00+01:00,3576481.0,las_palmas_pernoctaciones,Las Palmas. Pernoctaciones. Total.
2024-01-01 00:00:00+01:00,3760349.0,las_palmas_pernoctaciones,Las Palmas. Pernoctaciones. Total.
2024-02-01 00:00:00+01:00,3692716.0,las_palmas_pernoctaciones,Las Palmas. Pernoctaciones. Total.
2024-03-01 00:00:00+01:00,3963211.0,las_palmas_pernoctaciones,Las Palmas. Pernoctaciones. Total.
2024-04-01 00:00:00+02:00,3432332.0,las_palmas_pernoctaciones,Las Palmas. Pernoctaciones. Total.
2024-05-01 00:00:00+02:00,3345811.0,las_palmas_pernoctaciones,Las Palmas. Pernoctaciones. Total.
2024-06-01 00:00:00+02:00,3523047.0,las_palmas_pernoctaciones,Las Palmas. Pernoctaciones. Total.
2024-07-01 00:00:00+02:00,3952962.0,las_palmas_pernoctaciones,Las Palmas. Pernoctaciones. Total.
2024-08-01 00:00:00+02:00,4299476.0,las_palmas_pernoctaciones,Las Palmas. Pernoctaciones. Total.
2024-09-01 00:00:00+02:00,3711196.0,las_palmas_pernoctaciones,Las Palmas. Pernoctaciones. Total.
2024-10-01 00:00:00+02:00,4036195.0,las_palmas_pernoctaciones,Las Palmas. Pernoctaciones. Total.
2024-11-01 00:00:00+01:00,3762669.0,las_palmas_pernoctaciones,Las Palmas. Pernoctaciones. Total.
2024-12-01 00:00:00+01:00,3679653.0,las_palmas_pernoctaciones,Las Palmas. Pernoctaciones. Total.
2025-01-01 00:00:00+01:00,3826329.0,las_palmas_pernoctaciones,Las Palmas. Pernoctaciones. Total.
2025-02-01 00:00:00+01:00,3667291.0,las_palmas_pernoctaciones,Las Palmas. Pernoctaciones. Total.
2025-03-01 00:00:00+01:00,3834316.0,las_palmas_pernoctaciones,Las Palmas. Pernoctaciones. Total.
2025-04-01 00:00:00+02:00,3564824.0,las_palmas_pernoctaciones,Las Palmas. Pernoctaciones. Total.
2025-05-01 00:00:00+02:00,3282193.0,las_palmas_pernoctaciones,Las Palmas. Pernoctaciones. Total.
2025-06-01 00:00:00+02:00,3500630.0,las_palmas_pernoctaciones,Las Palmas. Pernoctaciones. Total.
2025-07-01 00:00:00+02:00,4075039.0,las_palmas_pernoctaciones,Las Palmas. Pernoctaciones. Total.
2025-08-01 00:00:00+02:00,4447099.0,las_palmas_pernoctaciones,Las Palmas. Pernoctaciones. Total.
2025-09-01 00:00:00+02:00,3658889.0,las_palmas_pernoctaciones,Las Palmas. Pernoctaciones. Total.
2025-10-01 00:00:00+02:00,3985227.0,las_palmas_pernoctaciones,Las Palmas. Pernoctaciones. Total.
2025-11-01 00:00:00+01:00,3679860.0,las_palmas_pernoctaciones,Las Palmas. Pernoctaciones. Total.
2025-12-01 00:00:00+01:00,3632349.0,las_palmas_pernoctaciones,Las Palmas. Pernoctaciones. Total.
2026-01-01 00:00:00+01:00,3792831.0,las_palmas_pernoctaciones,Las Palmas. Pernoctaciones. Total.
2026-02-01 00:00:00+01:00,3628321.0,las_palmas_pernoctaciones,Las Palmas. Pernoctaciones. Total.
2026-03-01 00:00:00+01:00,3921739.0,las_palmas_pernoctaciones,Las Palmas. Pernoctaciones. Total.
2026-04-01 00:00:00+02:00,3426581.0,las_palmas_pernoctaciones,Las Palmas. Pernoctaciones. Total.
2026-05-01 00:00:00+02:00,3359015.0,las_palmas_pernoctaciones,Las Palmas. Pernoctaciones. Total.
1999-01-01 00:00:00+01:00,1575079.0,tenerife_pernoctaciones,Santa Cruz Tenerife. Pernoctaciones. Total.
1999-02-01 00:00:00+01:00,1487537.0,tenerife_pernoctaciones,Santa Cruz Tenerife. Pernoctaciones. Total.
1999-03-01 00:00:00+01:00,1612049.0,tenerife_pernoctaciones,Santa Cruz Tenerife. Pernoctaciones. Total.
1999-04-01 00:00:00+02:00,1537606.0,tenerife_pernoctaciones,Santa Cruz Tenerife. Pernoctaciones. Total.
1999-05-01 00:00:00+02:00,1426048.0,tenerife_pernoctaciones,Santa Cruz Tenerife. Pernoctaciones. Total.
1999-06-01 00:00:00+02:00,1333693.0,tenerife_pernoctaciones,Santa Cruz Tenerife. Pernoctaciones. Total.
1999-07-01 00:00:00+02:00,1640083.0,tenerife_pernoctaciones,Santa Cruz Tenerife. Pernoctaciones. Total.
1999-08-01 00:00:00+02:00,1908423.0,tenerife_pernoctaciones,Santa Cruz Tenerife. Pernoctaciones. Total.
1999-09-01 00:00:00+02:00,1580226.0,tenerife_pernoctaciones,Santa Cruz Tenerife. Pernoctaciones. Total.
1999-10-01 00:00:00+02:00,1674740.0,tenerife_pernoctaciones,Santa Cruz Tenerife. Pernoctaciones. Total.
1999-11-01 00:00:00+01:00,1558346.0,tenerife_pernoctaciones,Santa Cruz Tenerife. Pernoctaciones. Total.
1999-12-01 00:00:00+01:00,1349293.0,tenerife_pernoctaciones,Santa Cruz Tenerife. Pernoctaciones. Total.
2000-01-01 00:00:00+01:00,1334245.0,tenerife_pernoctaciones,Santa Cruz Tenerife. Pernoctaciones. Total.
2000-02-01 00:00:00+01:00,1479858.0,tenerife_pernoctaciones,Santa Cruz Tenerife. Pernoctaciones. Total.
2000-03-01 00:00:00+01:00,1541402.0,tenerife_pernoctaciones,Santa Cruz Tenerife. Pernoctaciones. Total.
2000-04-01 00:00:00+02:00,1410727.0,tenerife_pernoctaciones,Santa Cruz Tenerife. Pernoctaciones. Total.
2000-05-01 00:00:00+02:00,1261830.0,tenerife_pernoctaciones,Santa Cruz Tenerife. Pernoctaciones. Total.
2000-06-01 00:00:00+02:00,1271745.0,tenerife_pernoctaciones,Santa Cruz Tenerife. Pernoctaciones. Total.
2000-07-01 00:00:00+02:00,1470248.0,tenerife_pernoctaciones,Santa Cruz Tenerife. Pernoctaciones. Total.
2000-08-01 00:00:00+02:00,1694532.0,tenerife_pernoctaciones,Santa Cruz Tenerife. Pernoctaciones. Total.
2000-09-01 00:00:00+02:00,1456362.0,tenerife_pernoctaciones,Santa Cruz Tenerife. Pernoctaciones. Total.
2000-10-01 00:00:00+02:00,1527059.0,tenerife_pernoctaciones,Santa Cruz Tenerife. Pernoctaciones. Total.
2000-11-01 00:00:00+01:00,1503148.0,tenerife_pernoctaciones,Santa Cruz Tenerife. Pernoctaciones. Total.
2000-12-01 00:00:00+01:00,1359362.0,tenerife_pernoctaciones,Santa Cruz Tenerife. Pernoctaciones. Total.
2001-01-01 00:00:00+01:00,1412801.0,tenerife_pernoctaciones,Santa Cruz Tenerife. Pernoctaciones. Total.
2001-02-01 00:00:00+01:00,1494381.0,tenerife_pernoctaciones,Santa Cruz Tenerife. Pernoctaciones. Total.
2001-03-01 00:00:00+01:00,1661666.0,tenerife_pernoctaciones,Santa Cruz Tenerife. Pernoctaciones. Total.
2001-04-01 00:00:00+02:00,1463372.0,tenerife_pernoctaciones,Santa Cruz Tenerife. Pernoctaciones. Total.
2001-05-01 00:00:00+02:00,1395507.0,tenerife_pernoctaciones,Santa Cruz Tenerife. Pernoctaciones. Total.
2001-06-01 00:00:00+02:00,1359221.0,tenerife_pernoctaciones,Santa Cruz Tenerife. Pernoctaciones. Total.
2001-07-01 00:00:00+02:00,1614373.0,tenerife_pernoctaciones,Santa Cruz Tenerife. Pernoctaciones. Total.
2001-08-01 00:00:00+02:00,1824494.0,tenerife_pernoctaciones,Santa Cruz Tenerife. Pernoctaciones. Total.
2001-09-01 00:00:00+02:00,1541795.0,tenerife_pernoctaciones,Santa Cruz Tenerife. Pernoctaciones. Total.
2001-10-01 00:00:00+02:00,1603808.0,tenerife_pernoctaciones,Santa Cruz Tenerife. Pernoctaciones. Total.
2001-11-01 00:00:00+01:00,1546501.0,tenerife_pernoctaciones,Santa Cruz Tenerife. Pernoctaciones. Total.
2001-12-01 00:00:00+01:00,1388449.0,tenerife_pernoctaciones,Santa Cruz Tenerife. Pernoctaciones. Total.
2002-01-01 00:00:00+01:00,1552687.0,tenerife_pernoctaciones,Santa Cruz Tenerife. Pernoctaciones. Total.
2002-02-01 00:00:00+01:00,1577019.0,tenerife_pernoctaciones,Santa Cruz Tenerife. Pernoctaciones. Total.
2002-03-01 00:00:00+01:00,1673395.0,tenerife_pernoctaciones,Santa Cruz Tenerife. Pernoctaciones. Total.
2002-04-01 00:00:00+02:00,1397132.0,tenerife_pernoctaciones,Santa Cruz Tenerife. Pernoctaciones. Total.
2002-05-01 00:00:00+02:00,1188220.0,tenerife_pernoctaciones,Santa Cruz Tenerife. Pernoctaciones. Total.
2002-06-01 00:00:00+02:00,1178638.0,tenerife_pernoctaciones,Santa Cruz Tenerife. Pernoctaciones. Total.
2002-07-01 00:00:00+02:00,1529679.0,tenerife_pernoctaciones,Santa Cruz Tenerife. Pernoctaciones. Total.
2002-08-01 00:00:00+02:00,1878350.0,tenerife_pernoctaciones,Santa Cruz Tenerife. Pernoctaciones. Total.
2002-09-01 00:00:00+02:00,1574364.0,tenerife_pernoctaciones,Santa Cruz Tenerife. Pernoctaciones. Total.
2002-10-01 00:00:00+02:00,1538006.0,tenerife_pernoctaciones,Santa Cruz Tenerife. Pernoctaciones. Total.
2002-11-01 00:00:00+01:00,1471055.0,tenerife_pernoctaciones,Santa Cruz Tenerife. Pernoctaciones. Total.
2002-12-01 00:00:00+01:00,1425510.0,tenerife_pernoctaciones,Santa Cruz Tenerife. Pernoctaciones. Total.
2003-01-01 00:00:00+01:00,1535951.0,tenerife_pernoctaciones,Santa Cruz Tenerife. Pernoctaciones. Total.
2003-02-01 00:00:00+01:00,1557138.0,tenerife_pernoctaciones,Santa Cruz Tenerife. Pernoctaciones. Total.
2003-03-01 00:00:00+01:00,1641678.0,tenerife_pernoctaciones,Santa Cruz Tenerife. Pernoctaciones. Total.
2003-04-01 00:00:00+02:00,1563116.0,tenerife_pernoctaciones,Santa Cruz Tenerife. Pernoctaciones. Total.
2003-05-01 00:00:00+02:00,1403331.0,tenerife_pernoctaciones,Santa Cruz Tenerife. Pernoctaciones. Total.
2003-06-01 00:00:00+02:00,1406880.0,tenerife_pernoctaciones,Santa Cruz Tenerife. Pernoctaciones. Total.
2003-07-01 00:00:00+02:00,1729550.0,tenerife_pernoctaciones,Santa Cruz Tenerife. Pernoctaciones. Total.
2003-08-01 00:00:00+02:00,2119586.0,tenerife_pernoctaciones,Santa Cruz Tenerife. Pernoctaciones. Total.
2003-09-01 00:00:00+02:00,1631969.0,tenerife_pernoctaciones,Santa Cruz Tenerife. Pernoctaciones. Total.
2003-10-01 00:00:00+02:00,1623579.0,tenerife_pernoctaciones,Santa Cruz Tenerife. Pernoctaciones. Total.
2003-11-01 00:00:00+01:00,1492734.0,tenerife_pernoctaciones,Santa Cruz Tenerife. Pernoctaciones. Total.
2003-12-01 00:00:00+01:00,1427205.0,tenerife_pernoctaciones,Santa Cruz Tenerife. Pernoctaciones. Total.
2004-01-01 00:00:00+01:00,1625654.0,tenerife_pernoctaciones,Santa Cruz Tenerife. Pernoctaciones. Total.
2004-02-01 00:00:00+01:00,1640415.0,tenerife_pernoctaciones,Santa Cruz Tenerife. Pernoctaciones. Total.
2004-03-01 00:00:00+01:00,1640917.0,tenerife_pernoctaciones,Santa Cruz Tenerife. Pernoctaciones. Total.
2004-04-01 00:00:00+02:00,1542176.0,tenerife_pernoctaciones,Santa Cruz Tenerife. Pernoctaciones. Total.
2004-05-01 00:00:00+02:00,1303326.0,tenerife_pernoctaciones,Santa Cruz Tenerife. Pernoctaciones. Total.
2004-06-01 00:00:00+02:00,1373973.0,tenerife_pernoctaciones,Santa Cruz Tenerife. Pernoctaciones. Total.
2004-07-01 00:00:00+02:00,1738967.0,tenerife_pernoctaciones,Santa Cruz Tenerife. Pernoctaciones. Total.
2004-08-01 00:00:00+02:00,2138556.0,tenerife_pernoctaciones,Santa Cruz Tenerife. Pernoctaciones. Total.
2004-09-01 00:00:00+02:00,1698592.0,tenerife_pernoctaciones,Santa Cruz Tenerife. Pernoctaciones. Total.
2004-10-01 00:00:00+02:00,1689450.0,tenerife_pernoctaciones,Santa Cruz Tenerife. Pernoctaciones. Total.
2004-11-01 00:00:00+01:00,1626653.0,tenerife_pernoctaciones,Santa Cruz Tenerife. Pernoctaciones. Total.
2004-12-01 00:00:00+01:00,1507501.0,tenerife_pernoctaciones,Santa Cruz Tenerife. Pernoctaciones. Total.
2005-01-01 00:00:00+01:00,1773925.0,tenerife_pernoctaciones,Santa Cruz Tenerife. Pernoctaciones. Total.
2005-02-01 00:00:00+01:00,1675928.0,tenerife_pernoctaciones,Santa Cruz Tenerife. Pernoctaciones. Total.
2005-03-01 00:00:00+01:00,1674120.0,tenerife_pernoctaciones,Santa Cruz Tenerife. Pernoctaciones. Total.
2005-04-01 00:00:00+02:00,1441069.0,tenerife_pernoctaciones,Santa Cruz Tenerife. Pernoctaciones. Total.
2005-05-01 00:00:00+02:00,1341375.0,tenerife_pernoctaciones,Santa Cruz Tenerife. Pernoctaciones. Total.
2005-06-01 00:00:00+02:00,1415330.0,tenerife_pernoctaciones,Santa Cruz Tenerife. Pernoctaciones. Total.
2005-07-01 00:00:00+02:00,1785668.0,tenerife_pernoctaciones,Santa Cruz Tenerife. Pernoctaciones. Total.
2005-08-01 00:00:00+02:00,2203581.0,tenerife_pernoctaciones,Santa Cruz Tenerife. Pernoctaciones. Total.
2005-09-01 00:00:00+02:00,1684034.0,tenerife_pernoctaciones,Santa Cruz Tenerife. Pernoctaciones. Total.
2005-10-01 00:00:00+02:00,1766136.0,tenerife_pernoctaciones,Santa Cruz Tenerife. Pernoctaciones. Total.
2005-11-01 00:00:00+01:00,1700141.0,tenerife_pernoctaciones,Santa Cruz Tenerife. Pernoctaciones. Total.
2005-12-01 00:00:00+01:00,1597946.0,tenerife_pernoctaciones,Santa Cruz Tenerife. Pernoctaciones. Total.
2006-01-01 00:00:00+01:00,1797305.0,tenerife_pernoctaciones,Santa Cruz Tenerife. Pernoctaciones. Total.
2006-02-01 00:00:00+01:00,1699812.0,tenerife_pernoctaciones,Santa Cruz Tenerife. Pernoctaciones. Total.
2006-03-01 00:00:00+01:00,1828298.0,tenerife_pernoctaciones,Santa Cruz Tenerife. Pernoctaciones. Total.
2006-04-01 00:00:00+02:00,1793836.0,tenerife_pernoctaciones,Santa Cruz Tenerife. Pernoctaciones. Total.
2006-05-01 00:00:00+02:00,1535213.0,tenerife_pernoctaciones,Santa Cruz Tenerife. Pernoctaciones. Total.
2006-06-01 00:00:00+02:00,1632793.0,tenerife_pernoctaciones,Santa Cruz Tenerife. Pernoctaciones. Total.
2006-07-01 00:00:00+02:00,2043527.0,tenerife_pernoctaciones,Santa Cruz Tenerife. Pernoctaciones. Total.
2006-08-01 00:00:00+02:00,2354265.0,tenerife_pernoctaciones,Santa Cruz Tenerife. Pernoctaciones. Total.
2006-09-01 00:00:00+02:00,1913723.0,tenerife_pernoctaciones,Santa Cruz Tenerife. Pernoctaciones. Total.
2006-10-01 00:00:00+02:00,1887756.0,tenerife_pernoctaciones,Santa Cruz Tenerife. Pernoctaciones. Total.
2006-11-01 00:00:00+01:00,1799130.0,tenerife_pernoctaciones,Santa Cruz Tenerife. Pernoctaciones. Total.
2006-12-01 00:00:00+01:00,1758211.0,tenerife_pernoctaciones,Santa Cruz Tenerife. Pernoctaciones. Total.
2007-01-01 00:00:00+01:00,1852351.0,tenerife_pernoctaciones,Santa Cruz Tenerife. Pernoctaciones. Total.
2007-02-01 00:00:00+01:00,1743744.0,tenerife_pernoctaciones,Santa Cruz Tenerife. Pernoctaciones. Total.
2007-03-01 00:00:00+01:00,1953939.0,tenerife_pernoctaciones,Santa Cruz Tenerife. Pernoctaciones. Total.
2007-04-01 00:00:00+02:00,1843155.0,tenerife_pernoctaciones,Santa Cruz Tenerife. Pernoctaciones. Total.
2007-05-01 00:00:00+02:00,1459291.0,tenerife_pernoctaciones,Santa Cruz Tenerife. Pernoctaciones. Total.
2007-06-01 00:00:00+02:00,1674670.0,tenerife_pernoctaciones,Santa Cruz Tenerife. Pernoctaciones. Total.
2007-07-01 00:00:00+02:00,2118699.0,tenerife_pernoctaciones,Santa Cruz Tenerife. Pernoctaciones. Total.
2007-08-01 00:00:00+02:00,2373699.0,tenerife_pernoctaciones,Santa Cruz Tenerife. Pernoctaciones. Total.
2007-09-01 00:00:00+02:00,1811657.0,tenerife_pernoctaciones,Santa Cruz Tenerife. Pernoctaciones. Total.
2007-10-01 00:00:00+02:00,1840784.0,tenerife_pernoctaciones,Santa Cruz Tenerife. Pernoctaciones. Total.
2007-11-01 00:00:00+01:00,1862118.0,tenerife_pernoctaciones,Santa Cruz Tenerife. Pernoctaciones. Total.
2007-12-01 00:00:00+01:00,1813861.0,tenerife_pernoctaciones,Santa Cruz Tenerife. Pernoctaciones. Total.
2008-01-01 00:00:00+01:00,1913765.0,tenerife_pernoctaciones,Santa Cruz Tenerife. Pernoctaciones. Total.
2008-02-01 00:00:00+01:00,1938525.0,tenerife_pernoctaciones,Santa Cruz Tenerife. Pernoctaciones. Total.
2008-03-01 00:00:00+01:00,2014920.0,tenerife_pernoctaciones,Santa Cruz Tenerife. Pernoctaciones. Total.
2008-04-01 00:00:00+02:00,1865923.0,tenerife_pernoctaciones,Santa Cruz Tenerife. Pernoctaciones. Total.
2008-05-01 00:00:00+02:00,1623356.0,tenerife_pernoctaciones,Santa Cruz Tenerife. Pernoctaciones. Total.
2008-06-01 00:00:00+02:00,1659037.0,tenerife_pernoctaciones,Santa Cruz Tenerife. Pernoctaciones. Total.
2008-07-01 00:00:00+02:00,2052965.0,tenerife_pernoctaciones,Santa Cruz Tenerife. Pernoctaciones. Total.
2008-08-01 00:00:00+02:00,2277238.0,tenerife_pernoctaciones,Santa Cruz Tenerife. Pernoctaciones. Total.
2008-09-01 00:00:00+02:00,1791281.0,tenerife_pernoctaciones,Santa Cruz Tenerife. Pernoctaciones. Total.
2008-10-01 00:00:00+02:00,1768251.0,tenerife_pernoctaciones,Santa Cruz Tenerife. Pernoctaciones. Total.
2008-11-01 00:00:00+01:00,1725442.0,tenerife_pernoctaciones,Santa Cruz Tenerife. Pernoctaciones. Total.
2008-12-01 00:00:00+01:00,1674918.0,tenerife_pernoctaciones,Santa Cruz Tenerife. Pernoctaciones. Total.
2009-01-01 00:00:00+01:00,1771720.0,tenerife_pernoctaciones,Santa Cruz Tenerife. Pernoctaciones. Total.
2009-02-01 00:00:00+01:00,1638562.0,tenerife_pernoctaciones,Santa Cruz Tenerife. Pernoctaciones. Total.
2009-03-01 00:00:00+01:00,1712080.0,tenerife_pernoctaciones,Santa Cruz Tenerife. Pernoctaciones. Total.
2009-04-01 00:00:00+02:00,1623427.0,tenerife_pernoctaciones,Santa Cruz Tenerife. Pernoctaciones. Total.
2009-05-01 00:00:00+02:00,1331259.0,tenerife_pernoctaciones,Santa Cruz Tenerife. Pernoctaciones. Total.
2009-06-01 00:00:00+02:00,1477298.0,tenerife_pernoctaciones,Santa Cruz Tenerife. Pernoctaciones. Total.
2009-07-01 00:00:00+02:00,1826940.0,tenerife_pernoctaciones,Santa Cruz Tenerife. Pernoctaciones. Total.
2009-08-01 00:00:00+02:00,2007213.0,tenerife_pernoctaciones,Santa Cruz Tenerife. Pernoctaciones. Total.
2009-09-01 00:00:00+02:00,1533075.0,tenerife_pernoctaciones,Santa Cruz Tenerife. Pernoctaciones. Total.
2009-10-01 00:00:00+02:00,1607576.0,tenerife_pernoctaciones,Santa Cruz Tenerife. Pernoctaciones. Total.
2009-11-01 00:00:00+01:00,1598533.0,tenerife_pernoctaciones,Santa Cruz Tenerife. Pernoctaciones. Total.
2009-12-01 00:00:00+01:00,1629629.0,tenerife_pernoctaciones,Santa Cruz Tenerife. Pernoctaciones. Total.
2010-01-01 00:00:00+01:00,1783847.0,tenerife_pernoctaciones,Santa Cruz Tenerife. Pernoctaciones. Total.
2010-02-01 00:00:00+01:00,1671168.0,tenerife_pernoctaciones,Santa Cruz Tenerife. Pernoctaciones. Total.
2010-03-01 00:00:00+01:00,1754012.0,tenerife_pernoctaciones,Santa Cruz Tenerife. Pernoctaciones. Total.
2010-04-01 00:00:00+02:00,1598677.0,tenerife_pernoctaciones,Santa Cruz Tenerife. Pernoctaciones. Total.
2010-05-01 00:00:00+02:00,1404695.0,tenerife_pernoctaciones,Santa Cruz Tenerife. Pernoctaciones. Total.
2010-06-01 00:00:00+02:00,1508872.0,tenerife_pernoctaciones,Santa Cruz Tenerife. Pernoctaciones. Total.
2010-07-01 00:00:00+02:00,1846003.0,tenerife_pernoctaciones,Santa Cruz Tenerife. Pernoctaciones. Total.
2010-08-01 00:00:00+02:00,2137972.0,tenerife_pernoctaciones,Santa Cruz Tenerife. Pernoctaciones. Total.
2010-09-01 00:00:00+02:00,1631716.0,tenerife_pernoctaciones,Santa Cruz Tenerife. Pernoctaciones. Total.
2010-10-01 00:00:00+02:00,1794772.0,tenerife_pernoctaciones,Santa Cruz Tenerife. Pernoctaciones. Total.
2010-11-01 00:00:00+01:00,1795832.0,tenerife_pernoctaciones,Santa Cruz Tenerife. Pernoctaciones. Total.
2010-12-01 00:00:00+01:00,1735079.0,tenerife_pernoctaciones,Santa Cruz Tenerife. Pernoctaciones. Total.
2011-01-01 00:00:00+01:00,1992728.0,tenerife_pernoctaciones,Santa Cruz Tenerife. Pernoctaciones. Total.
2011-02-01 00:00:00+01:00,1940937.0,tenerife_pernoctaciones,Santa Cruz Tenerife. Pernoctaciones. Total.
2011-03-01 00:00:00+01:00,2154995.0,tenerife_pernoctaciones,Santa Cruz Tenerife. Pernoctaciones. Total.
2011-04-01 00:00:00+02:00,1977316.0,tenerife_pernoctaciones,Santa Cruz Tenerife. Pernoctaciones. Total.
2011-05-01 00:00:00+02:00,1617643.0,tenerife_pernoctaciones,Santa Cruz Tenerife. Pernoctaciones. Total.
2011-06-01 00:00:00+02:00,1677988.0,tenerife_pernoctaciones,Santa Cruz Tenerife. Pernoctaciones. Total.
2011-07-01 00:00:00+02:00,2091818.0,tenerife_pernoctaciones,Santa Cruz Tenerife. Pernoctaciones. Total.
2011-08-01 00:00:00+02:00,2306995.0,tenerife_pernoctaciones,Santa Cruz Tenerife. Pernoctaciones. Total.
2011-09-01 00:00:00+02:00,1890678.0,tenerife_pernoctaciones,Santa Cruz Tenerife. Pernoctaciones. Total.
2011-10-01 00:00:00+02:00,1969565.0,tenerife_pernoctaciones,Santa Cruz Tenerife. Pernoctaciones. Total.
2011-11-01 00:00:00+01:00,1988084.0,tenerife_pernoctaciones,Santa Cruz Tenerife. Pernoctaciones. Total.
2011-12-01 00:00:00+01:00,1912140.0,tenerife_pernoctaciones,Santa Cruz Tenerife. Pernoctaciones. Total.
2012-01-01 00:00:00+01:00,2167675.0,tenerife_pernoctaciones,Santa Cruz Tenerife. Pernoctaciones. Total.
2012-02-01 00:00:00+01:00,2039819.0,tenerife_pernoctaciones,Santa Cruz Tenerife. Pernoctaciones. Total.
2012-03-01 00:00:00+01:00,2039643.0,tenerife_pernoctaciones,Santa Cruz Tenerife. Pernoctaciones. Total.
2012-04-01 00:00:00+02:00,1858345.0,tenerife_pernoctaciones,Santa Cruz Tenerife. Pernoctaciones. Total.
2012-05-01 00:00:00+02:00,1664170.0,tenerife_pernoctaciones,Santa Cruz Tenerife. Pernoctaciones. Total.
2012-06-01 00:00:00+02:00,1788480.0,tenerife_pernoctaciones,Santa Cruz Tenerife. Pernoctaciones. Total.
2012-07-01 00:00:00+02:00,2093353.0,tenerife_pernoctaciones,Santa Cruz Tenerife. Pernoctaciones. Total.
2012-08-01 00:00:00+02:00,2181893.0,tenerife_pernoctaciones,Santa Cruz Tenerife. Pernoctaciones. Total.
2012-09-01 00:00:00+02:00,1902942.0,tenerife_pernoctaciones,Santa Cruz Tenerife. Pernoctaciones. Total.
2012-10-01 00:00:00+02:00,1970625.0,tenerife_pernoctaciones,Santa Cruz Tenerife. Pernoctaciones. Total.
2012-11-01 00:00:00+01:00,1918352.0,tenerife_pernoctaciones,Santa Cruz Tenerife. Pernoctaciones. Total.
2012-12-01 00:00:00+01:00,1929558.0,tenerife_pernoctaciones,Santa Cruz Tenerife. Pernoctaciones. Total.
2013-01-01 00:00:00+01:00,2136568.0,tenerife_pernoctaciones,Santa Cruz Tenerife. Pernoctaciones. Total.
2013-02-01 00:00:00+01:00,1974713.0,tenerife_pernoctaciones,Santa Cruz Tenerife. Pernoctaciones. Total.
2013-03-01 00:00:00+01:00,2148650.0,tenerife_pernoctaciones,Santa Cruz Tenerife. Pernoctaciones. Total.
2013-04-01 00:00:00+02:00,1821315.0,tenerife_pernoctaciones,Santa Cruz Tenerife. Pernoctaciones. Total.
2013-05-01 00:00:00+02:00,1745838.0,tenerife_pernoctaciones,Santa Cruz Tenerife. Pernoctaciones. Total.
2013-06-01 00:00:00+02:00,1796554.0,tenerife_pernoctaciones,Santa Cruz Tenerife. Pernoctaciones. Total.
2013-07-01 00:00:00+02:00,2089608.0,tenerife_pernoctaciones,Santa Cruz Tenerife. Pernoctaciones. Total.
2013-08-01 00:00:00+02:00,2304519.0,tenerife_pernoctaciones,Santa Cruz Tenerife. Pernoctaciones. Total.
2013-09-01 00:00:00+02:00,1924965.0,tenerife_pernoctaciones,Santa Cruz Tenerife. Pernoctaciones. Total.
2013-10-01 00:00:00+02:00,2111461.0,tenerife_pernoctaciones,Santa Cruz Tenerife. Pernoctaciones. Total.
2013-11-01 00:00:00+01:00,2174283.0,tenerife_pernoctaciones,Santa Cruz Tenerife. Pernoctaciones. Total.
2013-12-01 00:00:00+01:00,2125041.0,tenerife_pernoctaciones,Santa Cruz Tenerife. Pernoctaciones. Total.
2014-01-01 00:00:00+01:00,2283008.0,tenerife_pernoctaciones,Santa Cruz Tenerife. Pernoctaciones. Total.
2014-02-01 00:00:00+01:00,2110158.0,tenerife_pernoctaciones,Santa Cruz Tenerife. Pernoctaciones. Total.
2014-03-01 00:00:00+01:00,2352717.0,tenerife_pernoctaciones,Santa Cruz Tenerife. Pernoctaciones. Total.
2014-04-01 00:00:00+02:00,1968243.0,tenerife_pernoctaciones,Santa Cruz Tenerife. Pernoctaciones. Total.
2014-05-01 00:00:00+02:00,1748388.0,tenerife_pernoctaciones,Santa Cruz Tenerife. Pernoctaciones. Total.
2014-06-01 00:00:00+02:00,1825986.0,tenerife_pernoctaciones,Santa Cruz Tenerife. Pernoctaciones. Total.
2014-07-01 00:00:00+02:00,2169287.0,tenerife_pernoctaciones,Santa Cruz Tenerife. Pernoctaciones. Total.
2014-08-01 00:00:00+02:00,2403907.0,tenerife_pernoctaciones,Santa Cruz Tenerife. Pernoctaciones. Total.
2014-09-01 00:00:00+02:00,1992972.0,tenerife_pernoctaciones,Santa Cruz Tenerife. Pernoctaciones. Total.
2014-10-01 00:00:00+02:00,2155226.0,tenerife_pernoctaciones,Santa Cruz Tenerife. Pernoctaciones. Total.
2014-11-01 00:00:00+01:00,2071664.0,tenerife_pernoctaciones,Santa Cruz Tenerife. Pernoctaciones. Total.
2014-12-01 00:00:00+01:00,2031457.0,tenerife_pernoctaciones,Santa Cruz Tenerife. Pernoctaciones. Total.
2015-01-01 00:00:00+01:00,2174510.0,tenerife_pernoctaciones,Santa Cruz Tenerife. Pernoctaciones. Total.
2015-02-01 00:00:00+01:00,2044412.0,tenerife_pernoctaciones,Santa Cruz Tenerife. Pernoctaciones. Total.
2015-03-01 00:00:00+01:00,2093942.0,tenerife_pernoctaciones,Santa Cruz Tenerife. Pernoctaciones. Total.
2015-04-01 00:00:00+02:00,1893333.0,tenerife_pernoctaciones,Santa Cruz Tenerife. Pernoctaciones. Total.
2015-05-01 00:00:00+02:00,1734033.0,tenerife_pernoctaciones,Santa Cruz Tenerife. Pernoctaciones. Total.
2015-06-01 00:00:00+02:00,1748993.0,tenerife_pernoctaciones,Santa Cruz Tenerife. Pernoctaciones. Total.
2015-07-01 00:00:00+02:00,2136822.0,tenerife_pernoctaciones,Santa Cruz Tenerife. Pernoctaciones. Total.
2015-08-01 00:00:00+02:00,2442637.0,tenerife_pernoctaciones,Santa Cruz Tenerife. Pernoctaciones. Total.
2015-09-01 00:00:00+02:00,1992703.0,tenerife_pernoctaciones,Santa Cruz Tenerife. Pernoctaciones. Total.
2015-10-01 00:00:00+02:00,2105278.0,tenerife_pernoctaciones,Santa Cruz Tenerife. Pernoctaciones. Total.
2015-11-01 00:00:00+01:00,2076145.0,tenerife_pernoctaciones,Santa Cruz Tenerife. Pernoctaciones. Total.
2015-12-01 00:00:00+01:00,2046521.0,tenerife_pernoctaciones,Santa Cruz Tenerife. Pernoctaciones. Total.
2016-01-01 00:00:00+01:00,2190112.0,tenerife_pernoctaciones,Santa Cruz Tenerife. Pernoctaciones. Total.
2016-02-01 00:00:00+01:00,2162250.0,tenerife_pernoctaciones,Santa Cruz Tenerife. Pernoctaciones. Total.
2016-03-01 00:00:00+01:00,2299610.0,tenerife_pernoctaciones,Santa Cruz Tenerife. Pernoctaciones. Total.
2016-04-01 00:00:00+02:00,2044535.0,tenerife_pernoctaciones,Santa Cruz Tenerife. Pernoctaciones. Total.
2016-05-01 00:00:00+02:00,1952355.0,tenerife_pernoctaciones,Santa Cruz Tenerife. Pernoctaciones. Total.
2016-06-01 00:00:00+02:00,2031549.0,tenerife_pernoctaciones,Santa Cruz Tenerife. Pernoctaciones. Total.
2016-07-01 00:00:00+02:00,2465037.0,tenerife_pernoctaciones,Santa Cruz Tenerife. Pernoctaciones. Total.
2016-08-01 00:00:00+02:00,2633413.0,tenerife_pernoctaciones,Santa Cruz Tenerife. Pernoctaciones. Total.
2016-09-01 00:00:00+02:00,2190613.0,tenerife_pernoctaciones,Santa Cruz Tenerife. Pernoctaciones. Total.
2016-10-01 00:00:00+02:00,2285024.0,tenerife_pernoctaciones,Santa Cruz Tenerife. Pernoctaciones. Total.
2016-11-01 00:00:00+01:00,2191980.0,tenerife_pernoctaciones,Santa Cruz Tenerife. Pernoctaciones. Total.
2016-12-01 00:00:00+01:00,2209625.0,tenerife_pernoctaciones,Santa Cruz Tenerife. Pernoctaciones. Total.
2017-01-01 00:00:00+01:00,2299957.0,tenerife_pernoctaciones,Santa Cruz Tenerife. Pernoctaciones. Total.
2017-02-01 00:00:00+01:00,2158838.0,tenerife_pernoctaciones,Santa Cruz Tenerife. Pernoctaciones. Total.
2017-03-01 00:00:00+01:00,2219765.0,tenerife_pernoctaciones,Santa Cruz Tenerife. Pernoctaciones. Total.
2017-04-01 00:00:00+02:00,2221620.0,tenerife_pernoctaciones,Santa Cruz Tenerife. Pernoctaciones. Total.
2017-05-01 00:00:00+02:00,1982729.0,tenerife_pernoctaciones,Santa Cruz Tenerife. Pernoctaciones. Total.
2017-06-01 00:00:00+02:00,2091336.0,tenerife_pernoctaciones,Santa Cruz Tenerife. Pernoctaciones. Total.
2017-07-01 00:00:00+02:00,2490513.0,tenerife_pernoctaciones,Santa Cruz Tenerife. Pernoctaciones. Total.
2017-08-01 00:00:00+02:00,2568110.0,tenerife_pernoctaciones,Santa Cruz Tenerife. Pernoctaciones. Total.
2017-09-01 00:00:00+02:00,2189033.0,tenerife_pernoctaciones,Santa Cruz Tenerife. Pernoctaciones. Total.
2017-10-01 00:00:00+02:00,2273555.0,tenerife_pernoctaciones,Santa Cruz Tenerife. Pernoctaciones. Total.
2017-11-01 00:00:00+01:00,2161136.0,tenerife_pernoctaciones,Santa Cruz Tenerife. Pernoctaciones. Total.
2017-12-01 00:00:00+01:00,2062766.0,tenerife_pernoctaciones,Santa Cruz Tenerife. Pernoctaciones. Total.
2018-01-01 00:00:00+01:00,2208588.0,tenerife_pernoctaciones,Santa Cruz Tenerife. Pernoctaciones. Total.
2018-02-01 00:00:00+01:00,2068064.0,tenerife_pernoctaciones,Santa Cruz Tenerife. Pernoctaciones. Total.
2018-03-01 00:00:00+01:00,2222842.0,tenerife_pernoctaciones,Santa Cruz Tenerife. Pernoctaciones. Total.
2018-04-01 00:00:00+02:00,2055105.0,tenerife_pernoctaciones,Santa Cruz Tenerife. Pernoctaciones. Total.
2018-05-01 00:00:00+02:00,1953223.0,tenerife_pernoctaciones,Santa Cruz Tenerife. Pernoctaciones. Total.
2018-06-01 00:00:00+02:00,2062573.0,tenerife_pernoctaciones,Santa Cruz Tenerife. Pernoctaciones. Total.
2018-07-01 00:00:00+02:00,2385856.0,tenerife_pernoctaciones,Santa Cruz Tenerife. Pernoctaciones. Total.
2018-08-01 00:00:00+02:00,2557284.0,tenerife_pernoctaciones,Santa Cruz Tenerife. Pernoctaciones. Total.
2018-09-01 00:00:00+02:00,2209783.0,tenerife_pernoctaciones,Santa Cruz Tenerife. Pernoctaciones. Total.
2018-10-01 00:00:00+02:00,2318844.0,tenerife_pernoctaciones,Santa Cruz Tenerife. Pernoctaciones. Total.
2018-11-01 00:00:00+01:00,2140764.0,tenerife_pernoctaciones,Santa Cruz Tenerife. Pernoctaciones. Total.
2018-12-01 00:00:00+01:00,2149091.0,tenerife_pernoctaciones,Santa Cruz Tenerife. Pernoctaciones. Total.
2019-01-01 00:00:00+01:00,2269417.0,tenerife_pernoctaciones,Santa Cruz Tenerife. Pernoctaciones. Total.
2019-02-01 00:00:00+01:00,2086522.0,tenerife_pernoctaciones,Santa Cruz Tenerife. Pernoctaciones. Total.
2019-03-01 00:00:00+01:00,2272227.0,tenerife_pernoctaciones,Santa Cruz Tenerife. Pernoctaciones. Total.
2019-04-01 00:00:00+02:00,2150349.0,tenerife_pernoctaciones,Santa Cruz Tenerife. Pernoctaciones. Total.
2019-05-01 00:00:00+02:00,1967500.0,tenerife_pernoctaciones,Santa Cruz Tenerife. Pernoctaciones. Total.
2019-06-01 00:00:00+02:00,2140725.0,tenerife_pernoctaciones,Santa Cruz Tenerife. Pernoctaciones. Total.
2019-07-01 00:00:00+02:00,2454130.0,tenerife_pernoctaciones,Santa Cruz Tenerife. Pernoctaciones. Total.
2019-08-01 00:00:00+02:00,2609504.0,tenerife_pernoctaciones,Santa Cruz Tenerife. Pernoctaciones. Total.
2019-09-01 00:00:00+02:00,2232229.0,tenerife_pernoctaciones,Santa Cruz Tenerife. Pernoctaciones. Total.
2019-10-01 00:00:00+02:00,2257445.0,tenerife_pernoctaciones,Santa Cruz Tenerife. Pernoctaciones. Total.
2019-11-01 00:00:00+01:00,2189286.0,tenerife_pernoctaciones,Santa Cruz Tenerife. Pernoctaciones. Total.
2019-12-01 00:00:00+01:00,2190736.0,tenerife_pernoctaciones,Santa Cruz Tenerife. Pernoctaciones. Total.
2020-01-01 00:00:00+01:00,2288754.0,tenerife_pernoctaciones,Santa Cruz Tenerife. Pernoctaciones. Total.
2020-02-01 00:00:00+01:00,2174678.0,tenerife_pernoctaciones,Santa Cruz Tenerife. Pernoctaciones. Total.
2020-03-01 00:00:00+01:00,968339.0,tenerife_pernoctaciones,Santa Cruz Tenerife. Pernoctaciones. Total.
2020-04-01 00:00:00+02:00,0.0,tenerife_pernoctaciones,Santa Cruz Tenerife. Pernoctaciones. Total.
2020-05-01 00:00:00+02:00,857.0,tenerife_pernoctaciones,Santa Cruz Tenerife. Pernoctaciones. Total.
2020-06-01 00:00:00+02:00,10089.0,tenerife_pernoctaciones,Santa Cruz Tenerife. Pernoctaciones. Total.
2020-07-01 00:00:00+02:00,314154.0,tenerife_pernoctaciones,Santa Cruz Tenerife. Pernoctaciones. Total.
2020-08-01 00:00:00+02:00,627488.0,tenerife_pernoctaciones,Santa Cruz Tenerife. Pernoctaciones. Total.
2020-09-01 00:00:00+02:00,397569.0,tenerife_pernoctaciones,Santa Cruz Tenerife. Pernoctaciones. Total.
2020-10-01 00:00:00+02:00,294379.0,tenerife_pernoctaciones,Santa Cruz Tenerife. Pernoctaciones. Total.
2020-11-01 00:00:00+01:00,287507.0,tenerife_pernoctaciones,Santa Cruz Tenerife. Pernoctaciones. Total.
2020-12-01 00:00:00+01:00,343767.0,tenerife_pernoctaciones,Santa Cruz Tenerife. Pernoctaciones. Total.
2021-01-01 00:00:00+01:00,153785.0,tenerife_pernoctaciones,Santa Cruz Tenerife. Pernoctaciones. Total.
2021-02-01 00:00:00+01:00,164506.0,tenerife_pernoctaciones,Santa Cruz Tenerife. Pernoctaciones. Total.
2021-03-01 00:00:00+01:00,227464.0,tenerife_pernoctaciones,Santa Cruz Tenerife. Pernoctaciones. Total.
2021-04-01 00:00:00+02:00,257784.0,tenerife_pernoctaciones,Santa Cruz Tenerife. Pernoctaciones. Total.
2021-05-01 00:00:00+02:00,336571.0,tenerife_pernoctaciones,Santa Cruz Tenerife. Pernoctaciones. Total.
2021-06-01 00:00:00+02:00,500438.0,tenerife_pernoctaciones,Santa Cruz Tenerife. Pernoctaciones. Total.
2021-07-01 00:00:00+02:00,1016258.0,tenerife_pernoctaciones,Santa Cruz Tenerife. Pernoctaciones. Total.
2021-08-01 00:00:00+02:00,1605684.0,tenerife_pernoctaciones,Santa Cruz Tenerife. Pernoctaciones. Total.
2021-09-01 00:00:00+02:00,1521054.0,tenerife_pernoctaciones,Santa Cruz Tenerife. Pernoctaciones. Total.
2021-10-01 00:00:00+02:00,1917329.0,tenerife_pernoctaciones,Santa Cruz Tenerife. Pernoctaciones. Total.
2021-11-01 00:00:00+01:00,1907164.0,tenerife_pernoctaciones,Santa Cruz Tenerife. Pernoctaciones. Total.
2021-12-01 00:00:00+01:00,1690395.0,tenerife_pernoctaciones,Santa Cruz Tenerife. Pernoctaciones. Total.
2022-01-01 00:00:00+01:00,1545248.0,tenerife_pernoctaciones,Santa Cruz Tenerife. Pernoctaciones. Total.
2022-02-01 00:00:00+01:00,1787078.0,tenerife_pernoctaciones,Santa Cruz Tenerife. Pernoctaciones. Total.
2022-03-01 00:00:00+01:00,2097776.0,tenerife_pernoctaciones,Santa Cruz Tenerife. Pernoctaciones. Total.
2022-04-01 00:00:00+02:00,2125366.0,tenerife_pernoctaciones,Santa Cruz Tenerife. Pernoctaciones. Total.
2022-05-01 00:00:00+02:00,1925119.0,tenerife_pernoctaciones,Santa Cruz Tenerife. Pernoctaciones. Total.
2022-06-01 00:00:00+02:00,2028374.0,tenerife_pernoctaciones,Santa Cruz Tenerife. Pernoctaciones. Total.
2022-07-01 00:00:00+02:00,2287699.0,tenerife_pernoctaciones,Santa Cruz Tenerife. Pernoctaciones. Total.
2022-08-01 00:00:00+02:00,2515601.0,tenerife_pernoctaciones,Santa Cruz Tenerife. Pernoctaciones. Total.
2022-09-01 00:00:00+02:00,2143785.0,tenerife_pernoctaciones,Santa Cruz Tenerife. Pernoctaciones. Total.
2022-10-01 00:00:00+02:00,2273769.0,tenerife_pernoctaciones,Santa Cruz Tenerife. Pernoctaciones. Total.
2022-11-01 00:00:00+01:00,2197606.0,tenerife_pernoctaciones,Santa Cruz Tenerife. Pernoctaciones. Total.
2022-12-01 00:00:00+01:00,2241474.0,tenerife_pernoctaciones,Santa Cruz Tenerife. Pernoctaciones. Total.
2023-01-01 00:00:00+01:00,2254618.0,tenerife_pernoctaciones,Santa Cruz Tenerife. Pernoctaciones. Total.
2023-02-01 00:00:00+01:00,2159966.0,tenerife_pernoctaciones,Santa Cruz Tenerife. Pernoctaciones. Total.
2023-03-01 00:00:00+01:00,2239398.0,tenerife_pernoctaciones,Santa Cruz Tenerife. Pernoctaciones. Total.
2023-04-01 00:00:00+02:00,2153955.0,tenerife_pernoctaciones,Santa Cruz Tenerife. Pernoctaciones. Total.
2023-05-01 00:00:00+02:00,2012851.0,tenerife_pernoctaciones,Santa Cruz Tenerife. Pernoctaciones. Total.
2023-06-01 00:00:00+02:00,2083895.0,tenerife_pernoctaciones,Santa Cruz Tenerife. Pernoctaciones. Total.
2023-07-01 00:00:00+02:00,2361808.0,tenerife_pernoctaciones,Santa Cruz Tenerife. Pernoctaciones. Total.
2023-08-01 00:00:00+02:00,2427483.0,tenerife_pernoctaciones,Santa Cruz Tenerife. Pernoctaciones. Total.
2023-09-01 00:00:00+02:00,2190584.0,tenerife_pernoctaciones,Santa Cruz Tenerife. Pernoctaciones. Total.
2023-10-01 00:00:00+02:00,2346239.0,tenerife_pernoctaciones,Santa Cruz Tenerife. Pernoctaciones. Total.
2023-11-01 00:00:00+01:00,2294341.0,tenerife_pernoctaciones,Santa Cruz Tenerife. Pernoctaciones. Total.
2023-12-01 00:00:00+01:00,2250713.0,tenerife_pernoctaciones,Santa Cruz Tenerife. Pernoctaciones. Total.
2024-01-01 00:00:00+01:00,2368093.0,tenerife_pernoctaciones,Santa Cruz Tenerife. Pernoctaciones. Total.
2024-02-01 00:00:00+01:00,2262932.0,tenerife_pernoctaciones,Santa Cruz Tenerife. Pernoctaciones. Total.
2024-03-01 00:00:00+01:00,2418836.0,tenerife_pernoctaciones,Santa Cruz Tenerife. Pernoctaciones. Total.
2024-04-01 00:00:00+02:00,2157475.0,tenerife_pernoctaciones,Santa Cruz Tenerife. Pernoctaciones. Total.
2024-05-01 00:00:00+02:00,2074160.0,tenerife_pernoctaciones,Santa Cruz Tenerife. Pernoctaciones. Total.
2024-06-01 00:00:00+02:00,2171323.0,tenerife_pernoctaciones,Santa Cruz Tenerife. Pernoctaciones. Total.
2024-07-01 00:00:00+02:00,2441798.0,tenerife_pernoctaciones,Santa Cruz Tenerife. Pernoctaciones. Total.
2024-08-01 00:00:00+02:00,2575836.0,tenerife_pernoctaciones,Santa Cruz Tenerife. Pernoctaciones. Total.
2024-09-01 00:00:00+02:00,2263017.0,tenerife_pernoctaciones,Santa Cruz Tenerife. Pernoctaciones. Total.
2024-10-01 00:00:00+02:00,2404761.0,tenerife_pernoctaciones,Santa Cruz Tenerife. Pernoctaciones. Total.
2024-11-01 00:00:00+01:00,2310312.0,tenerife_pernoctaciones,Santa Cruz Tenerife. Pernoctaciones. Total.
2024-12-01 00:00:00+01:00,2286347.0,tenerife_pernoctaciones,Santa Cruz Tenerife. Pernoctaciones. Total.
2025-01-01 00:00:00+01:00,2422582.0,tenerife_pernoctaciones,Santa Cruz Tenerife. Pernoctaciones. Total.
2025-02-01 00:00:00+01:00,2284063.0,tenerife_pernoctaciones,Santa Cruz Tenerife. Pernoctaciones. Total.
2025-03-01 00:00:00+01:00,2312420.0,tenerife_pernoctaciones,Santa Cruz Tenerife. Pernoctaciones. Total.
2025-04-01 00:00:00+02:00,2184901.0,tenerife_pernoctaciones,Santa Cruz Tenerife. Pernoctaciones. Total.
2025-05-01 00:00:00+02:00,2070213.0,tenerife_pernoctaciones,Santa Cruz Tenerife. Pernoctaciones. Total.
2025-06-01 00:00:00+02:00,2172704.0,tenerife_pernoctaciones,Santa Cruz Tenerife. Pernoctaciones. Total.
2025-07-01 00:00:00+02:00,2477587.0,tenerife_pernoctaciones,Santa Cruz Tenerife. Pernoctaciones. Total.
2025-08-01 00:00:00+02:00,2629820.0,tenerife_pernoctaciones,Santa Cruz Tenerife. Pernoctaciones. Total.
2025-09-01 00:00:00+02:00,2169638.0,tenerife_pernoctaciones,Santa Cruz Tenerife. Pernoctaciones. Total.
2025-10-01 00:00:00+02:00,2410701.0,tenerife_pernoctaciones,Santa Cruz Tenerife. Pernoctaciones. Total.
2025-11-01 00:00:00+01:00,2298350.0,tenerife_pernoctaciones,Santa Cruz Tenerife. Pernoctaciones. Total.
2025-12-01 00:00:00+01:00,2240355.0,tenerife_pernoctaciones,Santa Cruz Tenerife. Pernoctaciones. Total.
2026-01-01 00:00:00+01:00,2370626.0,tenerife_pernoctaciones,Santa Cruz Tenerife. Pernoctaciones. Total.
2026-02-01 00:00:00+01:00,2331843.0,tenerife_pernoctaciones,Santa Cruz Tenerife. Pernoctaciones. Total.
2026-03-01 00:00:00+01:00,2369327.0,tenerife_pernoctaciones,Santa Cruz Tenerife. Pernoctaciones. Total.
2026-04-01 00:00:00+02:00,2068927.0,tenerife_pernoctaciones,Santa Cruz Tenerife. Pernoctaciones. Total.
2026-05-01 00:00:00+02:00,2085099.0,tenerife_pernoctaciones,Santa Cruz Tenerife. Pernoctaciones. Total.
